direction,direction_name,task,task_display_name,task_name,family,relationship,primary_direction,metric_name,minimal_metric,neural_mlp_metric,better_baseline,why,current_limit
C,Egocentric Vision & Interaction,timeline_action,Action Recognition,Timeline action recognition,supervised,direct,C,macro-F1,0.05,0.0148148148148,minimal,Reads egocentric sensor state as the current human action; also provides a weak human-motion readout.,Chronological single-episode split creates unseen future action classes.
A,Human Modeling & Motion Understanding,timeline_action,Action Recognition,Timeline action recognition,supervised,proxy,C,macro-F1,0.05,0.0148148148148,minimal,Reads egocentric sensor state as the current human action; also provides a weak human-motion readout.,Chronological single-episode split creates unseen future action classes.
C,Egocentric Vision & Interaction,timeline_subtask,Procedure Step Recognition,Timeline subtask recognition,supervised,direct,C,macro-F1,0.0505635551385,0.0281081081081,minimal,Segments egocentric task state and provides a first proxy for symbolic world/task state.,Single-episode ordering makes future subtasks hard to generalize.
D,Scene Reconstruction & World Modeling,timeline_subtask,Procedure Step Recognition,Timeline subtask recognition,supervised,proxy,C,macro-F1,0.0505635551385,0.0281081081081,minimal,Segments egocentric task state and provides a first proxy for symbolic world/task state.,Single-episode ordering makes future subtasks hard to generalize.
C,Egocentric Vision & Interaction,transition_detection,Action Boundary Detection,Action transition detection,diagnostic,direct,C,macro-F1,0.611823759063,0.586206896552,minimal,Localizes egocentric task boundaries and diagnoses temporal state changes.,"Boundary class is sparse, so accuracy alone is misleading."
D,Scene Reconstruction & World Modeling,transition_detection,Action Boundary Detection,Action transition detection,diagnostic,diagnostic,C,macro-F1,0.611823759063,0.586206896552,minimal,Localizes egocentric task boundaries and diagnoses temporal state changes.,"Boundary class is sparse, so accuracy alone is misleading."
C,Egocentric Vision & Interaction,next_action,Next-Action Prediction,Short-horizon next action,supervised,direct,C,macro-F1,0.0592592592593,0.0418604651163,minimal,Tests action intention/task-flow prediction from egocentric context.,Unseen future labels dominate the single-episode chronological test.
D,Scene Reconstruction & World Modeling,next_action,Next-Action Prediction,Short-horizon next action,supervised,proxy,C,macro-F1,0.0592592592593,0.0418604651163,minimal,Tests action intention/task-flow prediction from egocentric context.,Unseen future labels dominate the single-episode chronological test.
A,Human Modeling & Motion Understanding,hand_trajectory_forecast,Hand Trajectory Forecasting,Hand trajectory forecasting,forecast,direct,A,MPJPE,0.864657044411,0.107850186527,neural_mlp,Directly predicts human hand motion and supports hand-object interaction modeling.,Forecasting is window-level and not yet a full sequence or policy model.
C,Egocentric Vision & Interaction,hand_trajectory_forecast,Hand Trajectory Forecasting,Hand trajectory forecasting,forecast,proxy,A,MPJPE,0.864657044411,0.107850186527,neural_mlp,Directly predicts human hand motion and supports hand-object interaction modeling.,Forecasting is window-level and not yet a full sequence or policy model.
A,Human Modeling & Motion Understanding,contact_prediction,Contact State Prediction,Body/object contact prediction,supervised,direct,A,macro-F1,1,1,tie,"Targets physical interaction state, a core affordance and manipulation signal.",The public sample is degenerate for this target because one class dominates.
C,Egocentric Vision & Interaction,contact_prediction,Contact State Prediction,Body/object contact prediction,supervised,proxy,A,macro-F1,1,1,tie,"Targets physical interaction state, a core affordance and manipulation signal.",The public sample is degenerate for this target because one class dominates.
C,Egocentric Vision & Interaction,object_relevance,Object Relevance Prediction,Relevant object set prediction,supervised,direct,C,micro-F1,0.180343820954,0.167927927928,minimal,Connects egocentric activity to manipulated objects and early object-centric state.,Object labels are language-derived and sparse in one episode.
A,Human Modeling & Motion Understanding,object_relevance,Object Relevance Prediction,Relevant object set prediction,supervised,proxy,C,micro-F1,0.180343820954,0.167927927928,minimal,Connects egocentric activity to manipulated objects and early object-centric state.,Object labels are language-derived and sparse in one episode.
D,Scene Reconstruction & World Modeling,object_relevance,Object Relevance Prediction,Relevant object set prediction,supervised,proxy,C,micro-F1,0.180343820954,0.167927927928,minimal,Connects egocentric activity to manipulated objects and early object-centric state.,Object labels are language-derived and sparse in one episode.
C,Egocentric Vision & Interaction,caption_grounding,Language Grounding,Caption-to-window grounding,retrieval,direct,C,MRR,0.0160234790503,0.0168412556713,neural_mlp,Grounds language annotation into egocentric sensor time and task state.,Bag-of-objects language features are too weak for rich grounding.
D,Scene Reconstruction & World Modeling,caption_grounding,Language Grounding,Caption-to-window grounding,retrieval,proxy,C,MRR,0.0160234790503,0.0168412556713,neural_mlp,Grounds language annotation into egocentric sensor time and task state.,Bag-of-objects language features are too weak for rich grounding.
C,Egocentric Vision & Interaction,cross_modal_retrieval,Cross-Modal Retrieval,Cross-modal retrieval,retrieval,diagnostic,C,MRR,0.26925966893,0.129997189865,minimal,"Tests whether synchronized modalities identify the same 4D moment, a prerequisite for reconstruction and world modeling.","Retrieval shows an alignment signal, not geometric reconstruction."
B,3D/4D Reconstruction & Neural Rendering,cross_modal_retrieval,Cross-Modal Retrieval,Cross-modal retrieval,retrieval,proxy,C,MRR,0.26925966893,0.129997189865,minimal,"Tests whether synchronized modalities identify the same 4D moment, a prerequisite for reconstruction and world modeling.","Retrieval shows an alignment signal, not geometric reconstruction."
D,Scene Reconstruction & World Modeling,cross_modal_retrieval,Cross-Modal Retrieval,Cross-modal retrieval,retrieval,proxy,C,MRR,0.26925966893,0.129997189865,minimal,"Tests whether synchronized modalities identify the same 4D moment, a prerequisite for reconstruction and world modeling.","Retrieval shows an alignment signal, not geometric reconstruction."
B,3D/4D Reconstruction & Neural Rendering,modality_reconstruction,Cross-Modal Reconstruction,Modality reconstruction,forecast,proxy,B,R2,-0.0152718989139,-0.0101714101342,neural_mlp,Predicts visual/depth state from non-target sensors as a weak reconstruction/world-model objective.,"Feature-vector reconstruction is not pixel, depth-map, mesh, NeRF, or Gaussian reconstruction."
D,Scene Reconstruction & World Modeling,modality_reconstruction,Cross-Modal Reconstruction,Modality reconstruction,forecast,proxy,B,R2,-0.0152718989139,-0.0101714101342,neural_mlp,Predicts visual/depth state from non-target sensors as a weak reconstruction/world-model objective.,"Feature-vector reconstruction is not pixel, depth-map, mesh, NeRF, or Gaussian reconstruction."
C,Egocentric Vision & Interaction,temporal_order,Temporal Order Verification,Temporal order verification,diagnostic,diagnostic,C,F1,0.53995157385,0.85201793722,neural_mlp,Checks whether features encode local time direction and task progression.,"Only local adjacent ordering, not long-horizon causal modeling."
D,Scene Reconstruction & World Modeling,temporal_order,Temporal Order Verification,Temporal order verification,diagnostic,diagnostic,C,F1,0.53995157385,0.85201793722,neural_mlp,Checks whether features encode local time direction and task progression.,"Only local adjacent ordering, not long-horizon causal modeling."
C,Egocentric Vision & Interaction,misalignment_detection,Multimodal Synchronization Detection,Cross-modal misalignment detection,diagnostic,diagnostic,C,F1,0.505169867061,0.715268225585,neural_mlp,"Detects temporal desynchronization, a key data-quality gate for multimodal reconstruction and world models.",Synthetic shifts diagnose alignment but do not solve calibration or mapping.
B,3D/4D Reconstruction & Neural Rendering,misalignment_detection,Multimodal Synchronization Detection,Cross-modal misalignment detection,diagnostic,diagnostic,C,F1,0.505169867061,0.715268225585,neural_mlp,"Detects temporal desynchronization, a key data-quality gate for multimodal reconstruction and world models.",Synthetic shifts diagnose alignment but do not solve calibration or mapping.
D,Scene Reconstruction & World Modeling,misalignment_detection,Multimodal Synchronization Detection,Cross-modal misalignment detection,diagnostic,diagnostic,C,F1,0.505169867061,0.715268225585,neural_mlp,"Detects temporal desynchronization, a key data-quality gate for multimodal reconstruction and world models.",Synthetic shifts diagnose alignment but do not solve calibration or mapping.
C,Egocentric Vision & Interaction,long_horizon_next_action,Long-Horizon Next-Action Forecasting,Long-horizon next-action forecasting,classification,direct,C,macro-F1,0.075,0.0654545454545,minimal,"Extends short-horizon intention prediction into longer activity futures, a key egocentric and world-model signal.","Evaluated from sample-supported future labels, not full open-world action generation."
D,Scene Reconstruction & World Modeling,long_horizon_next_action,Long-Horizon Next-Action Forecasting,Long-horizon next-action forecasting,classification,proxy,C,macro-F1,0.075,0.0654545454545,minimal,"Extends short-horizon intention prediction into longer activity futures, a key egocentric and world-model signal.","Evaluated from sample-supported future labels, not full open-world action generation."
C,Egocentric Vision & Interaction,next_subtask_forecast,Long-Horizon Next-Subtask Forecasting,Long-horizon next-subtask forecasting,classification,direct,C,macro-F1,0.0454545454545,0.0507246376812,neural_mlp,Measures whether the model can anticipate the next procedural phase rather than only the current frame state.,Subtask labels are constrained to the available annotation vocabulary.
D,Scene Reconstruction & World Modeling,next_subtask_forecast,Long-Horizon Next-Subtask Forecasting,Long-horizon next-subtask forecasting,classification,proxy,C,macro-F1,0.0454545454545,0.0507246376812,neural_mlp,Measures whether the model can anticipate the next procedural phase rather than only the current frame state.,Subtask labels are constrained to the available annotation vocabulary.
C,Egocentric Vision & Interaction,interaction_text_prediction,Interaction Text Prediction,Interaction text prediction,classification,direct,C,macro-F1,0.0444444444444,0.0380952380952,minimal,Connects egocentric observations to the natural-language interaction semantics carried by the annotation.,Public derived features retain hashed text targets; raw full text requires the official annotation source.
A,Human Modeling & Motion Understanding,interaction_text_prediction,Interaction Text Prediction,Interaction text prediction,classification,proxy,C,macro-F1,0.0444444444444,0.0380952380952,minimal,Connects egocentric observations to the natural-language interaction semantics carried by the annotation.,Public derived features retain hashed text targets; raw full text requires the official annotation source.
C,Egocentric Vision & Interaction,action_object_relation,Action-Object Relation Prediction,Action-object relation prediction,classification,direct,C,macro-F1,0,0,tie,Tests whether action recognition and object state are connected as a relational interaction representation.,Relation labels are derived from the public-sample annotation scope.
D,Scene Reconstruction & World Modeling,action_object_relation,Action-Object Relation Prediction,Action-object relation prediction,classification,proxy,C,macro-F1,0,0,tie,Tests whether action recognition and object state are connected as a relational interaction representation.,Relation labels are derived from the public-sample annotation scope.
D,Scene Reconstruction & World Modeling,object_set_forecast,Future Object-Set Forecasting,Future object-set forecasting,multi-label,direct,D,micro-F1,0.169398907104,0.197183098592,neural_mlp,Asks whether the current scene state supports predicting which objects will matter later.,"This is a set-level proxy, not a persistent 3D scene graph."
C,Egocentric Vision & Interaction,object_set_forecast,Future Object-Set Forecasting,Future object-set forecasting,multi-label,proxy,D,micro-F1,0.169398907104,0.197183098592,neural_mlp,Asks whether the current scene state supports predicting which objects will matter later.,"This is a set-level proxy, not a persistent 3D scene graph."
A,Human Modeling & Motion Understanding,imu_to_hand_pose,IMU-to-Hand Pose Reconstruction,IMU-to-hand pose reconstruction,regression,direct,A,MAE,0.042049407959,0.0425621494651,minimal,Measures human-motion reconstruction from wearable and motion cues.,Pose reconstruction is window-level and does not yet fit a full parametric hand/body model.
B,3D/4D Reconstruction & Neural Rendering,imu_to_hand_pose,IMU-to-Hand Pose Reconstruction,IMU-to-hand pose reconstruction,regression,proxy,A,MAE,0.042049407959,0.0425621494651,minimal,Measures human-motion reconstruction from wearable and motion cues.,Pose reconstruction is window-level and does not yet fit a full parametric hand/body model.
B,3D/4D Reconstruction & Neural Rendering,camera_view_sync_retrieval,Camera-View Synchronization Retrieval,Camera-view synchronization retrieval,retrieval,direct,B,MRR,0.494300484657,0.240866586566,minimal,Tests whether synchronized multi-view structure is recoverable across camera streams.,Retrieval checks view consistency but does not reconstruct geometry by itself.
D,Scene Reconstruction & World Modeling,camera_view_sync_retrieval,Camera-View Synchronization Retrieval,Camera-view synchronization retrieval,retrieval,proxy,B,MRR,0.494300484657,0.240866586566,minimal,Tests whether synchronized multi-view structure is recoverable across camera streams.,Retrieval checks view consistency but does not reconstruct geometry by itself.
C,Egocentric Vision & Interaction,time_to_transition,Time-to-Next-Transition Regression,Time-to-next-transition regression,regression,diagnostic,C,MAE frames,10.5373563766,10.5544939041,minimal,Measures temporal boundary awareness as a continuous timing target.,Regression is local to the annotated public sample timeline.
D,Scene Reconstruction & World Modeling,time_to_transition,Time-to-Next-Transition Regression,Time-to-next-transition regression,regression,diagnostic,C,MAE frames,10.5373563766,10.5544939041,minimal,Measures temporal boundary awareness as a continuous timing target.,Regression is local to the annotated public sample timeline.
