id,split,episode_id,start_frame,true_action,pred_action,true_time_to_transition_frames,pred_time_to_transition_frames,absolute_error_frames
8a8e1b3c-607e-4ada-b3fd-fa639727e92c__ep1:qa:0,test,8a8e1b3c-607e-4ada-b3fd-fa639727e92c__ep1,0,Hold smartphone,Pick up and place canned goods on shelf,200.0,200.0,0.0
8a8e1b3c-607e-4ada-b3fd-fa639727e92c__ep1:qa:20,test,8a8e1b3c-607e-4ada-b3fd-fa639727e92c__ep1,400,Use smartphone,Browsing smartphone content,200.0,200.0,0.0
8a8e1b3c-607e-4ada-b3fd-fa639727e92c__ep1:qa:46,test,8a8e1b3c-607e-4ada-b3fd-fa639727e92c__ep1,920,Place smartphone on stand,Place item on shelf,80.0,200.0,120.0
8a8e1b3c-607e-4ada-b3fd-fa639727e92c__ep1:qa:50,test,8a8e1b3c-607e-4ada-b3fd-fa639727e92c__ep1,1000,Pick up dustpan,Place item on shelf,200.0,200.0,0.0
8a8e1b3c-607e-4ada-b3fd-fa639727e92c__ep1:qa:62,test,8a8e1b3c-607e-4ada-b3fd-fa639727e92c__ep1,1240,Move dustpan to side,Approaching the table,160.0,160.0,0.0
8a8e1b3c-607e-4ada-b3fd-fa639727e92c__ep1:qa:70,test,8a8e1b3c-607e-4ada-b3fd-fa639727e92c__ep1,1400,Hold container lid,Approach packing area,200.0,20.0,180.0
8a8e1b3c-607e-4ada-b3fd-fa639727e92c__ep1:qa:71,test,8a8e1b3c-607e-4ada-b3fd-fa639727e92c__ep1,1420,Hold container lid,Approach restocking supplies,200.0,200.0,0.0
8a8e1b3c-607e-4ada-b3fd-fa639727e92c__ep1:qa:90,test,8a8e1b3c-607e-4ada-b3fd-fa639727e92c__ep1,1800,Move towards the stove,Adjust Mahjong tile,200.0,200.0,0.0
8a8e1b3c-607e-4ada-b3fd-fa639727e92c__ep1:qa:100,test,8a8e1b3c-607e-4ada-b3fd-fa639727e92c__ep1,2000,Open stove pot lid,Browsing smartphone content,200.0,200.0,0.0
8a8e1b3c-607e-4ada-b3fd-fa639727e92c__ep1:qa:120,test,8a8e1b3c-607e-4ada-b3fd-fa639727e92c__ep1,2400,Walking towards door,Browsing smartphone content,120.0,120.0,0.0
8a8e1b3c-607e-4ada-b3fd-fa639727e92c__ep1:qa:126,test,8a8e1b3c-607e-4ada-b3fd-fa639727e92c__ep1,2520,Closing the door,Approach packing area,160.0,160.0,0.0
8a8e1b3c-607e-4ada-b3fd-fa639727e92c__ep1:qa:127,test,8a8e1b3c-607e-4ada-b3fd-fa639727e92c__ep1,2540,Closing the door,Approach packing area,140.0,140.0,0.0
8a8e1b3c-607e-4ada-b3fd-fa639727e92c__ep1:qa:134,test,8a8e1b3c-607e-4ada-b3fd-fa639727e92c__ep1,2680,Picking up bottle,unknown,120.0,120.0,0.0
8a8e1b3c-607e-4ada-b3fd-fa639727e92c__ep1:qa:140,test,8a8e1b3c-607e-4ada-b3fd-fa639727e92c__ep1,2800,Wipe kitchen counter,Adjust Mahjong tile,200.0,200.0,0.0
8a8e1b3c-607e-4ada-b3fd-fa639727e92c__ep1:qa:150,test,8a8e1b3c-607e-4ada-b3fd-fa639727e92c__ep1,3000,Rinse cloth in sink,Approach table,120.0,120.0,0.0
8a8e1b3c-607e-4ada-b3fd-fa639727e92c__ep1:qa:156,test,8a8e1b3c-607e-4ada-b3fd-fa639727e92c__ep1,3120,Move towards kitchen area,unknown,200.0,200.0,0.0
8a8e1b3c-607e-4ada-b3fd-fa639727e92c__ep1:qa:166,test,8a8e1b3c-607e-4ada-b3fd-fa639727e92c__ep1,3320,Place cloth on floor,"{""action"":""unknown"",""subtask"":""unknown"",""objects"":[]/""contact"":""unknown"",""transition"":""unknown"",""next_action"":""unknown"",""evidence_window"":{""start_frame"":0,""end_frame"":0}}",80.0,80.0,0.0
8a8e1b3c-607e-4ada-b3fd-fa639727e92c__ep1:qa:170,test,8a8e1b3c-607e-4ada-b3fd-fa639727e92c__ep1,3400,Reach for cleaning supplies,Place item in container,200.0,200.0,0.0
8a8e1b3c-607e-4ada-b3fd-fa639727e92c__ep1:qa:184,test,8a8e1b3c-607e-4ada-b3fd-fa639727e92c__ep1,3680,Grasp cleaning bottle,Place item in container,160.0,20.0,140.0
8a8e1b3c-607e-4ada-b3fd-fa639727e92c__ep1:qa:185,test,8a8e1b3c-607e-4ada-b3fd-fa639727e92c__ep1,3700,Grasp cleaning bottle,Pick up canned food,140.0,140.0,0.0
8a8e1b3c-607e-4ada-b3fd-fa639727e92c__ep1:qa:192,test,8a8e1b3c-607e-4ada-b3fd-fa639727e92c__ep1,3840,Remove cleaning bottle,Adjusting items on the shelf,160.0,160.0,0.0
8a8e1b3c-607e-4ada-b3fd-fa639727e92c__ep1:qa:200,test,8a8e1b3c-607e-4ada-b3fd-fa639727e92c__ep1,4000,Washing hands in sink,Approach packing area,80.0,80.0,0.0
8a8e1b3c-607e-4ada-b3fd-fa639727e92c__ep1:qa:204,test,8a8e1b3c-607e-4ada-b3fd-fa639727e92c__ep1,4080,Grasping cleaning cloth,Wipe hands,160.0,20.0,140.0
8a8e1b3c-607e-4ada-b3fd-fa639727e92c__ep1:qa:205,test,8a8e1b3c-607e-4ada-b3fd-fa639727e92c__ep1,4100,Grasping cleaning cloth,Wipe kitchen counter,140.0,140.0,0.0
8a8e1b3c-607e-4ada-b3fd-fa639727e92c__ep1:qa:212,test,8a8e1b3c-607e-4ada-b3fd-fa639727e92c__ep1,4240,Wiping countertop,Pick up and place canned goods on shelf,160.0,160.0,0.0
8a8e1b3c-607e-4ada-b3fd-fa639727e92c__ep1:qa:220,test,8a8e1b3c-607e-4ada-b3fd-fa639727e92c__ep1,4400,Lift pot lid,"{""action"": ""Approach the stove"", ""subtask"": ""Approaching the stove"", ""objects"": [""stove"", ""pot"", ""kitchen counter"", ""utensils"", ""person"", ""window"", ""sink"", ""cabinet"", ""floor"", ""wall"", ""ceiling"", ""light"", ""fan"", ""plant"", ""bottle"", ""can"", ""box"", ""paper"", ""cloth"", ""tool"", ""device"", ""phone"",",80.0,80.0,0.0
8a8e1b3c-607e-4ada-b3fd-fa639727e92c__ep1:qa:224,test,8a8e1b3c-607e-4ada-b3fd-fa639727e92c__ep1,4480,Stir contents,Approach the stove,160.0,160.0,0.0
8a8e1b3c-607e-4ada-b3fd-fa639727e92c__ep1:qa:232,test,8a8e1b3c-607e-4ada-b3fd-fa639727e92c__ep1,4640,Place lid back,Place item on shelf,80.0,80.0,0.0
8a8e1b3c-607e-4ada-b3fd-fa639727e92c__ep1:qa:236,test,8a8e1b3c-607e-4ada-b3fd-fa639727e92c__ep1,4720,Adjust pot position,Pick up and place canned goods on shelf,80.0,20.0,60.0
8a8e1b3c-607e-4ada-b3fd-fa639727e92c__ep1:qa:237,test,8a8e1b3c-607e-4ada-b3fd-fa639727e92c__ep1,4740,Adjust pot position,Place item on shelf,60.0,140.0,80.0
8a8e1b3c-607e-4ada-b3fd-fa639727e92c__ep1:qa:240,test,8a8e1b3c-607e-4ada-b3fd-fa639727e92c__ep1,4800,Move pot,Place item on shelf,80.0,80.0,0.0
8a8e1b3c-607e-4ada-b3fd-fa639727e92c__ep1:qa:244,test,8a8e1b3c-607e-4ada-b3fd-fa639727e92c__ep1,4880,Place towel,Pick up and place canned goods on shelf,200.0,200.0,0.0
a1012a57-385e-45a9-8a59-694a26fe92a5__ep1:qa:0,test,a1012a57-385e-45a9-8a59-694a26fe92a5__ep1,0,Move phone,Browsing smartphone content,200.0,60.0,140.0
a1012a57-385e-45a9-8a59-694a26fe92a5__ep1:qa:1,test,a1012a57-385e-45a9-8a59-694a26fe92a5__ep1,20,Move phone,Browsing smartphone content,200.0,40.0,160.0
a1012a57-385e-45a9-8a59-694a26fe92a5__ep1:qa:2,test,a1012a57-385e-45a9-8a59-694a26fe92a5__ep1,40,Move phone,Browsing smartphone content,200.0,20.0,180.0
a1012a57-385e-45a9-8a59-694a26fe92a5__ep1:qa:3,test,a1012a57-385e-45a9-8a59-694a26fe92a5__ep1,60,Move phone,Adjust cardboard,180.0,40.0,140.0
a1012a57-385e-45a9-8a59-694a26fe92a5__ep1:qa:4,test,a1012a57-385e-45a9-8a59-694a26fe92a5__ep1,80,Move phone,Adjust cardboard,160.0,20.0,140.0
a1012a57-385e-45a9-8a59-694a26fe92a5__ep1:qa:5,test,a1012a57-385e-45a9-8a59-694a26fe92a5__ep1,100,Move phone,Browsing smartphone content,140.0,140.0,0.0
a1012a57-385e-45a9-8a59-694a26fe92a5__ep1:qa:6,test,a1012a57-385e-45a9-8a59-694a26fe92a5__ep1,120,Move phone,Browsing smartphone content,120.0,120.0,0.0
a1012a57-385e-45a9-8a59-694a26fe92a5__ep1:qa:12,test,a1012a57-385e-45a9-8a59-694a26fe92a5__ep1,240,Pick up utility knife,Adjust cardboard,120.0,20.0,100.0
a1012a57-385e-45a9-8a59-694a26fe92a5__ep1:qa:13,test,a1012a57-385e-45a9-8a59-694a26fe92a5__ep1,260,Pick up utility knife,Use phone,100.0,20.0,80.0
a1012a57-385e-45a9-8a59-694a26fe92a5__ep1:qa:14,test,a1012a57-385e-45a9-8a59-694a26fe92a5__ep1,280,Pick up utility knife,Approach packing area,80.0,40.0,40.0
a1012a57-385e-45a9-8a59-694a26fe92a5__ep1:qa:15,test,a1012a57-385e-45a9-8a59-694a26fe92a5__ep1,300,Pick up utility knife,Approach packing area,60.0,20.0,40.0
a1012a57-385e-45a9-8a59-694a26fe92a5__ep1:qa:16,test,a1012a57-385e-45a9-8a59-694a26fe92a5__ep1,320,Pick up utility knife,Adjust cardboard,40.0,40.0,0.0
a1012a57-385e-45a9-8a59-694a26fe92a5__ep1:qa:17,test,a1012a57-385e-45a9-8a59-694a26fe92a5__ep1,340,Pick up utility knife,Adjust cardboard,20.0,20.0,0.0
a1012a57-385e-45a9-8a59-694a26fe92a5__ep1:qa:18,test,a1012a57-385e-45a9-8a59-694a26fe92a5__ep1,360,Start cutting,Adjust cardboard position,40.0,40.0,0.0
a1012a57-385e-45a9-8a59-694a26fe92a5__ep1:qa:19,test,a1012a57-385e-45a9-8a59-694a26fe92a5__ep1,380,Start cutting,Adjust cardboard position,20.0,20.0,0.0
a1012a57-385e-45a9-8a59-694a26fe92a5__ep1:qa:20,test,a1012a57-385e-45a9-8a59-694a26fe92a5__ep1,400,Cut cardboard,Adjust cardboard,200.0,60.0,140.0
a1012a57-385e-45a9-8a59-694a26fe92a5__ep1:qa:21,test,a1012a57-385e-45a9-8a59-694a26fe92a5__ep1,420,Cut cardboard,Adjust cardboard,200.0,40.0,160.0
a1012a57-385e-45a9-8a59-694a26fe92a5__ep1:qa:22,test,a1012a57-385e-45a9-8a59-694a26fe92a5__ep1,440,Cut cardboard,Adjust cardboard,200.0,20.0,180.0
a1012a57-385e-45a9-8a59-694a26fe92a5__ep1:qa:23,test,a1012a57-385e-45a9-8a59-694a26fe92a5__ep1,460,Cut cardboard,Adjust cardboard position,200.0,60.0,140.0
a1012a57-385e-45a9-8a59-694a26fe92a5__ep1:qa:24,test,a1012a57-385e-45a9-8a59-694a26fe92a5__ep1,480,Cut cardboard,Adjust cardboard position,200.0,40.0,160.0
a1012a57-385e-45a9-8a59-694a26fe92a5__ep1:qa:25,test,a1012a57-385e-45a9-8a59-694a26fe92a5__ep1,500,Cut cardboard,Adjust cardboard position,200.0,20.0,180.0
a1012a57-385e-45a9-8a59-694a26fe92a5__ep1:qa:26,test,a1012a57-385e-45a9-8a59-694a26fe92a5__ep1,520,Cut cardboard,Carry cardboard piece,200.0,200.0,0.0
a1012a57-385e-45a9-8a59-694a26fe92a5__ep1:qa:250,test,a1012a57-385e-45a9-8a59-694a26fe92a5__ep1,5000,Cut along the marked line,Cut cardboard,200.0,40.0,160.0
a1012a57-385e-45a9-8a59-694a26fe92a5__ep1:qa:251,test,a1012a57-385e-45a9-8a59-694a26fe92a5__ep1,5020,Cut along the marked line,Cut cardboard,200.0,20.0,180.0
a1012a57-385e-45a9-8a59-694a26fe92a5__ep1:qa:252,test,a1012a57-385e-45a9-8a59-694a26fe92a5__ep1,5040,Cut along the marked line,Cut cardboard with utility knife,200.0,20.0,180.0
a1012a57-385e-45a9-8a59-694a26fe92a5__ep1:qa:253,test,a1012a57-385e-45a9-8a59-694a26fe92a5__ep1,5060,Cut along the marked line,Cut cardboard,200.0,40.0,160.0
a1012a57-385e-45a9-8a59-694a26fe92a5__ep1:qa:254,test,a1012a57-385e-45a9-8a59-694a26fe92a5__ep1,5080,Cut along the marked line,Cut cardboard,200.0,20.0,180.0
a1012a57-385e-45a9-8a59-694a26fe92a5__ep1:qa:255,test,a1012a57-385e-45a9-8a59-694a26fe92a5__ep1,5100,Cut along the marked line,Cut cardboard with utility knife,200.0,200.0,0.0
a1012a57-385e-45a9-8a59-694a26fe92a5__ep1:qa:256,test,a1012a57-385e-45a9-8a59-694a26fe92a5__ep1,5120,Cut along the marked line,Cut cardboard with utility knife,200.0,200.0,0.0
a1012a57-385e-45a9-8a59-694a26fe92a5__ep1:qa:294,test,a1012a57-385e-45a9-8a59-694a26fe92a5__ep1,5880,Reposition hand,Adjust cardboard,200.0,40.0,160.0
a1012a57-385e-45a9-8a59-694a26fe92a5__ep1:qa:295,test,a1012a57-385e-45a9-8a59-694a26fe92a5__ep1,5900,Reposition hand,Adjust cardboard,200.0,20.0,180.0
a1012a57-385e-45a9-8a59-694a26fe92a5__ep1:qa:296,test,a1012a57-385e-45a9-8a59-694a26fe92a5__ep1,5920,Reposition hand,Cut cardboard,200.0,200.0,0.0
33f7ae08-ac1d-4321-9cb9-eca79016b359__ep1:qa:0,test,33f7ae08-ac1d-4321-9cb9-eca79016b359__ep1,0,Observe and walk through store,unknown,200.0,20.0,180.0
33f7ae08-ac1d-4321-9cb9-eca79016b359__ep1:qa:1,test,33f7ae08-ac1d-4321-9cb9-eca79016b359__ep1,20,Observe and walk through store,Approaching the table,200.0,200.0,0.0
33f7ae08-ac1d-4321-9cb9-eca79016b359__ep1:qa:16,test,33f7ae08-ac1d-4321-9cb9-eca79016b359__ep1,320,Move to shelf,Adjusting items on shelf,80.0,20.0,60.0
33f7ae08-ac1d-4321-9cb9-eca79016b359__ep1:qa:17,test,33f7ae08-ac1d-4321-9cb9-eca79016b359__ep1,340,Move to shelf,Approach packing area,60.0,60.0,0.0
33f7ae08-ac1d-4321-9cb9-eca79016b359__ep1:qa:20,test,33f7ae08-ac1d-4321-9cb9-eca79016b359__ep1,400,Inspect shelf condition,Adjust cardboard divider,200.0,20.0,180.0
33f7ae08-ac1d-4321-9cb9-eca79016b359__ep1:qa:21,test,33f7ae08-ac1d-4321-9cb9-eca79016b359__ep1,420,Inspect shelf condition,Adjust position,200.0,200.0,0.0
33f7ae08-ac1d-4321-9cb9-eca79016b359__ep1:qa:46,test,33f7ae08-ac1d-4321-9cb9-eca79016b359__ep1,920,Observe colleague and workspace,Move along the shelf,80.0,20.0,60.0
33f7ae08-ac1d-4321-9cb9-eca79016b359__ep1:qa:47,test,33f7ae08-ac1d-4321-9cb9-eca79016b359__ep1,940,Observe colleague and workspace,Adjust position,60.0,60.0,0.0
33f7ae08-ac1d-4321-9cb9-eca79016b359__ep1:qa:50,test,33f7ae08-ac1d-4321-9cb9-eca79016b359__ep1,1000,Walk towards shelves,Adjusting items on shelf,160.0,160.0,0.0
33f7ae08-ac1d-4321-9cb9-eca79016b359__ep1:qa:58,test,33f7ae08-ac1d-4321-9cb9-eca79016b359__ep1,1160,Observe workspace,Approach packing area,120.0,20.0,100.0
33f7ae08-ac1d-4321-9cb9-eca79016b359__ep1:qa:59,test,33f7ae08-ac1d-4321-9cb9-eca79016b359__ep1,1180,Observe workspace,unknown,100.0,100.0,0.0
33f7ae08-ac1d-4321-9cb9-eca79016b359__ep1:qa:64,test,33f7ae08-ac1d-4321-9cb9-eca79016b359__ep1,1280,Approach boxes,Approach packing area,120.0,200.0,80.0
33f7ae08-ac1d-4321-9cb9-eca79016b359__ep1:qa:65,test,33f7ae08-ac1d-4321-9cb9-eca79016b359__ep1,1300,Approach boxes,Approach packing area,100.0,200.0,100.0
33f7ae08-ac1d-4321-9cb9-eca79016b359__ep1:qa:70,test,33f7ae08-ac1d-4321-9cb9-eca79016b359__ep1,1400,Reach for wire hangers,Approach packing area,120.0,120.0,0.0
33f7ae08-ac1d-4321-9cb9-eca79016b359__ep1:qa:76,test,33f7ae08-ac1d-4321-9cb9-eca79016b359__ep1,1520,Extract wire hangers from box,Adjust grip,200.0,20.0,180.0
33f7ae08-ac1d-4321-9cb9-eca79016b359__ep1:qa:77,test,33f7ae08-ac1d-4321-9cb9-eca79016b359__ep1,1540,Extract wire hangers from box,Adjust lantern string,200.0,200.0,0.0
33f7ae08-ac1d-4321-9cb9-eca79016b359__ep1:qa:100,test,33f7ae08-ac1d-4321-9cb9-eca79016b359__ep1,2000,Bundle display hooks,Adjust grip,200.0,20.0,180.0
33f7ae08-ac1d-4321-9cb9-eca79016b359__ep1:qa:101,test,33f7ae08-ac1d-4321-9cb9-eca79016b359__ep1,2020,Bundle display hooks,Approach packing area,200.0,200.0,0.0
33f7ae08-ac1d-4321-9cb9-eca79016b359__ep1:qa:126,test,33f7ae08-ac1d-4321-9cb9-eca79016b359__ep1,2520,Release hook,Adjust item on shelf,200.0,200.0,0.0
33f7ae08-ac1d-4321-9cb9-eca79016b359__ep1:qa:138,test,33f7ae08-ac1d-4321-9cb9-eca79016b359__ep1,2760,Walk towards other aisles,Adjusting items on shelf,40.0,60.0,20.0
33f7ae08-ac1d-4321-9cb9-eca79016b359__ep1:qa:140,test,33f7ae08-ac1d-4321-9cb9-eca79016b359__ep1,2800,Move through aisle,Adjusting items on shelf,200.0,20.0,180.0
33f7ae08-ac1d-4321-9cb9-eca79016b359__ep1:qa:141,test,33f7ae08-ac1d-4321-9cb9-eca79016b359__ep1,2820,Move through aisle,Approach packing area,180.0,180.0,0.0
33f7ae08-ac1d-4321-9cb9-eca79016b359__ep1:qa:150,test,33f7ae08-ac1d-4321-9cb9-eca79016b359__ep1,3000,Pick up items from the shopping bag,Adjusting items on shelf,200.0,20.0,180.0
33f7ae08-ac1d-4321-9cb9-eca79016b359__ep1:qa:151,test,33f7ae08-ac1d-4321-9cb9-eca79016b359__ep1,3020,Pick up items from the shopping bag,Approach packing area,200.0,200.0,0.0
33f7ae08-ac1d-4321-9cb9-eca79016b359__ep1:qa:164,test,33f7ae08-ac1d-4321-9cb9-eca79016b359__ep1,3280,Place items on the shelf,Place item on shelf,160.0,180.0,20.0
33f7ae08-ac1d-4321-9cb9-eca79016b359__ep1:qa:165,test,33f7ae08-ac1d-4321-9cb9-eca79016b359__ep1,3300,Place items on the shelf,Place item on shelf,140.0,160.0,20.0
33f7ae08-ac1d-4321-9cb9-eca79016b359__ep1:qa:172,test,33f7ae08-ac1d-4321-9cb9-eca79016b359__ep1,3440,Place item on shelf,Place item on shelf,200.0,20.0,180.0
33f7ae08-ac1d-4321-9cb9-eca79016b359__ep1:qa:173,test,33f7ae08-ac1d-4321-9cb9-eca79016b359__ep1,3460,Place item on shelf,Approach packing area,180.0,180.0,0.0
33f7ae08-ac1d-4321-9cb9-eca79016b359__ep1:qa:182,test,33f7ae08-ac1d-4321-9cb9-eca79016b359__ep1,3640,Adjust item on shelf,Place item on shelf,200.0,200.0,0.0
33f7ae08-ac1d-4321-9cb9-eca79016b359__ep1:qa:183,test,33f7ae08-ac1d-4321-9cb9-eca79016b359__ep1,3660,Adjust item on shelf,Place item on shelf,200.0,200.0,0.0
33f7ae08-ac1d-4321-9cb9-eca79016b359__ep1:qa:226,test,33f7ae08-ac1d-4321-9cb9-eca79016b359__ep1,4520,Reach for another item,Place item on shelf,200.0,200.0,0.0
33f7ae08-ac1d-4321-9cb9-eca79016b359__ep1:qa:244,test,33f7ae08-ac1d-4321-9cb9-eca79016b359__ep1,4880,Reach for next item,Place item on shelf,200.0,200.0,0.0
9c553886-83c5-4dc4-be5c-dcb269b3a771__ep2:qa:0,test,9c553886-83c5-4dc4-be5c-dcb269b3a771__ep2,0,Mark cardboard piece,Adjust Mahjong tile,200.0,200.0,0.0
9c553886-83c5-4dc4-be5c-dcb269b3a771__ep2:qa:1,test,9c553886-83c5-4dc4-be5c-dcb269b3a771__ep2,20,Mark cardboard piece,Adjust Mahjong tile,200.0,200.0,0.0
9c553886-83c5-4dc4-be5c-dcb269b3a771__ep2:qa:2,test,9c553886-83c5-4dc4-be5c-dcb269b3a771__ep2,40,Mark cardboard piece,Adjust Mahjong tile,200.0,200.0,0.0
9c553886-83c5-4dc4-be5c-dcb269b3a771__ep2:qa:26,test,9c553886-83c5-4dc4-be5c-dcb269b3a771__ep2,520,Place marked piece down,Adjust Mahjong tile,80.0,20.0,60.0
9c553886-83c5-4dc4-be5c-dcb269b3a771__ep2:qa:27,test,9c553886-83c5-4dc4-be5c-dcb269b3a771__ep2,540,Place marked piece down,Manipulate paper strip,60.0,80.0,20.0
9c553886-83c5-4dc4-be5c-dcb269b3a771__ep2:qa:30,test,9c553886-83c5-4dc4-be5c-dcb269b3a771__ep2,600,Pick up new cardboard piece,Manipulate paper strip,200.0,20.0,180.0
9c553886-83c5-4dc4-be5c-dcb269b3a771__ep2:qa:31,test,9c553886-83c5-4dc4-be5c-dcb269b3a771__ep2,620,Pick up new cardboard piece,Adjust Mahjong tile,200.0,200.0,0.0
9c553886-83c5-4dc4-be5c-dcb269b3a771__ep2:qa:70,test,9c553886-83c5-4dc4-be5c-dcb269b3a771__ep2,1400,Hold cardboard piece,Manipulate paper strip,200.0,20.0,180.0
9c553886-83c5-4dc4-be5c-dcb269b3a771__ep2:qa:71,test,9c553886-83c5-4dc4-be5c-dcb269b3a771__ep2,1420,Hold cardboard piece,Adjust Mahjong tile,200.0,200.0,0.0
9c553886-83c5-4dc4-be5c-dcb269b3a771__ep2:qa:72,test,9c553886-83c5-4dc4-be5c-dcb269b3a771__ep2,1440,Hold cardboard piece,Adjust Mahjong tile,200.0,200.0,0.0
9c553886-83c5-4dc4-be5c-dcb269b3a771__ep2:qa:90,test,9c553886-83c5-4dc4-be5c-dcb269b3a771__ep2,1800,Organize cardboard pieces,Arrange buttons,200.0,20.0,180.0
9c553886-83c5-4dc4-be5c-dcb269b3a771__ep2:qa:91,test,9c553886-83c5-4dc4-be5c-dcb269b3a771__ep2,1820,Organize cardboard pieces,Manipulate paper strip,200.0,200.0,0.0
9c553886-83c5-4dc4-be5c-dcb269b3a771__ep2:qa:110,test,9c553886-83c5-4dc4-be5c-dcb269b3a771__ep2,2200,Cut cardboard piece,Adjust cardboard position,200.0,20.0,180.0
9c553886-83c5-4dc4-be5c-dcb269b3a771__ep2:qa:111,test,9c553886-83c5-4dc4-be5c-dcb269b3a771__ep2,2220,Cut cardboard piece,Adjust cardboard divider,200.0,200.0,0.0
9c553886-83c5-4dc4-be5c-dcb269b3a771__ep2:qa:112,test,9c553886-83c5-4dc4-be5c-dcb269b3a771__ep2,2240,Cut cardboard piece,Adjust cardboard divider,200.0,200.0,0.0
9c553886-83c5-4dc4-be5c-dcb269b3a771__ep2:qa:170,test,9c553886-83c5-4dc4-be5c-dcb269b3a771__ep2,3400,Marking cardboard piece,Adjust Mahjong tile,200.0,200.0,0.0
9c553886-83c5-4dc4-be5c-dcb269b3a771__ep2:qa:171,test,9c553886-83c5-4dc4-be5c-dcb269b3a771__ep2,3420,Marking cardboard piece,Adjust Mahjong tile,200.0,200.0,0.0
9c553886-83c5-4dc4-be5c-dcb269b3a771__ep2:qa:172,test,9c553886-83c5-4dc4-be5c-dcb269b3a771__ep2,3440,Marking cardboard piece,Adjust Mahjong tile,200.0,200.0,0.0
9c553886-83c5-4dc4-be5c-dcb269b3a771__ep2:qa:230,test,9c553886-83c5-4dc4-be5c-dcb269b3a771__ep2,4600,Release cardboard piece and gesture,Adjust Mahjong tile,200.0,200.0,0.0
9c553886-83c5-4dc4-be5c-dcb269b3a771__ep2:qa:231,test,9c553886-83c5-4dc4-be5c-dcb269b3a771__ep2,4620,Release cardboard piece and gesture,Adjust Mahjong tile,200.0,200.0,0.0
9c553886-83c5-4dc4-be5c-dcb269b3a771__ep2:qa:276,test,9c553886-83c5-4dc4-be5c-dcb269b3a771__ep2,5520,Move marker and adjust hand,Adjust Mahjong tile,120.0,20.0,100.0
9c553886-83c5-4dc4-be5c-dcb269b3a771__ep2:qa:277,test,9c553886-83c5-4dc4-be5c-dcb269b3a771__ep2,5540,Move marker and adjust hand,Manipulate paper strip,100.0,20.0,80.0
9c553886-83c5-4dc4-be5c-dcb269b3a771__ep2:qa:278,test,9c553886-83c5-4dc4-be5c-dcb269b3a771__ep2,5560,Move marker and adjust hand,Adjust Mahjong tile,80.0,80.0,0.0
9c553886-83c5-4dc4-be5c-dcb269b3a771__ep2:qa:282,test,9c553886-83c5-4dc4-be5c-dcb269b3a771__ep2,5640,Identify next cardboard piece,Manipulate paper strip,160.0,160.0,0.0
9c553886-83c5-4dc4-be5c-dcb269b3a771__ep2:qa:283,test,9c553886-83c5-4dc4-be5c-dcb269b3a771__ep2,5660,Identify next cardboard piece,Manipulate paper strip,140.0,140.0,0.0
9c553886-83c5-4dc4-be5c-dcb269b3a771__ep2:qa:284,test,9c553886-83c5-4dc4-be5c-dcb269b3a771__ep2,5680,Identify next cardboard piece,Manipulate paper strip,120.0,120.0,0.0
9c553886-83c5-4dc4-be5c-dcb269b3a771__ep2:qa:290,test,9c553886-83c5-4dc4-be5c-dcb269b3a771__ep2,5800,Observe and pause,Adjust Mahjong tile,40.0,200.0,160.0
9c553886-83c5-4dc4-be5c-dcb269b3a771__ep2:qa:291,test,9c553886-83c5-4dc4-be5c-dcb269b3a771__ep2,5820,Observe and pause,Adjust Mahjong tile,20.0,200.0,180.0
9c553886-83c5-4dc4-be5c-dcb269b3a771__ep2:qa:292,test,9c553886-83c5-4dc4-be5c-dcb269b3a771__ep2,5840,Gesturing,Adjust Mahjong tile,40.0,200.0,160.0
9c553886-83c5-4dc4-be5c-dcb269b3a771__ep2:qa:293,test,9c553886-83c5-4dc4-be5c-dcb269b3a771__ep2,5860,Gesturing,Adjust Mahjong tile,20.0,200.0,180.0
9c553886-83c5-4dc4-be5c-dcb269b3a771__ep2:qa:294,test,9c553886-83c5-4dc4-be5c-dcb269b3a771__ep2,5880,Resume observation,Adjust Mahjong tile,200.0,200.0,0.0
9c553886-83c5-4dc4-be5c-dcb269b3a771__ep2:qa:295,test,9c553886-83c5-4dc4-be5c-dcb269b3a771__ep2,5900,Resume observation,Adjust Mahjong tile,200.0,200.0,0.0
34f07a04-eb37-45a3-95ec-189ed5f4a85b__ep5:qa:0,test,34f07a04-eb37-45a3-95ec-189ed5f4a85b__ep5,0,Place canned food on shelf,Place canned food on shelf,200.0,200.0,0.0
34f07a04-eb37-45a3-95ec-189ed5f4a85b__ep5:qa:12,test,34f07a04-eb37-45a3-95ec-189ed5f4a85b__ep5,240,Reach for next can,Pick up canned food,200.0,200.0,0.0
34f07a04-eb37-45a3-95ec-189ed5f4a85b__ep5:qa:64,test,34f07a04-eb37-45a3-95ec-189ed5f4a85b__ep5,1280,Pick up can,Pick up canned food,120.0,120.0,0.0
34f07a04-eb37-45a3-95ec-189ed5f4a85b__ep5:qa:65,test,34f07a04-eb37-45a3-95ec-189ed5f4a85b__ep5,1300,Pick up can,Pick up canned food,100.0,100.0,0.0
34f07a04-eb37-45a3-95ec-189ed5f4a85b__ep5:qa:70,test,34f07a04-eb37-45a3-95ec-189ed5f4a85b__ep5,1400,Hold canned food,Place canned food on shelf,200.0,200.0,0.0
34f07a04-eb37-45a3-95ec-189ed5f4a85b__ep5:qa:71,test,34f07a04-eb37-45a3-95ec-189ed5f4a85b__ep5,1420,Hold canned food,Place canned food on shelf,200.0,200.0,0.0
34f07a04-eb37-45a3-95ec-189ed5f4a85b__ep5:qa:82,test,34f07a04-eb37-45a3-95ec-189ed5f4a85b__ep5,1640,Reach into box,Place item on shelf,160.0,200.0,40.0
34f07a04-eb37-45a3-95ec-189ed5f4a85b__ep5:qa:90,test,34f07a04-eb37-45a3-95ec-189ed5f4a85b__ep5,1800,Pick up canned food,Place item on shelf,200.0,200.0,0.0
34f07a04-eb37-45a3-95ec-189ed5f4a85b__ep5:qa:91,test,34f07a04-eb37-45a3-95ec-189ed5f4a85b__ep5,1820,Pick up canned food,Place item on shelf,200.0,200.0,0.0
34f07a04-eb37-45a3-95ec-189ed5f4a85b__ep5:qa:106,test,34f07a04-eb37-45a3-95ec-189ed5f4a85b__ep5,2120,Retrieve next canned food item,Place item on shelf,200.0,200.0,0.0
34f07a04-eb37-45a3-95ec-189ed5f4a85b__ep5:qa:140,test,34f07a04-eb37-45a3-95ec-189ed5f4a85b__ep5,2800,Align canned food on shelf,Place canned food on shelf,200.0,200.0,0.0
34f07a04-eb37-45a3-95ec-189ed5f4a85b__ep5:qa:141,test,34f07a04-eb37-45a3-95ec-189ed5f4a85b__ep5,2820,Align canned food on shelf,Place canned food on shelf,200.0,200.0,0.0
34f07a04-eb37-45a3-95ec-189ed5f4a85b__ep5:qa:154,test,34f07a04-eb37-45a3-95ec-189ed5f4a85b__ep5,3080,Reach for next canned food,Adjust canned food on shelf,120.0,120.0,0.0
34f07a04-eb37-45a3-95ec-189ed5f4a85b__ep5:qa:160,test,34f07a04-eb37-45a3-95ec-189ed5f4a85b__ep5,3200,Retrieve canned food from box,Move along the shelf,120.0,120.0,0.0
34f07a04-eb37-45a3-95ec-189ed5f4a85b__ep5:qa:166,test,34f07a04-eb37-45a3-95ec-189ed5f4a85b__ep5,3320,Place another canned food on shelf,Picking up and placing canned goods,200.0,20.0,180.0
34f07a04-eb37-45a3-95ec-189ed5f4a85b__ep5:qa:167,test,34f07a04-eb37-45a3-95ec-189ed5f4a85b__ep5,3340,Place another canned food on shelf,Pick up canned food,200.0,200.0,0.0
34f07a04-eb37-45a3-95ec-189ed5f4a85b__ep5:qa:190,test,34f07a04-eb37-45a3-95ec-189ed5f4a85b__ep5,3800,Adjust canned food on shelf,Place canned food on shelf,160.0,160.0,0.0
34f07a04-eb37-45a3-95ec-189ed5f4a85b__ep5:qa:191,test,34f07a04-eb37-45a3-95ec-189ed5f4a85b__ep5,3820,Adjust canned food on shelf,Place canned food on shelf,140.0,140.0,0.0
34f07a04-eb37-45a3-95ec-189ed5f4a85b__ep5:qa:198,test,34f07a04-eb37-45a3-95ec-189ed5f4a85b__ep5,3960,Move hand away from shelf,Move along the shelf,160.0,20.0,140.0
34f07a04-eb37-45a3-95ec-189ed5f4a85b__ep5:qa:199,test,34f07a04-eb37-45a3-95ec-189ed5f4a85b__ep5,3980,Move hand away from shelf,Place item on shelf,140.0,140.0,0.0
34f07a04-eb37-45a3-95ec-189ed5f4a85b__ep5:qa:206,test,34f07a04-eb37-45a3-95ec-189ed5f4a85b__ep5,4120,Place can on shelf,Place canned food on shelf,200.0,200.0,0.0
34f07a04-eb37-45a3-95ec-189ed5f4a85b__ep5:qa:207,test,34f07a04-eb37-45a3-95ec-189ed5f4a85b__ep5,4140,Place can on shelf,Place canned food on shelf,200.0,200.0,0.0
34f07a04-eb37-45a3-95ec-189ed5f4a85b__ep5:qa:218,test,34f07a04-eb37-45a3-95ec-189ed5f4a85b__ep5,4360,Move hand away,Adjust Mahjong tile,40.0,20.0,20.0
34f07a04-eb37-45a3-95ec-189ed5f4a85b__ep5:qa:219,test,34f07a04-eb37-45a3-95ec-189ed5f4a85b__ep5,4380,Move hand away,Browsing smartphone content,20.0,20.0,0.0
34f07a04-eb37-45a3-95ec-189ed5f4a85b__ep5:qa:220,test,34f07a04-eb37-45a3-95ec-189ed5f4a85b__ep5,4400,Hold earbud case,Adjust Mahjong tile,200.0,20.0,180.0
34f07a04-eb37-45a3-95ec-189ed5f4a85b__ep5:qa:221,test,34f07a04-eb37-45a3-95ec-189ed5f4a85b__ep5,4420,Hold earbud case,Browsing smartphone content,200.0,200.0,0.0
34f07a04-eb37-45a3-95ec-189ed5f4a85b__ep5:qa:236,test,34f07a04-eb37-45a3-95ec-189ed5f4a85b__ep5,4720,Open earbud case,Browsing smartphone content,80.0,20.0,60.0
34f07a04-eb37-45a3-95ec-189ed5f4a85b__ep5:qa:237,test,34f07a04-eb37-45a3-95ec-189ed5f4a85b__ep5,4740,Open earbud case,Adjust item on shelf,60.0,60.0,0.0
34f07a04-eb37-45a3-95ec-189ed5f4a85b__ep5:qa:240,test,34f07a04-eb37-45a3-95ec-189ed5f4a85b__ep5,4800,Pick up smartphone,Browsing smartphone content,80.0,200.0,120.0
34f07a04-eb37-45a3-95ec-189ed5f4a85b__ep5:qa:241,test,34f07a04-eb37-45a3-95ec-189ed5f4a85b__ep5,4820,Pick up smartphone,Browsing smartphone content,60.0,200.0,140.0
34f07a04-eb37-45a3-95ec-189ed5f4a85b__ep5:qa:244,test,34f07a04-eb37-45a3-95ec-189ed5f4a85b__ep5,4880,Interact with smartphone,Browsing smartphone content,200.0,200.0,0.0
34f07a04-eb37-45a3-95ec-189ed5f4a85b__ep5:qa:245,test,34f07a04-eb37-45a3-95ec-189ed5f4a85b__ep5,4900,Interact with smartphone,Browsing smartphone content,200.0,200.0,0.0
b9dd769b-e31a-4fdb-945e-5a60db6487b0__ep2:qa:0,test,b9dd769b-e31a-4fdb-945e-5a60db6487b0__ep2,0,sort craft materials,Browsing smartphone content,200.0,200.0,0.0
b9dd769b-e31a-4fdb-945e-5a60db6487b0__ep2:qa:1,test,b9dd769b-e31a-4fdb-945e-5a60db6487b0__ep2,20,sort craft materials,Browsing smartphone content,200.0,200.0,0.0
b9dd769b-e31a-4fdb-945e-5a60db6487b0__ep2:qa:2,test,b9dd769b-e31a-4fdb-945e-5a60db6487b0__ep2,40,sort craft materials,Browsing smartphone content,200.0,200.0,0.0
b9dd769b-e31a-4fdb-945e-5a60db6487b0__ep2:qa:40,test,b9dd769b-e31a-4fdb-945e-5a60db6487b0__ep2,800,Manipulate craft piece,Manipulate paper strip,200.0,200.0,0.0
b9dd769b-e31a-4fdb-945e-5a60db6487b0__ep2:qa:41,test,b9dd769b-e31a-4fdb-945e-5a60db6487b0__ep2,820,Manipulate craft piece,Manipulate paper strip,200.0,200.0,0.0
b9dd769b-e31a-4fdb-945e-5a60db6487b0__ep2:qa:42,test,b9dd769b-e31a-4fdb-945e-5a60db6487b0__ep2,840,Manipulate craft piece,Manipulate paper strip,200.0,200.0,0.0
b9dd769b-e31a-4fdb-945e-5a60db6487b0__ep2:qa:43,test,b9dd769b-e31a-4fdb-945e-5a60db6487b0__ep2,860,Manipulate craft piece,Manipulate paper strip,200.0,200.0,0.0
b9dd769b-e31a-4fdb-945e-5a60db6487b0__ep2:qa:70,test,b9dd769b-e31a-4fdb-945e-5a60db6487b0__ep2,1400,Manipulate craft paper strips,Manipulate paper strip,200.0,200.0,0.0
b9dd769b-e31a-4fdb-945e-5a60db6487b0__ep2:qa:71,test,b9dd769b-e31a-4fdb-945e-5a60db6487b0__ep2,1420,Manipulate craft paper strips,Manipulate paper strip,200.0,200.0,0.0
b9dd769b-e31a-4fdb-945e-5a60db6487b0__ep2:qa:72,test,b9dd769b-e31a-4fdb-945e-5a60db6487b0__ep2,1440,Manipulate craft paper strips,Manipulate paper strip,200.0,200.0,0.0
b9dd769b-e31a-4fdb-945e-5a60db6487b0__ep2:qa:73,test,b9dd769b-e31a-4fdb-945e-5a60db6487b0__ep2,1460,Manipulate craft paper strips,Manipulate paper strip,200.0,200.0,0.0
b9dd769b-e31a-4fdb-945e-5a60db6487b0__ep2:qa:90,test,b9dd769b-e31a-4fdb-945e-5a60db6487b0__ep2,1800,Release scissors,Manipulate paper strip,80.0,80.0,0.0
b9dd769b-e31a-4fdb-945e-5a60db6487b0__ep2:qa:91,test,b9dd769b-e31a-4fdb-945e-5a60db6487b0__ep2,1820,Release scissors,Manipulate paper strip,60.0,60.0,0.0
b9dd769b-e31a-4fdb-945e-5a60db6487b0__ep2:qa:92,test,b9dd769b-e31a-4fdb-945e-5a60db6487b0__ep2,1840,Release scissors,Manipulate paper strip,40.0,40.0,0.0
b9dd769b-e31a-4fdb-945e-5a60db6487b0__ep2:qa:94,test,b9dd769b-e31a-4fdb-945e-5a60db6487b0__ep2,1880,Operate smartphone,Browsing smartphone content,200.0,20.0,180.0
b9dd769b-e31a-4fdb-945e-5a60db6487b0__ep2:qa:95,test,b9dd769b-e31a-4fdb-945e-5a60db6487b0__ep2,1900,Operate smartphone,Manipulate paper strip,200.0,40.0,160.0
b9dd769b-e31a-4fdb-945e-5a60db6487b0__ep2:qa:96,test,b9dd769b-e31a-4fdb-945e-5a60db6487b0__ep2,1920,Operate smartphone,Manipulate paper strip,200.0,20.0,180.0
b9dd769b-e31a-4fdb-945e-5a60db6487b0__ep2:qa:97,test,b9dd769b-e31a-4fdb-945e-5a60db6487b0__ep2,1940,Operate smartphone,Browsing smartphone content,200.0,200.0,0.0
b9dd769b-e31a-4fdb-945e-5a60db6487b0__ep2:qa:114,test,b9dd769b-e31a-4fdb-945e-5a60db6487b0__ep2,2280,Release smartphone,Manipulate paper strip,120.0,200.0,80.0
b9dd769b-e31a-4fdb-945e-5a60db6487b0__ep2:qa:115,test,b9dd769b-e31a-4fdb-945e-5a60db6487b0__ep2,2300,Release smartphone,Manipulate paper strip,100.0,200.0,100.0
b9dd769b-e31a-4fdb-945e-5a60db6487b0__ep2:qa:116,test,b9dd769b-e31a-4fdb-945e-5a60db6487b0__ep2,2320,Release smartphone,Manipulate paper strip,80.0,200.0,120.0
b9dd769b-e31a-4fdb-945e-5a60db6487b0__ep2:qa:120,test,b9dd769b-e31a-4fdb-945e-5a60db6487b0__ep2,2400,Manipulate paper strip,Manipulate paper strip,200.0,200.0,0.0
b9dd769b-e31a-4fdb-945e-5a60db6487b0__ep2:qa:121,test,b9dd769b-e31a-4fdb-945e-5a60db6487b0__ep2,2420,Manipulate paper strip,Manipulate paper strip,200.0,200.0,0.0
b9dd769b-e31a-4fdb-945e-5a60db6487b0__ep2:qa:122,test,b9dd769b-e31a-4fdb-945e-5a60db6487b0__ep2,2440,Manipulate paper strip,Manipulate paper strip,200.0,200.0,0.0
b9dd769b-e31a-4fdb-945e-5a60db6487b0__ep2:qa:123,test,b9dd769b-e31a-4fdb-945e-5a60db6487b0__ep2,2460,Manipulate paper strip,Manipulate paper strip,200.0,200.0,0.0
b9dd769b-e31a-4fdb-945e-5a60db6487b0__ep2:qa:144,test,b9dd769b-e31a-4fdb-945e-5a60db6487b0__ep2,2880,Release paper strip,Manipulate paper strip,200.0,200.0,0.0
b9dd769b-e31a-4fdb-945e-5a60db6487b0__ep2:qa:145,test,b9dd769b-e31a-4fdb-945e-5a60db6487b0__ep2,2900,Release paper strip,Manipulate paper strip,200.0,200.0,0.0
b9dd769b-e31a-4fdb-945e-5a60db6487b0__ep2:qa:146,test,b9dd769b-e31a-4fdb-945e-5a60db6487b0__ep2,2920,Release paper strip,Manipulate paper strip,200.0,200.0,0.0
b9dd769b-e31a-4fdb-945e-5a60db6487b0__ep2:qa:147,test,b9dd769b-e31a-4fdb-945e-5a60db6487b0__ep2,2940,Release paper strip,Manipulate paper strip,200.0,200.0,0.0
b9dd769b-e31a-4fdb-945e-5a60db6487b0__ep2:qa:190,test,b9dd769b-e31a-4fdb-945e-5a60db6487b0__ep2,3800,Sort small craft pieces,Manipulate paper strip,200.0,200.0,0.0
b9dd769b-e31a-4fdb-945e-5a60db6487b0__ep2:qa:191,test,b9dd769b-e31a-4fdb-945e-5a60db6487b0__ep2,3820,Sort small craft pieces,Manipulate paper strip,200.0,200.0,0.0
b9dd769b-e31a-4fdb-945e-5a60db6487b0__ep2:qa:192,test,b9dd769b-e31a-4fdb-945e-5a60db6487b0__ep2,3840,Sort small craft pieces,Manipulate paper strip,200.0,200.0,0.0
ba045ed4-ef25-404d-b756-8dcbd45b18fa__ep2:qa:0,test,ba045ed4-ef25-404d-b756-8dcbd45b18fa__ep2,0,Open paper lantern,Manipulate paper strip,200.0,200.0,0.0
ba045ed4-ef25-404d-b756-8dcbd45b18fa__ep2:qa:1,test,ba045ed4-ef25-404d-b756-8dcbd45b18fa__ep2,20,Open paper lantern,Manipulate paper strip,200.0,200.0,0.0
ba045ed4-ef25-404d-b756-8dcbd45b18fa__ep2:qa:20,test,ba045ed4-ef25-404d-b756-8dcbd45b18fa__ep2,400,Fold paper lantern,Adjust grip,200.0,20.0,180.0
ba045ed4-ef25-404d-b756-8dcbd45b18fa__ep2:qa:21,test,ba045ed4-ef25-404d-b756-8dcbd45b18fa__ep2,420,Fold paper lantern,Approach packing area,180.0,180.0,0.0
ba045ed4-ef25-404d-b756-8dcbd45b18fa__ep2:qa:30,test,ba045ed4-ef25-404d-b756-8dcbd45b18fa__ep2,600,Grasp lantern,Manipulate paper strip,200.0,200.0,0.0
ba045ed4-ef25-404d-b756-8dcbd45b18fa__ep2:qa:31,test,ba045ed4-ef25-404d-b756-8dcbd45b18fa__ep2,620,Grasp lantern,Manipulate paper strip,180.0,200.0,20.0
ba045ed4-ef25-404d-b756-8dcbd45b18fa__ep2:qa:40,test,ba045ed4-ef25-404d-b756-8dcbd45b18fa__ep2,800,Grasp lantern component,Manipulate paper strip,200.0,20.0,180.0
ba045ed4-ef25-404d-b756-8dcbd45b18fa__ep2:qa:41,test,ba045ed4-ef25-404d-b756-8dcbd45b18fa__ep2,820,Grasp lantern component,Approach packing area,200.0,200.0,0.0
ba045ed4-ef25-404d-b756-8dcbd45b18fa__ep2:qa:70,test,ba045ed4-ef25-404d-b756-8dcbd45b18fa__ep2,1400,Align paper lantern edges,Manipulate paper strip,200.0,20.0,180.0
ba045ed4-ef25-404d-b756-8dcbd45b18fa__ep2:qa:71,test,ba045ed4-ef25-404d-b756-8dcbd45b18fa__ep2,1420,Align paper lantern edges,Adjust lantern string,200.0,200.0,0.0
ba045ed4-ef25-404d-b756-8dcbd45b18fa__ep2:qa:170,test,ba045ed4-ef25-404d-b756-8dcbd45b18fa__ep2,3400,Adjust lantern string,Manipulate paper strip,120.0,20.0,100.0
ba045ed4-ef25-404d-b756-8dcbd45b18fa__ep2:qa:171,test,ba045ed4-ef25-404d-b756-8dcbd45b18fa__ep2,3420,Adjust lantern string,Adjust grip,100.0,100.0,0.0
ba045ed4-ef25-404d-b756-8dcbd45b18fa__ep2:qa:176,test,ba045ed4-ef25-404d-b756-8dcbd45b18fa__ep2,3520,Release lantern,Manipulate paper strip,120.0,120.0,0.0
ba045ed4-ef25-404d-b756-8dcbd45b18fa__ep2:qa:182,test,ba045ed4-ef25-404d-b756-8dcbd45b18fa__ep2,3640,Pick up packaged paper lantern component,Approach packing area,160.0,200.0,40.0
ba045ed4-ef25-404d-b756-8dcbd45b18fa__ep2:qa:190,test,ba045ed4-ef25-404d-b756-8dcbd45b18fa__ep2,3800,Handle paper lantern component,Approach packing area,200.0,200.0,0.0
ba045ed4-ef25-404d-b756-8dcbd45b18fa__ep2:qa:191,test,ba045ed4-ef25-404d-b756-8dcbd45b18fa__ep2,3820,Handle paper lantern component,Approach packing area,180.0,180.0,0.0
ba045ed4-ef25-404d-b756-8dcbd45b18fa__ep2:qa:200,test,ba045ed4-ef25-404d-b756-8dcbd45b18fa__ep2,4000,Open folded paper lantern,Manipulate paper strip,200.0,200.0,0.0
ba045ed4-ef25-404d-b756-8dcbd45b18fa__ep2:qa:201,test,ba045ed4-ef25-404d-b756-8dcbd45b18fa__ep2,4020,Open folded paper lantern,Manipulate paper strip,200.0,200.0,0.0
ba045ed4-ef25-404d-b756-8dcbd45b18fa__ep2:qa:214,test,ba045ed4-ef25-404d-b756-8dcbd45b18fa__ep2,4280,Adjust lantern shape,Adjust grip,120.0,20.0,100.0
ba045ed4-ef25-404d-b756-8dcbd45b18fa__ep2:qa:215,test,ba045ed4-ef25-404d-b756-8dcbd45b18fa__ep2,4300,Adjust lantern shape,Adjust lantern string,100.0,120.0,20.0
ba045ed4-ef25-404d-b756-8dcbd45b18fa__ep2:qa:220,test,ba045ed4-ef25-404d-b756-8dcbd45b18fa__ep2,4400,Hold paper lantern,Adjust lantern string,200.0,20.0,180.0
ba045ed4-ef25-404d-b756-8dcbd45b18fa__ep2:qa:221,test,ba045ed4-ef25-404d-b756-8dcbd45b18fa__ep2,4420,Hold paper lantern,Adjust grip,180.0,200.0,20.0
ba045ed4-ef25-404d-b756-8dcbd45b18fa__ep2:qa:230,test,ba045ed4-ef25-404d-b756-8dcbd45b18fa__ep2,4600,Apply adhesive tape to lantern,Adjust grip,200.0,200.0,0.0
ba045ed4-ef25-404d-b756-8dcbd45b18fa__ep2:qa:231,test,ba045ed4-ef25-404d-b756-8dcbd45b18fa__ep2,4620,Apply adhesive tape to lantern,Adjust grip,180.0,180.0,0.0
ba045ed4-ef25-404d-b756-8dcbd45b18fa__ep2:qa:240,test,ba045ed4-ef25-404d-b756-8dcbd45b18fa__ep2,4800,Remove paper lantern part from packaging,Manipulate paper strip,200.0,200.0,0.0
ba045ed4-ef25-404d-b756-8dcbd45b18fa__ep2:qa:250,test,ba045ed4-ef25-404d-b756-8dcbd45b18fa__ep2,5000,Remove plastic packaging,Manipulate paper strip,160.0,160.0,0.0
ba045ed4-ef25-404d-b756-8dcbd45b18fa__ep2:qa:258,test,ba045ed4-ef25-404d-b756-8dcbd45b18fa__ep2,5160,Open paper lantern component,Approach packing area,200.0,20.0,180.0
ba045ed4-ef25-404d-b756-8dcbd45b18fa__ep2:qa:259,test,ba045ed4-ef25-404d-b756-8dcbd45b18fa__ep2,5180,Open paper lantern component,Manipulate paper strip,200.0,200.0,0.0
ba045ed4-ef25-404d-b756-8dcbd45b18fa__ep2:qa:270,test,ba045ed4-ef25-404d-b756-8dcbd45b18fa__ep2,5400,Expand paper lantern,Adjust grip,200.0,20.0,180.0
ba045ed4-ef25-404d-b756-8dcbd45b18fa__ep2:qa:271,test,ba045ed4-ef25-404d-b756-8dcbd45b18fa__ep2,5420,Expand paper lantern,Adjust paper,200.0,200.0,0.0
ba045ed4-ef25-404d-b756-8dcbd45b18fa__ep2:qa:290,test,ba045ed4-ef25-404d-b756-8dcbd45b18fa__ep2,5800,Align edges of paper lantern,Adjust lantern string,200.0,20.0,180.0
ba045ed4-ef25-404d-b756-8dcbd45b18fa__ep2:qa:291,test,ba045ed4-ef25-404d-b756-8dcbd45b18fa__ep2,5820,Align edges of paper lantern,Adjust grip,200.0,200.0,0.0
4b02bb38-384a-438a-b5f9-6131d85c34b0__ep1:qa:0,test,4b02bb38-384a-438a-b5f9-6131d85c34b0__ep1,0,Reach for craft items,Approach table,200.0,200.0,0.0
4b02bb38-384a-438a-b5f9-6131d85c34b0__ep1:qa:1,test,4b02bb38-384a-438a-b5f9-6131d85c34b0__ep1,20,Reach for craft items,Approach table,200.0,200.0,0.0
4b02bb38-384a-438a-b5f9-6131d85c34b0__ep1:qa:2,test,4b02bb38-384a-438a-b5f9-6131d85c34b0__ep1,40,Reach for craft items,Approach table,200.0,200.0,0.0
4b02bb38-384a-438a-b5f9-6131d85c34b0__ep1:qa:14,test,4b02bb38-384a-438a-b5f9-6131d85c34b0__ep1,280,Sort craft items,Manipulate paper strip,120.0,40.0,80.0
4b02bb38-384a-438a-b5f9-6131d85c34b0__ep1:qa:15,test,4b02bb38-384a-438a-b5f9-6131d85c34b0__ep1,300,Sort craft items,Manipulate paper strip,100.0,20.0,80.0
4b02bb38-384a-438a-b5f9-6131d85c34b0__ep1:qa:16,test,4b02bb38-384a-438a-b5f9-6131d85c34b0__ep1,320,Sort craft items,Browsing smartphone content,80.0,100.0,20.0
4b02bb38-384a-438a-b5f9-6131d85c34b0__ep1:qa:20,test,4b02bb38-384a-438a-b5f9-6131d85c34b0__ep1,400,Move smartphone,Browsing smartphone content,200.0,20.0,180.0
4b02bb38-384a-438a-b5f9-6131d85c34b0__ep1:qa:21,test,4b02bb38-384a-438a-b5f9-6131d85c34b0__ep1,420,Move smartphone,Manipulate paper strip,200.0,20.0,180.0
4b02bb38-384a-438a-b5f9-6131d85c34b0__ep1:qa:22,test,4b02bb38-384a-438a-b5f9-6131d85c34b0__ep1,440,Move smartphone,Browsing smartphone content,200.0,200.0,0.0
4b02bb38-384a-438a-b5f9-6131d85c34b0__ep1:qa:32,test,4b02bb38-384a-438a-b5f9-6131d85c34b0__ep1,640,Place hand on table,Manipulate paper strip,200.0,20.0,180.0
4b02bb38-384a-438a-b5f9-6131d85c34b0__ep1:qa:33,test,4b02bb38-384a-438a-b5f9-6131d85c34b0__ep1,660,Place hand on table,Browsing smartphone content,200.0,20.0,180.0
4b02bb38-384a-438a-b5f9-6131d85c34b0__ep1:qa:34,test,4b02bb38-384a-438a-b5f9-6131d85c34b0__ep1,680,Place hand on table,Manipulate paper strip,200.0,200.0,0.0
4b02bb38-384a-438a-b5f9-6131d85c34b0__ep1:qa:50,test,4b02bb38-384a-438a-b5f9-6131d85c34b0__ep1,1000,Use smartphone,Browsing smartphone content,200.0,200.0,0.0
4b02bb38-384a-438a-b5f9-6131d85c34b0__ep1:qa:51,test,4b02bb38-384a-438a-b5f9-6131d85c34b0__ep1,1020,Use smartphone,Browsing smartphone content,200.0,200.0,0.0
4b02bb38-384a-438a-b5f9-6131d85c34b0__ep1:qa:70,test,4b02bb38-384a-438a-b5f9-6131d85c34b0__ep1,1400,Browse smartphone screen,Browsing smartphone content,200.0,200.0,0.0
4b02bb38-384a-438a-b5f9-6131d85c34b0__ep1:qa:71,test,4b02bb38-384a-438a-b5f9-6131d85c34b0__ep1,1420,Browse smartphone screen,Browsing smartphone content,200.0,200.0,0.0
4b02bb38-384a-438a-b5f9-6131d85c34b0__ep1:qa:72,test,4b02bb38-384a-438a-b5f9-6131d85c34b0__ep1,1440,Browse smartphone screen,Browsing smartphone content,200.0,200.0,0.0
4b02bb38-384a-438a-b5f9-6131d85c34b0__ep1:qa:100,test,4b02bb38-384a-438a-b5f9-6131d85c34b0__ep1,2000,Scroll smartphone screen,Browsing smartphone content,200.0,200.0,0.0
4b02bb38-384a-438a-b5f9-6131d85c34b0__ep1:qa:101,test,4b02bb38-384a-438a-b5f9-6131d85c34b0__ep1,2020,Scroll smartphone screen,Browsing smartphone content,200.0,200.0,0.0
4b02bb38-384a-438a-b5f9-6131d85c34b0__ep1:qa:102,test,4b02bb38-384a-438a-b5f9-6131d85c34b0__ep1,2040,Scroll smartphone screen,Browsing smartphone content,200.0,200.0,0.0
4b02bb38-384a-438a-b5f9-6131d85c34b0__ep1:qa:132,test,4b02bb38-384a-438a-b5f9-6131d85c34b0__ep1,2640,Put down smartphone,Browsing smartphone content,200.0,200.0,0.0
4b02bb38-384a-438a-b5f9-6131d85c34b0__ep1:qa:133,test,4b02bb38-384a-438a-b5f9-6131d85c34b0__ep1,2660,Put down smartphone,Browsing smartphone content,200.0,200.0,0.0
4b02bb38-384a-438a-b5f9-6131d85c34b0__ep1:qa:134,test,4b02bb38-384a-438a-b5f9-6131d85c34b0__ep1,2680,Put down smartphone,Browsing smartphone content,200.0,200.0,0.0
4b02bb38-384a-438a-b5f9-6131d85c34b0__ep1:qa:184,test,4b02bb38-384a-438a-b5f9-6131d85c34b0__ep1,3680,Place smartphone down,Browsing smartphone content,200.0,200.0,0.0
4b02bb38-384a-438a-b5f9-6131d85c34b0__ep1:qa:185,test,4b02bb38-384a-438a-b5f9-6131d85c34b0__ep1,3700,Place smartphone down,Browsing smartphone content,200.0,200.0,0.0
4b02bb38-384a-438a-b5f9-6131d85c34b0__ep1:qa:186,test,4b02bb38-384a-438a-b5f9-6131d85c34b0__ep1,3720,Place smartphone down,Browsing smartphone content,200.0,200.0,0.0
4b02bb38-384a-438a-b5f9-6131d85c34b0__ep1:qa:200,test,4b02bb38-384a-438a-b5f9-6131d85c34b0__ep1,4000,Hold smartphone,Browsing smartphone content,200.0,200.0,0.0
4b02bb38-384a-438a-b5f9-6131d85c34b0__ep1:qa:201,test,4b02bb38-384a-438a-b5f9-6131d85c34b0__ep1,4020,Hold smartphone,Browsing smartphone content,200.0,200.0,0.0
4b02bb38-384a-438a-b5f9-6131d85c34b0__ep1:qa:202,test,4b02bb38-384a-438a-b5f9-6131d85c34b0__ep1,4040,Hold smartphone,Browsing smartphone content,200.0,200.0,0.0
4b02bb38-384a-438a-b5f9-6131d85c34b0__ep1:qa:220,test,4b02bb38-384a-438a-b5f9-6131d85c34b0__ep1,4400,Manipulate paper strip,Manipulate paper strip,200.0,20.0,180.0
4b02bb38-384a-438a-b5f9-6131d85c34b0__ep1:qa:221,test,4b02bb38-384a-438a-b5f9-6131d85c34b0__ep1,4420,Manipulate paper strip,Adjust Mahjong tile,200.0,20.0,180.0
4b02bb38-384a-438a-b5f9-6131d85c34b0__ep1:qa:222,test,4b02bb38-384a-438a-b5f9-6131d85c34b0__ep1,4440,Manipulate paper strip,Manipulate paper strip,200.0,200.0,0.0
5399ef86-4df9-49bc-809f-8f4f92f9e659__ep6:qa:0,test,5399ef86-4df9-49bc-809f-8f4f92f9e659__ep6,0,Pick up puzzle piece,"{""action"":""unknown"",""subtask"":""unknown"",""objects"":[]/""contact"":""unknown"",""transition"":""unknown"",""next_action"":""unknown"",""evidence_window"":{""start_frame"":0,""end_frame"":0}}",160.0,160.0,0.0
5399ef86-4df9-49bc-809f-8f4f92f9e659__ep6:qa:1,test,5399ef86-4df9-49bc-809f-8f4f92f9e659__ep6,20,Pick up puzzle piece,"{""action"":""unknown"",""subtask"":""unknown"",""objects"":[]/""contact"":""unknown"",""transition"":""unknown"",""next_action"":""unknown"",""evidence_window"":{""start_frame"":0,""end_frame"":0}}",140.0,140.0,0.0
5399ef86-4df9-49bc-809f-8f4f92f9e659__ep6:qa:2,test,5399ef86-4df9-49bc-809f-8f4f92f9e659__ep6,40,Pick up puzzle piece,"{""action"":""unknown"",""subtask"":""unknown"",""objects"":[]/""contact"":""unknown"",""transition"":""unknown"",""next_action"":""unknown"",""evidence_window"":{""start_frame"":0,""end_frame"":0}}",120.0,120.0,0.0
5399ef86-4df9-49bc-809f-8f4f92f9e659__ep6:qa:8,test,5399ef86-4df9-49bc-809f-8f4f92f9e659__ep6,160,Place piece into puzzle,Adjust hand position,200.0,20.0,180.0
5399ef86-4df9-49bc-809f-8f4f92f9e659__ep6:qa:9,test,5399ef86-4df9-49bc-809f-8f4f92f9e659__ep6,180,Place piece into puzzle,Adjust grip,200.0,20.0,180.0
5399ef86-4df9-49bc-809f-8f4f92f9e659__ep6:qa:10,test,5399ef86-4df9-49bc-809f-8f4f92f9e659__ep6,200,Place piece into puzzle,Adjust Mahjong tile,200.0,200.0,0.0
5399ef86-4df9-49bc-809f-8f4f92f9e659__ep6:qa:20,test,5399ef86-4df9-49bc-809f-8f4f92f9e659__ep6,400,Manipulate puzzle piece,"{""action"":""unknown"",""subtask"":""unknown"",""objects"":[]/""contact"":""unknown"",""transition"":""unknown"",""next_action"":""unknown"",""evidence_window"":{""start_frame"":0,""end_frame"":0}}",200.0,200.0,0.0
5399ef86-4df9-49bc-809f-8f4f92f9e659__ep6:qa:21,test,5399ef86-4df9-49bc-809f-8f4f92f9e659__ep6,420,Manipulate puzzle piece,"{""action"":""unknown"",""subtask"":""unknown"",""objects"":[]/""contact"":""unknown"",""transition"":""unknown"",""next_action"":""unknown"",""evidence_window"":{""start_frame"":0,""end_frame"":0}}",200.0,200.0,0.0
5399ef86-4df9-49bc-809f-8f4f92f9e659__ep6:qa:22,test,5399ef86-4df9-49bc-809f-8f4f92f9e659__ep6,440,Manipulate puzzle piece,"{""action"":""unknown"",""subtask"":""unknown"",""objects"":[]/""contact"":""unknown"",""transition"":""unknown"",""next_action"":""unknown"",""evidence_window"":{""start_frame"":0,""end_frame"":0}}",200.0,200.0,0.0
5399ef86-4df9-49bc-809f-8f4f92f9e659__ep6:qa:50,test,5399ef86-4df9-49bc-809f-8f4f92f9e659__ep6,1000,Manipulate puzzle pieces,"{""action"":""unknown"",""subtask"":""unknown"",""objects"":[]/""contact"":""unknown"",""transition"":""unknown"",""next_action"":""unknown"",""evidence_window"":{""start_frame"":0,""end_frame"":0}}",200.0,20.0,180.0
5399ef86-4df9-49bc-809f-8f4f92f9e659__ep6:qa:51,test,5399ef86-4df9-49bc-809f-8f4f92f9e659__ep6,1020,Manipulate puzzle pieces,Adjust Mahjong tile,200.0,200.0,0.0
5399ef86-4df9-49bc-809f-8f4f92f9e659__ep6:qa:52,test,5399ef86-4df9-49bc-809f-8f4f92f9e659__ep6,1040,Manipulate puzzle pieces,Adjust Mahjong tile,200.0,200.0,0.0
5399ef86-4df9-49bc-809f-8f4f92f9e659__ep6:qa:90,test,5399ef86-4df9-49bc-809f-8f4f92f9e659__ep6,1800,Place puzzle piece,"{""action"":""unknown"",""subtask"":""unknown"",""objects"":[]/""contact"":""unknown"",""transition"":""unknown"",""next_action"":""unknown"",""evidence_window"":{""start_frame"":0,""end_frame"":0}}",200.0,20.0,180.0
5399ef86-4df9-49bc-809f-8f4f92f9e659__ep6:qa:91,test,5399ef86-4df9-49bc-809f-8f4f92f9e659__ep6,1820,Place puzzle piece,Adjust Mahjong tile,180.0,20.0,160.0
5399ef86-4df9-49bc-809f-8f4f92f9e659__ep6:qa:92,test,5399ef86-4df9-49bc-809f-8f4f92f9e659__ep6,1840,Place puzzle piece,unknown,160.0,160.0,0.0
5399ef86-4df9-49bc-809f-8f4f92f9e659__ep6:qa:100,test,5399ef86-4df9-49bc-809f-8f4f92f9e659__ep6,2000,Observe puzzle progress,Adjust position,200.0,20.0,180.0
5399ef86-4df9-49bc-809f-8f4f92f9e659__ep6:qa:101,test,5399ef86-4df9-49bc-809f-8f4f92f9e659__ep6,2020,Observe puzzle progress,"{""action"":""unknown"",""subtask"":""unknown"",""objects"":[]/""contact"":""unknown"",""transition"":""unknown"",""next_action"":""unknown"",""evidence_window"":{""start_frame"":0,""end_frame"":0}}",200.0,200.0,0.0
5399ef86-4df9-49bc-809f-8f4f92f9e659__ep6:qa:102,test,5399ef86-4df9-49bc-809f-8f4f92f9e659__ep6,2040,Observe puzzle progress,"{""action"":""unknown"",""subtask"":""unknown"",""objects"":[]/""contact"":""unknown"",""transition"":""unknown"",""next_action"":""unknown"",""evidence_window"":{""start_frame"":0,""end_frame"":0}}",200.0,200.0,0.0
5399ef86-4df9-49bc-809f-8f4f92f9e659__ep6:qa:120,test,5399ef86-4df9-49bc-809f-8f4f92f9e659__ep6,2400,Search for puzzle piece,"{""action"":""unknown"",""subtask"":""unknown"",""objects"":[]/""contact"":""unknown"",""transition"":""unknown"",""next_action"":""unknown"",""evidence_window"":{""start_frame"":0,""end_frame"":0}}",200.0,20.0,180.0
5399ef86-4df9-49bc-809f-8f4f92f9e659__ep6:qa:121,test,5399ef86-4df9-49bc-809f-8f4f92f9e659__ep6,2420,Search for puzzle piece,unknown,200.0,200.0,0.0
5399ef86-4df9-49bc-809f-8f4f92f9e659__ep6:qa:140,test,5399ef86-4df9-49bc-809f-8f4f92f9e659__ep6,2800,Release puzzle piece,"{""action"":""unknown"",""subtask"":""unknown"",""objects"":[]/""contact"":""unknown"",""transition"":""unknown"",""next_action"":""unknown"",""evidence_window"":{""start_frame"":0,""end_frame"":0}}",80.0,20.0,60.0
5399ef86-4df9-49bc-809f-8f4f92f9e659__ep6:qa:141,test,5399ef86-4df9-49bc-809f-8f4f92f9e659__ep6,2820,Release puzzle piece,Adjust Mahjong tile,60.0,60.0,0.0
5399ef86-4df9-49bc-809f-8f4f92f9e659__ep6:qa:144,test,5399ef86-4df9-49bc-809f-8f4f92f9e659__ep6,2880,Adjust puzzle piece,"{""action"":""unknown"",""subtask"":""unknown"",""objects"":[]/""contact"":""unknown"",""transition"":""unknown"",""next_action"":""unknown"",""evidence_window"":{""start_frame"":0,""end_frame"":0}}",120.0,120.0,0.0
5399ef86-4df9-49bc-809f-8f4f92f9e659__ep6:qa:145,test,5399ef86-4df9-49bc-809f-8f4f92f9e659__ep6,2900,Adjust puzzle piece,"{""action"":""unknown"",""subtask"":""unknown"",""objects"":[]/""contact"":""unknown"",""transition"":""unknown"",""next_action"":""unknown"",""evidence_window"":{""start_frame"":0,""end_frame"":0}}",100.0,100.0,0.0
5399ef86-4df9-49bc-809f-8f4f92f9e659__ep6:qa:146,test,5399ef86-4df9-49bc-809f-8f4f92f9e659__ep6,2920,Adjust puzzle piece,"{""action"":""unknown"",""subtask"":""unknown"",""objects"":[]/""contact"":""unknown"",""transition"":""unknown"",""next_action"":""unknown"",""evidence_window"":{""start_frame"":0,""end_frame"":0}}",80.0,80.0,0.0
5399ef86-4df9-49bc-809f-8f4f92f9e659__ep6:qa:150,test,5399ef86-4df9-49bc-809f-8f4f92f9e659__ep6,3000,Reach for puzzle piece,unknown,200.0,20.0,180.0
5399ef86-4df9-49bc-809f-8f4f92f9e659__ep6:qa:151,test,5399ef86-4df9-49bc-809f-8f4f92f9e659__ep6,3020,Reach for puzzle piece,Adjusting and placing down paper pieces,180.0,180.0,0.0
5399ef86-4df9-49bc-809f-8f4f92f9e659__ep6:qa:160,test,5399ef86-4df9-49bc-809f-8f4f92f9e659__ep6,3200,Attempt to fit puzzle piece,unknown,200.0,40.0,160.0
5399ef86-4df9-49bc-809f-8f4f92f9e659__ep6:qa:161,test,5399ef86-4df9-49bc-809f-8f4f92f9e659__ep6,3220,Attempt to fit puzzle piece,unknown,200.0,20.0,180.0
5399ef86-4df9-49bc-809f-8f4f92f9e659__ep6:qa:162,test,5399ef86-4df9-49bc-809f-8f4f92f9e659__ep6,3240,Attempt to fit puzzle piece,"{""action"":""unknown"",""subtask"":""unknown"",""objects"":[]/""contact"":""unknown"",""transition"":""unknown"",""next_action"":""unknown"",""evidence_window"":{""start_frame"":0,""end_frame"":0}}",200.0,200.0,0.0
5399ef86-4df9-49bc-809f-8f4f92f9e659__ep6:qa:190,test,5399ef86-4df9-49bc-809f-8f4f92f9e659__ep6,3800,Sort puzzle pieces,"{""action"":""unknown"",""subtask"":""unknown"",""objects"":[]/""contact"":""unknown"",""transition"":""unknown"",""next_action"":""unknown"",""evidence_window"":{""start_frame"":0,""end_frame"":0}}",200.0,200.0,0.0
5399ef86-4df9-49bc-809f-8f4f92f9e659__ep6:qa:191,test,5399ef86-4df9-49bc-809f-8f4f92f9e659__ep6,3820,Sort puzzle pieces,"{""action"":""unknown"",""subtask"":""unknown"",""objects"":[]/""contact"":""unknown"",""transition"":""unknown"",""next_action"":""unknown"",""evidence_window"":{""start_frame"":0,""end_frame"":0}}",200.0,200.0,0.0
b750fab3-7fbb-43a0-b451-c64c4d4a64da__ep1:qa:0,test,b750fab3-7fbb-43a0-b451-c64c4d4a64da__ep1,0,Walking across the room,unknown,200.0,200.0,0.0
b750fab3-7fbb-43a0-b451-c64c4d4a64da__ep1:qa:20,test,b750fab3-7fbb-43a0-b451-c64c4d4a64da__ep1,400,Approaching the table,Approach table,160.0,180.0,20.0
b750fab3-7fbb-43a0-b451-c64c4d4a64da__ep1:qa:21,test,b750fab3-7fbb-43a0-b451-c64c4d4a64da__ep1,420,Approaching the table,Approach table,140.0,160.0,20.0
b750fab3-7fbb-43a0-b451-c64c4d4a64da__ep1:qa:28,test,b750fab3-7fbb-43a0-b451-c64c4d4a64da__ep1,560,Preparing to craft,Approach table,120.0,20.0,100.0
b750fab3-7fbb-43a0-b451-c64c4d4a64da__ep1:qa:29,test,b750fab3-7fbb-43a0-b451-c64c4d4a64da__ep1,580,Preparing to craft,Adjust Mahjong tile,100.0,100.0,0.0
b750fab3-7fbb-43a0-b451-c64c4d4a64da__ep1:qa:34,test,b750fab3-7fbb-43a0-b451-c64c4d4a64da__ep1,680,Picking up crafting material,Browsing smartphone content,120.0,20.0,100.0
b750fab3-7fbb-43a0-b451-c64c4d4a64da__ep1:qa:35,test,b750fab3-7fbb-43a0-b451-c64c4d4a64da__ep1,700,Picking up crafting material,Manipulate paper strip,100.0,100.0,0.0
b750fab3-7fbb-43a0-b451-c64c4d4a64da__ep1:qa:40,test,b750fab3-7fbb-43a0-b451-c64c4d4a64da__ep1,800,Use phone,Browsing smartphone content,200.0,200.0,0.0
b750fab3-7fbb-43a0-b451-c64c4d4a64da__ep1:qa:41,test,b750fab3-7fbb-43a0-b451-c64c4d4a64da__ep1,820,Use phone,Browsing smartphone content,200.0,200.0,0.0
b750fab3-7fbb-43a0-b451-c64c4d4a64da__ep1:qa:70,test,b750fab3-7fbb-43a0-b451-c64c4d4a64da__ep1,1400,Pick up small piece of material,Browsing smartphone content,80.0,20.0,60.0
b750fab3-7fbb-43a0-b451-c64c4d4a64da__ep1:qa:71,test,b750fab3-7fbb-43a0-b451-c64c4d4a64da__ep1,1420,Pick up small piece of material,Manipulate paper strip,60.0,200.0,140.0
b750fab3-7fbb-43a0-b451-c64c4d4a64da__ep1:qa:74,test,b750fab3-7fbb-43a0-b451-c64c4d4a64da__ep1,1480,Manipulate material,Manipulate paper strip,160.0,200.0,40.0
b750fab3-7fbb-43a0-b451-c64c4d4a64da__ep1:qa:75,test,b750fab3-7fbb-43a0-b451-c64c4d4a64da__ep1,1500,Manipulate material,Manipulate paper strip,140.0,200.0,60.0
b750fab3-7fbb-43a0-b451-c64c4d4a64da__ep1:qa:82,test,b750fab3-7fbb-43a0-b451-c64c4d4a64da__ep1,1640,Place material,Manipulate paper strip,160.0,200.0,40.0
b750fab3-7fbb-43a0-b451-c64c4d4a64da__ep1:qa:83,test,b750fab3-7fbb-43a0-b451-c64c4d4a64da__ep1,1660,Place material,Manipulate paper strip,140.0,200.0,60.0
b750fab3-7fbb-43a0-b451-c64c4d4a64da__ep1:qa:90,test,b750fab3-7fbb-43a0-b451-c64c4d4a64da__ep1,1800,Manipulate yellow strip,Manipulate paper strip,200.0,200.0,0.0
b750fab3-7fbb-43a0-b451-c64c4d4a64da__ep1:qa:91,test,b750fab3-7fbb-43a0-b451-c64c4d4a64da__ep1,1820,Manipulate yellow strip,Manipulate paper strip,200.0,200.0,0.0
b750fab3-7fbb-43a0-b451-c64c4d4a64da__ep1:qa:120,test,b750fab3-7fbb-43a0-b451-c64c4d4a64da__ep1,2400,Manipulating paper strips,Manipulate paper strip,200.0,200.0,0.0
b750fab3-7fbb-43a0-b451-c64c4d4a64da__ep1:qa:121,test,b750fab3-7fbb-43a0-b451-c64c4d4a64da__ep1,2420,Manipulating paper strips,Manipulate paper strip,200.0,200.0,0.0
b750fab3-7fbb-43a0-b451-c64c4d4a64da__ep1:qa:150,test,b750fab3-7fbb-43a0-b451-c64c4d4a64da__ep1,3000,Manipulate paper strip,Manipulate paper strip,200.0,200.0,0.0
b750fab3-7fbb-43a0-b451-c64c4d4a64da__ep1:qa:151,test,b750fab3-7fbb-43a0-b451-c64c4d4a64da__ep1,3020,Manipulate paper strip,Manipulate paper strip,200.0,200.0,0.0
b750fab3-7fbb-43a0-b451-c64c4d4a64da__ep1:qa:190,test,b750fab3-7fbb-43a0-b451-c64c4d4a64da__ep1,3800,Manipulate bead,Manipulate paper strip,200.0,200.0,0.0
b750fab3-7fbb-43a0-b451-c64c4d4a64da__ep1:qa:191,test,b750fab3-7fbb-43a0-b451-c64c4d4a64da__ep1,3820,Manipulate bead,Manipulate paper strip,200.0,200.0,0.0
b750fab3-7fbb-43a0-b451-c64c4d4a64da__ep1:qa:220,test,b750fab3-7fbb-43a0-b451-c64c4d4a64da__ep1,4400,Manipulate beads,Manipulate paper strip,200.0,20.0,180.0
b750fab3-7fbb-43a0-b451-c64c4d4a64da__ep1:qa:221,test,b750fab3-7fbb-43a0-b451-c64c4d4a64da__ep1,4420,Manipulate beads,Adjust bead piles,200.0,200.0,0.0
b750fab3-7fbb-43a0-b451-c64c4d4a64da__ep1:qa:240,test,b750fab3-7fbb-43a0-b451-c64c4d4a64da__ep1,4800,Use phone while crafting,Browsing smartphone content,120.0,120.0,0.0
b750fab3-7fbb-43a0-b451-c64c4d4a64da__ep1:qa:246,test,b750fab3-7fbb-43a0-b451-c64c4d4a64da__ep1,4920,Place phone down,Manipulate paper strip,80.0,200.0,120.0
b750fab3-7fbb-43a0-b451-c64c4d4a64da__ep1:qa:247,test,b750fab3-7fbb-43a0-b451-c64c4d4a64da__ep1,4940,Place phone down,Manipulate paper strip,60.0,200.0,140.0
b750fab3-7fbb-43a0-b451-c64c4d4a64da__ep1:qa:250,test,b750fab3-7fbb-43a0-b451-c64c4d4a64da__ep1,5000,Hold and manipulate paper strip,Manipulate paper strip,200.0,200.0,0.0
b750fab3-7fbb-43a0-b451-c64c4d4a64da__ep1:qa:251,test,b750fab3-7fbb-43a0-b451-c64c4d4a64da__ep1,5020,Hold and manipulate paper strip,Manipulate paper strip,200.0,200.0,0.0
b750fab3-7fbb-43a0-b451-c64c4d4a64da__ep1:qa:296,test,b750fab3-7fbb-43a0-b451-c64c4d4a64da__ep1,5920,Interact with smartphone,Browsing smartphone content,200.0,200.0,0.0
b750fab3-7fbb-43a0-b451-c64c4d4a64da__ep1:qa:297,test,b750fab3-7fbb-43a0-b451-c64c4d4a64da__ep1,5940,Interact with smartphone,Browsing smartphone content,200.0,200.0,0.0
877779cd-25f3-4293-a3c4-39067dd9558c__ep4:qa:0,test,877779cd-25f3-4293-a3c4-39067dd9558c__ep4,0,Sort buttons,Adjust bead piles,200.0,20.0,180.0
877779cd-25f3-4293-a3c4-39067dd9558c__ep4:qa:1,test,877779cd-25f3-4293-a3c4-39067dd9558c__ep4,20,Sort buttons,Arrange buttons,200.0,200.0,0.0
877779cd-25f3-4293-a3c4-39067dd9558c__ep4:qa:2,test,877779cd-25f3-4293-a3c4-39067dd9558c__ep4,40,Sort buttons,Arrange buttons,200.0,200.0,0.0
877779cd-25f3-4293-a3c4-39067dd9558c__ep4:qa:20,test,877779cd-25f3-4293-a3c4-39067dd9558c__ep4,400,Arrange buttons,Manipulate colorful pieces,200.0,20.0,180.0
877779cd-25f3-4293-a3c4-39067dd9558c__ep4:qa:21,test,877779cd-25f3-4293-a3c4-39067dd9558c__ep4,420,Arrange buttons,Manipulate paper strip,200.0,20.0,180.0
877779cd-25f3-4293-a3c4-39067dd9558c__ep4:qa:22,test,877779cd-25f3-4293-a3c4-39067dd9558c__ep4,440,Arrange buttons,Adjust bead piles,200.0,20.0,180.0
877779cd-25f3-4293-a3c4-39067dd9558c__ep4:qa:23,test,877779cd-25f3-4293-a3c4-39067dd9558c__ep4,460,Arrange buttons,Adjust red button,200.0,200.0,0.0
877779cd-25f3-4293-a3c4-39067dd9558c__ep4:qa:50,test,877779cd-25f3-4293-a3c4-39067dd9558c__ep4,1000,Arrange buttons in a line,Manipulate paper strip,200.0,200.0,0.0
877779cd-25f3-4293-a3c4-39067dd9558c__ep4:qa:51,test,877779cd-25f3-4293-a3c4-39067dd9558c__ep4,1020,Arrange buttons in a line,Manipulate paper strip,200.0,200.0,0.0
877779cd-25f3-4293-a3c4-39067dd9558c__ep4:qa:52,test,877779cd-25f3-4293-a3c4-39067dd9558c__ep4,1040,Arrange buttons in a line,Manipulate paper strip,200.0,200.0,0.0
877779cd-25f3-4293-a3c4-39067dd9558c__ep4:qa:53,test,877779cd-25f3-4293-a3c4-39067dd9558c__ep4,1060,Arrange buttons in a line,Manipulate paper strip,200.0,200.0,0.0
877779cd-25f3-4293-a3c4-39067dd9558c__ep4:qa:70,test,877779cd-25f3-4293-a3c4-39067dd9558c__ep4,1400,Sort and arrange buttons,Manipulate paper strip,200.0,40.0,160.0
877779cd-25f3-4293-a3c4-39067dd9558c__ep4:qa:71,test,877779cd-25f3-4293-a3c4-39067dd9558c__ep4,1420,Sort and arrange buttons,Manipulate paper strip,200.0,20.0,180.0
877779cd-25f3-4293-a3c4-39067dd9558c__ep4:qa:72,test,877779cd-25f3-4293-a3c4-39067dd9558c__ep4,1440,Sort and arrange buttons,Adjust Mahjong tile,200.0,200.0,0.0
877779cd-25f3-4293-a3c4-39067dd9558c__ep4:qa:100,test,877779cd-25f3-4293-a3c4-39067dd9558c__ep4,2000,Pick up button,Manipulate colorful pieces,160.0,160.0,0.0
877779cd-25f3-4293-a3c4-39067dd9558c__ep4:qa:101,test,877779cd-25f3-4293-a3c4-39067dd9558c__ep4,2020,Pick up button,Manipulate colorful pieces,140.0,140.0,0.0
877779cd-25f3-4293-a3c4-39067dd9558c__ep4:qa:102,test,877779cd-25f3-4293-a3c4-39067dd9558c__ep4,2040,Pick up button,Manipulate colorful pieces,120.0,120.0,0.0
877779cd-25f3-4293-a3c4-39067dd9558c__ep4:qa:108,test,877779cd-25f3-4293-a3c4-39067dd9558c__ep4,2160,Place button,Manipulate paper strip,200.0,20.0,180.0
877779cd-25f3-4293-a3c4-39067dd9558c__ep4:qa:109,test,877779cd-25f3-4293-a3c4-39067dd9558c__ep4,2180,Place button,Fold paper strip,200.0,20.0,180.0
877779cd-25f3-4293-a3c4-39067dd9558c__ep4:qa:110,test,877779cd-25f3-4293-a3c4-39067dd9558c__ep4,2200,Place button,Manipulate colorful pieces,200.0,200.0,0.0
877779cd-25f3-4293-a3c4-39067dd9558c__ep4:qa:120,test,877779cd-25f3-4293-a3c4-39067dd9558c__ep4,2400,Sort button,Adjust Mahjong tile,200.0,20.0,180.0
877779cd-25f3-4293-a3c4-39067dd9558c__ep4:qa:121,test,877779cd-25f3-4293-a3c4-39067dd9558c__ep4,2420,Sort button,Manipulate paper strip,200.0,20.0,180.0
877779cd-25f3-4293-a3c4-39067dd9558c__ep4:qa:122,test,877779cd-25f3-4293-a3c4-39067dd9558c__ep4,2440,Sort button,Adjust bead piles,200.0,200.0,0.0
877779cd-25f3-4293-a3c4-39067dd9558c__ep4:qa:150,test,877779cd-25f3-4293-a3c4-39067dd9558c__ep4,3000,Sort and adjust button line,Manipulate paper strip,200.0,200.0,0.0
877779cd-25f3-4293-a3c4-39067dd9558c__ep4:qa:151,test,877779cd-25f3-4293-a3c4-39067dd9558c__ep4,3020,Sort and adjust button line,Manipulate paper strip,200.0,200.0,0.0
877779cd-25f3-4293-a3c4-39067dd9558c__ep4:qa:152,test,877779cd-25f3-4293-a3c4-39067dd9558c__ep4,3040,Sort and adjust button line,Manipulate paper strip,200.0,200.0,0.0
877779cd-25f3-4293-a3c4-39067dd9558c__ep4:qa:170,test,877779cd-25f3-4293-a3c4-39067dd9558c__ep4,3400,Use smartphone,Browsing smartphone content,200.0,200.0,0.0
877779cd-25f3-4293-a3c4-39067dd9558c__ep4:qa:171,test,877779cd-25f3-4293-a3c4-39067dd9558c__ep4,3420,Use smartphone,Browsing smartphone content,200.0,200.0,0.0
877779cd-25f3-4293-a3c4-39067dd9558c__ep4:qa:172,test,877779cd-25f3-4293-a3c4-39067dd9558c__ep4,3440,Use smartphone,Browsing smartphone content,200.0,200.0,0.0
877779cd-25f3-4293-a3c4-39067dd9558c__ep4:qa:200,test,877779cd-25f3-4293-a3c4-39067dd9558c__ep4,4000,Sort and place buttons,Manipulate paper strip,200.0,20.0,180.0
877779cd-25f3-4293-a3c4-39067dd9558c__ep4:qa:201,test,877779cd-25f3-4293-a3c4-39067dd9558c__ep4,4020,Sort and place buttons,Adjust Mahjong tile,200.0,200.0,0.0
877779cd-25f3-4293-a3c4-39067dd9558c__ep4:qa:202,test,877779cd-25f3-4293-a3c4-39067dd9558c__ep4,4040,Sort and place buttons,Adjust Mahjong tile,200.0,200.0,0.0
1796b943-caad-43c6-b9bd-80b8d601f37d__ep1:qa:0,test,1796b943-caad-43c6-b9bd-80b8d601f37d__ep1,0,Walking in the hallway,unknown,200.0,20.0,180.0
1796b943-caad-43c6-b9bd-80b8d601f37d__ep1:qa:1,test,1796b943-caad-43c6-b9bd-80b8d601f37d__ep1,20,Walking in the hallway,Approach table,180.0,20.0,160.0
1796b943-caad-43c6-b9bd-80b8d601f37d__ep1:qa:2,test,1796b943-caad-43c6-b9bd-80b8d601f37d__ep1,40,Walking in the hallway,Adjust Mahjong tile,160.0,160.0,0.0
1796b943-caad-43c6-b9bd-80b8d601f37d__ep1:qa:10,test,1796b943-caad-43c6-b9bd-80b8d601f37d__ep1,200,Approaching and pressing the door switch,Approach packing area,200.0,20.0,180.0
1796b943-caad-43c6-b9bd-80b8d601f37d__ep1:qa:11,test,1796b943-caad-43c6-b9bd-80b8d601f37d__ep1,220,Approaching and pressing the door switch,Interacting with colleagues,180.0,20.0,160.0
1796b943-caad-43c6-b9bd-80b8d601f37d__ep1:qa:12,test,1796b943-caad-43c6-b9bd-80b8d601f37d__ep1,240,Approaching and pressing the door switch,Walking through the room,160.0,20.0,140.0
1796b943-caad-43c6-b9bd-80b8d601f37d__ep1:qa:13,test,1796b943-caad-43c6-b9bd-80b8d601f37d__ep1,260,Approaching and pressing the door switch,Gathering items,140.0,140.0,0.0
1796b943-caad-43c6-b9bd-80b8d601f37d__ep1:qa:20,test,1796b943-caad-43c6-b9bd-80b8d601f37d__ep1,400,Entering the VR training room,Walking through hallway,160.0,20.0,140.0
1796b943-caad-43c6-b9bd-80b8d601f37d__ep1:qa:21,test,1796b943-caad-43c6-b9bd-80b8d601f37d__ep1,420,Entering the VR training room,unknown,140.0,20.0,120.0
1796b943-caad-43c6-b9bd-80b8d601f37d__ep1:qa:22,test,1796b943-caad-43c6-b9bd-80b8d601f37d__ep1,440,Entering the VR training room,Browsing smartphone content,120.0,140.0,20.0
1796b943-caad-43c6-b9bd-80b8d601f37d__ep1:qa:28,test,1796b943-caad-43c6-b9bd-80b8d601f37d__ep1,560,Greeting/acknowledging participants,Browsing smartphone content,200.0,20.0,180.0
1796b943-caad-43c6-b9bd-80b8d601f37d__ep1:qa:29,test,1796b943-caad-43c6-b9bd-80b8d601f37d__ep1,580,Greeting/acknowledging participants,Interacting with phone,200.0,200.0,0.0
1796b943-caad-43c6-b9bd-80b8d601f37d__ep1:qa:30,test,1796b943-caad-43c6-b9bd-80b8d601f37d__ep1,600,Greeting/acknowledging participants,Interacting with phone,200.0,200.0,0.0
1796b943-caad-43c6-b9bd-80b8d601f37d__ep1:qa:40,test,1796b943-caad-43c6-b9bd-80b8d601f37d__ep1,800,Move through the training room,Interacting with colleagues,200.0,20.0,180.0
1796b943-caad-43c6-b9bd-80b8d601f37d__ep1:qa:41,test,1796b943-caad-43c6-b9bd-80b8d601f37d__ep1,820,Move through the training room,"{""action"": ""Interacting with phone"", ""subtask"": ""Browsing and interacting with phone interface"", ""objects"": [""smartphone"", ""person"", ""table"", ""chair"", ""wall"", ""floor"", ""ceiling"", ""lighting fixture"", ""door"", ""window"", ""poster"", ""sign"", ""banner"", ""plant"", ""carpet"", ""railing"", ""staircase"", ""elevator"", ""escalator"", ""handrail"",",180.0,20.0,160.0
1796b943-caad-43c6-b9bd-80b8d601f37d__ep1:qa:42,test,1796b943-caad-43c6-b9bd-80b8d601f37d__ep1,840,Move through the training room,Browsing smartphone content,160.0,160.0,0.0
1796b943-caad-43c6-b9bd-80b8d601f37d__ep1:qa:50,test,1796b943-caad-43c6-b9bd-80b8d601f37d__ep1,1000,Manipulate plastic strips,Adjust Mahjong tile,200.0,20.0,180.0
1796b943-caad-43c6-b9bd-80b8d601f37d__ep1:qa:51,test,1796b943-caad-43c6-b9bd-80b8d601f37d__ep1,1020,Manipulate plastic strips,Approach table,200.0,20.0,180.0
1796b943-caad-43c6-b9bd-80b8d601f37d__ep1:qa:52,test,1796b943-caad-43c6-b9bd-80b8d601f37d__ep1,1040,Manipulate plastic strips,Adjust Mahjong tile,200.0,200.0,0.0
1796b943-caad-43c6-b9bd-80b8d601f37d__ep1:qa:70,test,1796b943-caad-43c6-b9bd-80b8d601f37d__ep1,1400,Manipulate plastic strip,Manipulate paper strip,200.0,20.0,180.0
1796b943-caad-43c6-b9bd-80b8d601f37d__ep1:qa:71,test,1796b943-caad-43c6-b9bd-80b8d601f37d__ep1,1420,Manipulate plastic strip,Fold paper strip,200.0,20.0,180.0
1796b943-caad-43c6-b9bd-80b8d601f37d__ep1:qa:72,test,1796b943-caad-43c6-b9bd-80b8d601f37d__ep1,1440,Manipulate plastic strip,Manipulate paper strip,200.0,200.0,0.0
1796b943-caad-43c6-b9bd-80b8d601f37d__ep1:qa:90,test,1796b943-caad-43c6-b9bd-80b8d601f37d__ep1,1800,Hold and bend plastic strip,Manipulate paper strip,200.0,40.0,160.0
1796b943-caad-43c6-b9bd-80b8d601f37d__ep1:qa:91,test,1796b943-caad-43c6-b9bd-80b8d601f37d__ep1,1820,Hold and bend plastic strip,Manipulate paper strip,180.0,20.0,160.0
1796b943-caad-43c6-b9bd-80b8d601f37d__ep1:qa:92,test,1796b943-caad-43c6-b9bd-80b8d601f37d__ep1,1840,Hold and bend plastic strip,Fold paper strip,160.0,180.0,20.0
1796b943-caad-43c6-b9bd-80b8d601f37d__ep1:qa:100,test,1796b943-caad-43c6-b9bd-80b8d601f37d__ep1,2000,Bend and manipulate plastic strip,Fold paper strip,200.0,20.0,180.0
1796b943-caad-43c6-b9bd-80b8d601f37d__ep1:qa:101,test,1796b943-caad-43c6-b9bd-80b8d601f37d__ep1,2020,Bend and manipulate plastic strip,Manipulate paper strip,200.0,20.0,180.0
1796b943-caad-43c6-b9bd-80b8d601f37d__ep1:qa:102,test,1796b943-caad-43c6-b9bd-80b8d601f37d__ep1,2040,Bend and manipulate plastic strip,Fold paper strip,200.0,20.0,180.0
1796b943-caad-43c6-b9bd-80b8d601f37d__ep1:qa:103,test,1796b943-caad-43c6-b9bd-80b8d601f37d__ep1,2060,Bend and manipulate plastic strip,Manipulate paper strip,200.0,200.0,0.0
1796b943-caad-43c6-b9bd-80b8d601f37d__ep1:qa:140,test,1796b943-caad-43c6-b9bd-80b8d601f37d__ep1,2800,Fold plastic strip,Manipulate paper strip,200.0,20.0,180.0
1796b943-caad-43c6-b9bd-80b8d601f37d__ep1:qa:141,test,1796b943-caad-43c6-b9bd-80b8d601f37d__ep1,2820,Fold plastic strip,Fold paper strip,200.0,20.0,180.0
1796b943-caad-43c6-b9bd-80b8d601f37d__ep1:qa:142,test,1796b943-caad-43c6-b9bd-80b8d601f37d__ep1,2840,Fold plastic strip,Adjust Mahjong tile,200.0,200.0,0.0
ba18b7c1-21ff-45da-8452-41acce7fc8de__ep2:qa:0,test,ba18b7c1-21ff-45da-8452-41acce7fc8de__ep2,0,Manipulate paper decoration,Browsing smartphone content,200.0,200.0,0.0
ba18b7c1-21ff-45da-8452-41acce7fc8de__ep2:qa:1,test,ba18b7c1-21ff-45da-8452-41acce7fc8de__ep2,20,Manipulate paper decoration,Browsing smartphone content,200.0,200.0,0.0
ba18b7c1-21ff-45da-8452-41acce7fc8de__ep2:qa:2,test,ba18b7c1-21ff-45da-8452-41acce7fc8de__ep2,40,Manipulate paper decoration,Browsing smartphone content,200.0,200.0,0.0
ba18b7c1-21ff-45da-8452-41acce7fc8de__ep2:qa:3,test,ba18b7c1-21ff-45da-8452-41acce7fc8de__ep2,60,Manipulate paper decoration,Browsing smartphone content,200.0,200.0,0.0
ba18b7c1-21ff-45da-8452-41acce7fc8de__ep2:qa:4,test,ba18b7c1-21ff-45da-8452-41acce7fc8de__ep2,80,Manipulate paper decoration,Browsing smartphone content,200.0,200.0,0.0
ba18b7c1-21ff-45da-8452-41acce7fc8de__ep2:qa:40,test,ba18b7c1-21ff-45da-8452-41acce7fc8de__ep2,800,Manipulate paper edge,Manipulate paper strip,200.0,20.0,180.0
ba18b7c1-21ff-45da-8452-41acce7fc8de__ep2:qa:41,test,ba18b7c1-21ff-45da-8452-41acce7fc8de__ep2,820,Manipulate paper edge,Browsing smartphone content,200.0,20.0,180.0
ba18b7c1-21ff-45da-8452-41acce7fc8de__ep2:qa:42,test,ba18b7c1-21ff-45da-8452-41acce7fc8de__ep2,840,Manipulate paper edge,Manipulate paper strip,200.0,20.0,180.0
ba18b7c1-21ff-45da-8452-41acce7fc8de__ep2:qa:43,test,ba18b7c1-21ff-45da-8452-41acce7fc8de__ep2,860,Manipulate paper edge,Fold paper strip,200.0,20.0,180.0
ba18b7c1-21ff-45da-8452-41acce7fc8de__ep2:qa:44,test,ba18b7c1-21ff-45da-8452-41acce7fc8de__ep2,880,Manipulate paper edge,Browsing smartphone content,200.0,200.0,0.0
ba18b7c1-21ff-45da-8452-41acce7fc8de__ep2:qa:60,test,ba18b7c1-21ff-45da-8452-41acce7fc8de__ep2,1200,Placing paper strip,Browsing smartphone content,200.0,60.0,140.0
ba18b7c1-21ff-45da-8452-41acce7fc8de__ep2:qa:61,test,ba18b7c1-21ff-45da-8452-41acce7fc8de__ep2,1220,Placing paper strip,Browsing smartphone content,200.0,40.0,160.0
ba18b7c1-21ff-45da-8452-41acce7fc8de__ep2:qa:62,test,ba18b7c1-21ff-45da-8452-41acce7fc8de__ep2,1240,Placing paper strip,Browsing smartphone content,200.0,20.0,180.0
ba18b7c1-21ff-45da-8452-41acce7fc8de__ep2:qa:63,test,ba18b7c1-21ff-45da-8452-41acce7fc8de__ep2,1260,Placing paper strip,Adjust Mahjong tile,200.0,200.0,0.0
ba18b7c1-21ff-45da-8452-41acce7fc8de__ep2:qa:90,test,ba18b7c1-21ff-45da-8452-41acce7fc8de__ep2,1800,Manipulate paper strip,Manipulate paper strip,200.0,60.0,140.0
ba18b7c1-21ff-45da-8452-41acce7fc8de__ep2:qa:91,test,ba18b7c1-21ff-45da-8452-41acce7fc8de__ep2,1820,Manipulate paper strip,Manipulate paper strip,200.0,40.0,160.0
ba18b7c1-21ff-45da-8452-41acce7fc8de__ep2:qa:92,test,ba18b7c1-21ff-45da-8452-41acce7fc8de__ep2,1840,Manipulate paper strip,Manipulate paper strip,200.0,20.0,180.0
ba18b7c1-21ff-45da-8452-41acce7fc8de__ep2:qa:93,test,ba18b7c1-21ff-45da-8452-41acce7fc8de__ep2,1860,Manipulate paper strip,Browsing smartphone content,200.0,20.0,180.0
ba18b7c1-21ff-45da-8452-41acce7fc8de__ep2:qa:94,test,ba18b7c1-21ff-45da-8452-41acce7fc8de__ep2,1880,Manipulate paper strip,Manipulate paper strip,200.0,200.0,0.0
ba18b7c1-21ff-45da-8452-41acce7fc8de__ep2:qa:146,test,ba18b7c1-21ff-45da-8452-41acce7fc8de__ep2,2920,Securing paper structure,Manipulate paper strip,200.0,200.0,0.0
ba18b7c1-21ff-45da-8452-41acce7fc8de__ep2:qa:147,test,ba18b7c1-21ff-45da-8452-41acce7fc8de__ep2,2940,Securing paper structure,Manipulate paper strip,200.0,200.0,0.0
ba18b7c1-21ff-45da-8452-41acce7fc8de__ep2:qa:148,test,ba18b7c1-21ff-45da-8452-41acce7fc8de__ep2,2960,Securing paper structure,Manipulate paper strip,200.0,200.0,0.0
ba18b7c1-21ff-45da-8452-41acce7fc8de__ep2:qa:149,test,ba18b7c1-21ff-45da-8452-41acce7fc8de__ep2,2980,Securing paper structure,Manipulate paper strip,200.0,200.0,0.0
ba18b7c1-21ff-45da-8452-41acce7fc8de__ep2:qa:170,test,ba18b7c1-21ff-45da-8452-41acce7fc8de__ep2,3400,Manipulate adhesive strip,Browsing smartphone content,200.0,200.0,0.0
ba18b7c1-21ff-45da-8452-41acce7fc8de__ep2:qa:171,test,ba18b7c1-21ff-45da-8452-41acce7fc8de__ep2,3420,Manipulate adhesive strip,Browsing smartphone content,200.0,200.0,0.0
ba18b7c1-21ff-45da-8452-41acce7fc8de__ep2:qa:172,test,ba18b7c1-21ff-45da-8452-41acce7fc8de__ep2,3440,Manipulate adhesive strip,Browsing smartphone content,200.0,200.0,0.0
ba18b7c1-21ff-45da-8452-41acce7fc8de__ep2:qa:173,test,ba18b7c1-21ff-45da-8452-41acce7fc8de__ep2,3460,Manipulate adhesive strip,Browsing smartphone content,200.0,200.0,0.0
ba18b7c1-21ff-45da-8452-41acce7fc8de__ep2:qa:174,test,ba18b7c1-21ff-45da-8452-41acce7fc8de__ep2,3480,Manipulate adhesive strip,Browsing smartphone content,200.0,200.0,0.0
ba18b7c1-21ff-45da-8452-41acce7fc8de__ep2:qa:240,test,ba18b7c1-21ff-45da-8452-41acce7fc8de__ep2,4800,Secure paper edges with adhesive,Browsing smartphone content,200.0,200.0,0.0
ba18b7c1-21ff-45da-8452-41acce7fc8de__ep2:qa:241,test,ba18b7c1-21ff-45da-8452-41acce7fc8de__ep2,4820,Secure paper edges with adhesive,Browsing smartphone content,200.0,200.0,0.0
ba18b7c1-21ff-45da-8452-41acce7fc8de__ep2:qa:242,test,ba18b7c1-21ff-45da-8452-41acce7fc8de__ep2,4840,Secure paper edges with adhesive,Browsing smartphone content,200.0,200.0,0.0
ba18b7c1-21ff-45da-8452-41acce7fc8de__ep2:qa:243,test,ba18b7c1-21ff-45da-8452-41acce7fc8de__ep2,4860,Secure paper edges with adhesive,Browsing smartphone content,200.0,200.0,0.0
b6579cb5-0a71-4ca6-8808-1e2700be05c7__ep3:qa:0,test,b6579cb5-0a71-4ca6-8808-1e2700be05c7__ep3,0,Sort beads,Write on paper,200.0,200.0,0.0
b6579cb5-0a71-4ca6-8808-1e2700be05c7__ep3:qa:1,test,b6579cb5-0a71-4ca6-8808-1e2700be05c7__ep3,20,Sort beads,Write on paper,200.0,200.0,0.0
b6579cb5-0a71-4ca6-8808-1e2700be05c7__ep3:qa:14,test,b6579cb5-0a71-4ca6-8808-1e2700be05c7__ep3,280,Record count,Manipulate paper strip,200.0,20.0,180.0
b6579cb5-0a71-4ca6-8808-1e2700be05c7__ep3:qa:15,test,b6579cb5-0a71-4ca6-8808-1e2700be05c7__ep3,300,Record count,Fold paper strip,200.0,200.0,0.0
b6579cb5-0a71-4ca6-8808-1e2700be05c7__ep3:qa:50,test,b6579cb5-0a71-4ca6-8808-1e2700be05c7__ep3,1000,Sort beads and write count,Arrange buttons,200.0,200.0,0.0
b6579cb5-0a71-4ca6-8808-1e2700be05c7__ep3:qa:100,test,b6579cb5-0a71-4ca6-8808-1e2700be05c7__ep3,2000,Counting and organizing beads,Arrange buttons,200.0,20.0,180.0
b6579cb5-0a71-4ca6-8808-1e2700be05c7__ep3:qa:101,test,b6579cb5-0a71-4ca6-8808-1e2700be05c7__ep3,2020,Counting and organizing beads,Sort and arrange buttons,200.0,200.0,0.0
b6579cb5-0a71-4ca6-8808-1e2700be05c7__ep3:qa:120,test,b6579cb5-0a71-4ca6-8808-1e2700be05c7__ep3,2400,Pick up star bead,Sort star-shaped beads,160.0,20.0,140.0
b6579cb5-0a71-4ca6-8808-1e2700be05c7__ep3:qa:121,test,b6579cb5-0a71-4ca6-8808-1e2700be05c7__ep3,2420,Pick up star bead,Arrange buttons,140.0,140.0,0.0
b6579cb5-0a71-4ca6-8808-1e2700be05c7__ep3:qa:128,test,b6579cb5-0a71-4ca6-8808-1e2700be05c7__ep3,2560,Place and count bead,Manipulate paper strip,200.0,20.0,180.0
b6579cb5-0a71-4ca6-8808-1e2700be05c7__ep3:qa:129,test,b6579cb5-0a71-4ca6-8808-1e2700be05c7__ep3,2580,Place and count bead,Write on paper,200.0,200.0,0.0
b6579cb5-0a71-4ca6-8808-1e2700be05c7__ep3:qa:150,test,b6579cb5-0a71-4ca6-8808-1e2700be05c7__ep3,3000,Sort star-shaped beads,Manipulate paper strip,200.0,200.0,0.0
b6579cb5-0a71-4ca6-8808-1e2700be05c7__ep3:qa:164,test,b6579cb5-0a71-4ca6-8808-1e2700be05c7__ep3,3280,Write count on paper,Fold paper strip,200.0,200.0,0.0
b6579cb5-0a71-4ca6-8808-1e2700be05c7__ep3:qa:180,test,b6579cb5-0a71-4ca6-8808-1e2700be05c7__ep3,3600,Hold beads,Adjust bead piles,200.0,20.0,180.0
b6579cb5-0a71-4ca6-8808-1e2700be05c7__ep3:qa:181,test,b6579cb5-0a71-4ca6-8808-1e2700be05c7__ep3,3620,Hold beads,Sort and arrange buttons,200.0,200.0,0.0
b6579cb5-0a71-4ca6-8808-1e2700be05c7__ep3:qa:200,test,b6579cb5-0a71-4ca6-8808-1e2700be05c7__ep3,4000,Arrange star beads,Arrange buttons,200.0,200.0,0.0
b6579cb5-0a71-4ca6-8808-1e2700be05c7__ep3:qa:201,test,b6579cb5-0a71-4ca6-8808-1e2700be05c7__ep3,4020,Arrange star beads,Arrange buttons,200.0,200.0,0.0
b6579cb5-0a71-4ca6-8808-1e2700be05c7__ep3:qa:212,test,b6579cb5-0a71-4ca6-8808-1e2700be05c7__ep3,4240,Pick up pen,Arrange buttons,160.0,180.0,20.0
b6579cb5-0a71-4ca6-8808-1e2700be05c7__ep3:qa:213,test,b6579cb5-0a71-4ca6-8808-1e2700be05c7__ep3,4260,Pick up pen,Arrange buttons,140.0,160.0,20.0
b6579cb5-0a71-4ca6-8808-1e2700be05c7__ep3:qa:220,test,b6579cb5-0a71-4ca6-8808-1e2700be05c7__ep3,4400,Counting star beads,Arrange buttons,200.0,20.0,180.0
b6579cb5-0a71-4ca6-8808-1e2700be05c7__ep3:qa:221,test,b6579cb5-0a71-4ca6-8808-1e2700be05c7__ep3,4420,Counting star beads,Write on paper,200.0,200.0,0.0
b6579cb5-0a71-4ca6-8808-1e2700be05c7__ep3:qa:232,test,b6579cb5-0a71-4ca6-8808-1e2700be05c7__ep3,4640,Retrieving more beads,Fold paper strip,160.0,20.0,140.0
b6579cb5-0a71-4ca6-8808-1e2700be05c7__ep3:qa:233,test,b6579cb5-0a71-4ca6-8808-1e2700be05c7__ep3,4660,Retrieving more beads,Write on paper,140.0,140.0,0.0
b6579cb5-0a71-4ca6-8808-1e2700be05c7__ep3:qa:240,test,b6579cb5-0a71-4ca6-8808-1e2700be05c7__ep3,4800,Write on paper,Manipulate paper strip,80.0,80.0,0.0
b6579cb5-0a71-4ca6-8808-1e2700be05c7__ep3:qa:244,test,b6579cb5-0a71-4ca6-8808-1e2700be05c7__ep3,4880,Adjust paper,Adjust paper,120.0,20.0,100.0
b6579cb5-0a71-4ca6-8808-1e2700be05c7__ep3:qa:245,test,b6579cb5-0a71-4ca6-8808-1e2700be05c7__ep3,4900,Adjust paper,Manipulate paper strip,100.0,100.0,0.0
b6579cb5-0a71-4ca6-8808-1e2700be05c7__ep3:qa:250,test,b6579cb5-0a71-4ca6-8808-1e2700be05c7__ep3,5000,Gather star beads,Fold paper strip,120.0,20.0,100.0
b6579cb5-0a71-4ca6-8808-1e2700be05c7__ep3:qa:251,test,b6579cb5-0a71-4ca6-8808-1e2700be05c7__ep3,5020,Gather star beads,Sort and arrange buttons,100.0,100.0,0.0
b6579cb5-0a71-4ca6-8808-1e2700be05c7__ep3:qa:256,test,b6579cb5-0a71-4ca6-8808-1e2700be05c7__ep3,5120,Arrange star beads for counting,Arrange buttons,160.0,20.0,140.0
b6579cb5-0a71-4ca6-8808-1e2700be05c7__ep3:qa:257,test,b6579cb5-0a71-4ca6-8808-1e2700be05c7__ep3,5140,Arrange star beads for counting,Manipulate paper strip,140.0,200.0,60.0
b6579cb5-0a71-4ca6-8808-1e2700be05c7__ep3:qa:264,test,b6579cb5-0a71-4ca6-8808-1e2700be05c7__ep3,5280,Sort and count beads,Manipulate paper strip,200.0,200.0,0.0
b6579cb5-0a71-4ca6-8808-1e2700be05c7__ep3:qa:265,test,b6579cb5-0a71-4ca6-8808-1e2700be05c7__ep3,5300,Sort and count beads,Manipulate paper strip,200.0,200.0,0.0
