id,split,episode_id,center_window,true_next_action,pred_next_action,correct
8a8e1b3c-607e-4ada-b3fd-fa639727e92c__ep1:qa:0,test,8a8e1b3c-607e-4ada-b3fd-fa639727e92c__ep1,"{""end_frame"": 19, ""num_frames"": 20, ""start_frame"": 0}",Hold smartphone,Pick up and place canned goods on shelf,0
8a8e1b3c-607e-4ada-b3fd-fa639727e92c__ep1:qa:20,test,8a8e1b3c-607e-4ada-b3fd-fa639727e92c__ep1,"{""end_frame"": 419, ""num_frames"": 20, ""start_frame"": 400}",Use smartphone,Browsing smartphone content,0
8a8e1b3c-607e-4ada-b3fd-fa639727e92c__ep1:qa:46,test,8a8e1b3c-607e-4ada-b3fd-fa639727e92c__ep1,"{""end_frame"": 939, ""num_frames"": 20, ""start_frame"": 920}",Place smartphone on stand,Move along the shelf,0
8a8e1b3c-607e-4ada-b3fd-fa639727e92c__ep1:qa:50,test,8a8e1b3c-607e-4ada-b3fd-fa639727e92c__ep1,"{""end_frame"": 1019, ""num_frames"": 20, ""start_frame"": 1000}",Pick up dustpan,Move along the shelf,0
8a8e1b3c-607e-4ada-b3fd-fa639727e92c__ep1:qa:62,test,8a8e1b3c-607e-4ada-b3fd-fa639727e92c__ep1,"{""end_frame"": 1259, ""num_frames"": 20, ""start_frame"": 1240}",Move dustpan to side,Approach packing area,0
8a8e1b3c-607e-4ada-b3fd-fa639727e92c__ep1:qa:70,test,8a8e1b3c-607e-4ada-b3fd-fa639727e92c__ep1,"{""end_frame"": 1419, ""num_frames"": 20, ""start_frame"": 1400}",Hold container lid,Gather items for packing,0
8a8e1b3c-607e-4ada-b3fd-fa639727e92c__ep1:qa:71,test,8a8e1b3c-607e-4ada-b3fd-fa639727e92c__ep1,"{""end_frame"": 1439, ""num_frames"": 20, ""start_frame"": 1420}",Hold container lid,Reach for and pick up smartphone,0
8a8e1b3c-607e-4ada-b3fd-fa639727e92c__ep1:qa:90,test,8a8e1b3c-607e-4ada-b3fd-fa639727e92c__ep1,"{""end_frame"": 1819, ""num_frames"": 20, ""start_frame"": 1800}",Move towards the stove,Adjust Mahjong tile,0
8a8e1b3c-607e-4ada-b3fd-fa639727e92c__ep1:qa:100,test,8a8e1b3c-607e-4ada-b3fd-fa639727e92c__ep1,"{""end_frame"": 2019, ""num_frames"": 20, ""start_frame"": 2000}",Open stove pot lid,Browsing smartphone content,0
8a8e1b3c-607e-4ada-b3fd-fa639727e92c__ep1:qa:120,test,8a8e1b3c-607e-4ada-b3fd-fa639727e92c__ep1,"{""end_frame"": 2419, ""num_frames"": 20, ""start_frame"": 2400}",Walking towards door,Browsing smartphone content,0
8a8e1b3c-607e-4ada-b3fd-fa639727e92c__ep1:qa:126,test,8a8e1b3c-607e-4ada-b3fd-fa639727e92c__ep1,"{""end_frame"": 2539, ""num_frames"": 20, ""start_frame"": 2520}",Closing the door,Approach packing area,0
8a8e1b3c-607e-4ada-b3fd-fa639727e92c__ep1:qa:127,test,8a8e1b3c-607e-4ada-b3fd-fa639727e92c__ep1,"{""end_frame"": 2559, ""num_frames"": 20, ""start_frame"": 2540}",Closing the door,Gather items for packing,0
8a8e1b3c-607e-4ada-b3fd-fa639727e92c__ep1:qa:134,test,8a8e1b3c-607e-4ada-b3fd-fa639727e92c__ep1,"{""end_frame"": 2699, ""num_frames"": 20, ""start_frame"": 2680}",Picking up bottle,unknown,0
8a8e1b3c-607e-4ada-b3fd-fa639727e92c__ep1:qa:140,test,8a8e1b3c-607e-4ada-b3fd-fa639727e92c__ep1,"{""end_frame"": 2819, ""num_frames"": 20, ""start_frame"": 2800}",Wipe kitchen counter,Adjust Mahjong tile,0
8a8e1b3c-607e-4ada-b3fd-fa639727e92c__ep1:qa:150,test,8a8e1b3c-607e-4ada-b3fd-fa639727e92c__ep1,"{""end_frame"": 3019, ""num_frames"": 20, ""start_frame"": 3000}",Rinse cloth in sink,Position hands for work,0
8a8e1b3c-607e-4ada-b3fd-fa639727e92c__ep1:qa:156,test,8a8e1b3c-607e-4ada-b3fd-fa639727e92c__ep1,"{""end_frame"": 3139, ""num_frames"": 20, ""start_frame"": 3120}",Move towards kitchen area,unknown,0
8a8e1b3c-607e-4ada-b3fd-fa639727e92c__ep1:qa:166,test,8a8e1b3c-607e-4ada-b3fd-fa639727e92c__ep1,"{""end_frame"": 3339, ""num_frames"": 20, ""start_frame"": 3320}",Place cloth on floor,"{""action"":""unknown"",""subtask"":""unknown"",""objects"":[]/""contact"":""unknown"",""transition"":""unknown"",""next_action"":""unknown"",""evidence_window"":{""start_frame"":0,""end_frame"":0}}",0
8a8e1b3c-607e-4ada-b3fd-fa639727e92c__ep1:qa:170,test,8a8e1b3c-607e-4ada-b3fd-fa639727e92c__ep1,"{""end_frame"": 3419, ""num_frames"": 20, ""start_frame"": 3400}",Reach for cleaning supplies,Pick up and place canned goods on shelf,0
8a8e1b3c-607e-4ada-b3fd-fa639727e92c__ep1:qa:184,test,8a8e1b3c-607e-4ada-b3fd-fa639727e92c__ep1,"{""end_frame"": 3699, ""num_frames"": 20, ""start_frame"": 3680}",Grasp cleaning bottle,Pick up and place canned goods on shelf,0
8a8e1b3c-607e-4ada-b3fd-fa639727e92c__ep1:qa:185,test,8a8e1b3c-607e-4ada-b3fd-fa639727e92c__ep1,"{""end_frame"": 3719, ""num_frames"": 20, ""start_frame"": 3700}",Grasp cleaning bottle,Place canned food on shelf,0
8a8e1b3c-607e-4ada-b3fd-fa639727e92c__ep1:qa:192,test,8a8e1b3c-607e-4ada-b3fd-fa639727e92c__ep1,"{""end_frame"": 3859, ""num_frames"": 20, ""start_frame"": 3840}",Remove cleaning bottle,Adjusting items on the shelf,0
8a8e1b3c-607e-4ada-b3fd-fa639727e92c__ep1:qa:200,test,8a8e1b3c-607e-4ada-b3fd-fa639727e92c__ep1,"{""end_frame"": 4019, ""num_frames"": 20, ""start_frame"": 4000}",Washing hands in sink,Gather items for packing,0
8a8e1b3c-607e-4ada-b3fd-fa639727e92c__ep1:qa:204,test,8a8e1b3c-607e-4ada-b3fd-fa639727e92c__ep1,"{""end_frame"": 4099, ""num_frames"": 20, ""start_frame"": 4080}",Grasping cleaning cloth,Pick up water bottle,0
8a8e1b3c-607e-4ada-b3fd-fa639727e92c__ep1:qa:205,test,8a8e1b3c-607e-4ada-b3fd-fa639727e92c__ep1,"{""end_frame"": 4119, ""num_frames"": 20, ""start_frame"": 4100}",Grasping cleaning cloth,Wipe kitchen counter,0
8a8e1b3c-607e-4ada-b3fd-fa639727e92c__ep1:qa:212,test,8a8e1b3c-607e-4ada-b3fd-fa639727e92c__ep1,"{""end_frame"": 4259, ""num_frames"": 20, ""start_frame"": 4240}",Wiping countertop,Pick up and place canned goods on shelf,0
8a8e1b3c-607e-4ada-b3fd-fa639727e92c__ep1:qa:220,test,8a8e1b3c-607e-4ada-b3fd-fa639727e92c__ep1,"{""end_frame"": 4419, ""num_frames"": 20, ""start_frame"": 4400}",Lift pot lid,"{""action"": ""Approach the stove"", ""subtask"": ""Approaching the stove"", ""objects"": [""stove"", ""pot"", ""kitchen counter"", ""utensils"", ""person"", ""window"", ""sink"", ""cabinet"", ""floor"", ""wall"", ""ceiling"", ""light"", ""fan"", ""plant"", ""bottle"", ""can"", ""box"", ""paper"", ""cloth"", ""tool"", ""device"", ""phone"",",0
8a8e1b3c-607e-4ada-b3fd-fa639727e92c__ep1:qa:224,test,8a8e1b3c-607e-4ada-b3fd-fa639727e92c__ep1,"{""end_frame"": 4499, ""num_frames"": 20, ""start_frame"": 4480}",Stir contents,Check cooking pot,0
8a8e1b3c-607e-4ada-b3fd-fa639727e92c__ep1:qa:232,test,8a8e1b3c-607e-4ada-b3fd-fa639727e92c__ep1,"{""end_frame"": 4659, ""num_frames"": 20, ""start_frame"": 4640}",Place lid back,Reach for next canned food item,0
8a8e1b3c-607e-4ada-b3fd-fa639727e92c__ep1:qa:236,test,8a8e1b3c-607e-4ada-b3fd-fa639727e92c__ep1,"{""end_frame"": 4739, ""num_frames"": 20, ""start_frame"": 4720}",Adjust pot position,Pick up and place canned goods on shelf,0
8a8e1b3c-607e-4ada-b3fd-fa639727e92c__ep1:qa:237,test,8a8e1b3c-607e-4ada-b3fd-fa639727e92c__ep1,"{""end_frame"": 4759, ""num_frames"": 20, ""start_frame"": 4740}",Adjust pot position,Reach for items in box,0
8a8e1b3c-607e-4ada-b3fd-fa639727e92c__ep1:qa:240,test,8a8e1b3c-607e-4ada-b3fd-fa639727e92c__ep1,"{""end_frame"": 4819, ""num_frames"": 20, ""start_frame"": 4800}",Move pot,Reach for next canned food item,0
8a8e1b3c-607e-4ada-b3fd-fa639727e92c__ep1:qa:244,test,8a8e1b3c-607e-4ada-b3fd-fa639727e92c__ep1,"{""end_frame"": 4899, ""num_frames"": 20, ""start_frame"": 4880}",Place towel,Pick up and place canned goods on shelf,0
a1012a57-385e-45a9-8a59-694a26fe92a5__ep1:qa:0,test,a1012a57-385e-45a9-8a59-694a26fe92a5__ep1,"{""end_frame"": 19, ""num_frames"": 20, ""start_frame"": 0}",Move phone,Browsing smartphone content,0
a1012a57-385e-45a9-8a59-694a26fe92a5__ep1:qa:1,test,a1012a57-385e-45a9-8a59-694a26fe92a5__ep1,"{""end_frame"": 39, ""num_frames"": 20, ""start_frame"": 20}",Move phone,Browsing smartphone content,0
a1012a57-385e-45a9-8a59-694a26fe92a5__ep1:qa:2,test,a1012a57-385e-45a9-8a59-694a26fe92a5__ep1,"{""end_frame"": 59, ""num_frames"": 20, ""start_frame"": 40}",Move phone,Browsing smartphone content,0
a1012a57-385e-45a9-8a59-694a26fe92a5__ep1:qa:3,test,a1012a57-385e-45a9-8a59-694a26fe92a5__ep1,"{""end_frame"": 79, ""num_frames"": 20, ""start_frame"": 60}",Move phone,Align cardboard piece,0
a1012a57-385e-45a9-8a59-694a26fe92a5__ep1:qa:4,test,a1012a57-385e-45a9-8a59-694a26fe92a5__ep1,"{""end_frame"": 99, ""num_frames"": 20, ""start_frame"": 80}",Move phone,Cut cardboard,0
a1012a57-385e-45a9-8a59-694a26fe92a5__ep1:qa:5,test,a1012a57-385e-45a9-8a59-694a26fe92a5__ep1,"{""end_frame"": 119, ""num_frames"": 20, ""start_frame"": 100}",Move phone,Browsing smartphone content,0
a1012a57-385e-45a9-8a59-694a26fe92a5__ep1:qa:6,test,a1012a57-385e-45a9-8a59-694a26fe92a5__ep1,"{""end_frame"": 139, ""num_frames"": 20, ""start_frame"": 120}",Move phone,Browsing smartphone content,0
a1012a57-385e-45a9-8a59-694a26fe92a5__ep1:qa:12,test,a1012a57-385e-45a9-8a59-694a26fe92a5__ep1,"{""end_frame"": 259, ""num_frames"": 20, ""start_frame"": 240}",Pick up utility knife,Adjust cardboard,0
a1012a57-385e-45a9-8a59-694a26fe92a5__ep1:qa:13,test,a1012a57-385e-45a9-8a59-694a26fe92a5__ep1,"{""end_frame"": 279, ""num_frames"": 20, ""start_frame"": 260}",Pick up utility knife,Use phone,0
a1012a57-385e-45a9-8a59-694a26fe92a5__ep1:qa:14,test,a1012a57-385e-45a9-8a59-694a26fe92a5__ep1,"{""end_frame"": 299, ""num_frames"": 20, ""start_frame"": 280}",Pick up utility knife,Approach packing area,0
a1012a57-385e-45a9-8a59-694a26fe92a5__ep1:qa:15,test,a1012a57-385e-45a9-8a59-694a26fe92a5__ep1,"{""end_frame"": 319, ""num_frames"": 20, ""start_frame"": 300}",Pick up utility knife,Gather cardboard pieces,0
a1012a57-385e-45a9-8a59-694a26fe92a5__ep1:qa:16,test,a1012a57-385e-45a9-8a59-694a26fe92a5__ep1,"{""end_frame"": 339, ""num_frames"": 20, ""start_frame"": 320}",Pick up utility knife,Mark cardboard with pen and ruler,0
a1012a57-385e-45a9-8a59-694a26fe92a5__ep1:qa:17,test,a1012a57-385e-45a9-8a59-694a26fe92a5__ep1,"{""end_frame"": 359, ""num_frames"": 20, ""start_frame"": 340}",Start cutting,Adjust cardboard,0
a1012a57-385e-45a9-8a59-694a26fe92a5__ep1:qa:18,test,a1012a57-385e-45a9-8a59-694a26fe92a5__ep1,"{""end_frame"": 379, ""num_frames"": 20, ""start_frame"": 360}",Start cutting,Mark cardboard with pen and ruler,0
a1012a57-385e-45a9-8a59-694a26fe92a5__ep1:qa:19,test,a1012a57-385e-45a9-8a59-694a26fe92a5__ep1,"{""end_frame"": 399, ""num_frames"": 20, ""start_frame"": 380}",Cut cardboard,Align cardboard piece,0
a1012a57-385e-45a9-8a59-694a26fe92a5__ep1:qa:20,test,a1012a57-385e-45a9-8a59-694a26fe92a5__ep1,"{""end_frame"": 419, ""num_frames"": 20, ""start_frame"": 400}",Cut cardboard,Mark cardboard with pen and ruler,0
a1012a57-385e-45a9-8a59-694a26fe92a5__ep1:qa:21,test,a1012a57-385e-45a9-8a59-694a26fe92a5__ep1,"{""end_frame"": 439, ""num_frames"": 20, ""start_frame"": 420}",Cut cardboard,Mark cardboard with pen and ruler,0
a1012a57-385e-45a9-8a59-694a26fe92a5__ep1:qa:22,test,a1012a57-385e-45a9-8a59-694a26fe92a5__ep1,"{""end_frame"": 459, ""num_frames"": 20, ""start_frame"": 440}",Cut cardboard,Cut cardboard,1
a1012a57-385e-45a9-8a59-694a26fe92a5__ep1:qa:23,test,a1012a57-385e-45a9-8a59-694a26fe92a5__ep1,"{""end_frame"": 479, ""num_frames"": 20, ""start_frame"": 460}",Cut cardboard,Position cardboard for cutting,0
a1012a57-385e-45a9-8a59-694a26fe92a5__ep1:qa:24,test,a1012a57-385e-45a9-8a59-694a26fe92a5__ep1,"{""end_frame"": 499, ""num_frames"": 20, ""start_frame"": 480}",Cut cardboard,Position cardboard for cutting,0
a1012a57-385e-45a9-8a59-694a26fe92a5__ep1:qa:25,test,a1012a57-385e-45a9-8a59-694a26fe92a5__ep1,"{""end_frame"": 519, ""num_frames"": 20, ""start_frame"": 500}",Cut cardboard,Position cardboard for cutting,0
a1012a57-385e-45a9-8a59-694a26fe92a5__ep1:qa:26,test,a1012a57-385e-45a9-8a59-694a26fe92a5__ep1,"{""end_frame"": 539, ""num_frames"": 20, ""start_frame"": 520}",Cut cardboard,Carry cardboard piece,0
a1012a57-385e-45a9-8a59-694a26fe92a5__ep1:qa:250,test,a1012a57-385e-45a9-8a59-694a26fe92a5__ep1,"{""end_frame"": 5019, ""num_frames"": 20, ""start_frame"": 5000}",Cut along the marked line,Cut cardboard,0
a1012a57-385e-45a9-8a59-694a26fe92a5__ep1:qa:251,test,a1012a57-385e-45a9-8a59-694a26fe92a5__ep1,"{""end_frame"": 5039, ""num_frames"": 20, ""start_frame"": 5020}",Cut along the marked line,Cut cardboard,0
a1012a57-385e-45a9-8a59-694a26fe92a5__ep1:qa:252,test,a1012a57-385e-45a9-8a59-694a26fe92a5__ep1,"{""end_frame"": 5059, ""num_frames"": 20, ""start_frame"": 5040}",Cut along the marked line,Reposition ruler and continue cutting,0
a1012a57-385e-45a9-8a59-694a26fe92a5__ep1:qa:253,test,a1012a57-385e-45a9-8a59-694a26fe92a5__ep1,"{""end_frame"": 5079, ""num_frames"": 20, ""start_frame"": 5060}",Cut along the marked line,Cut cardboard,0
a1012a57-385e-45a9-8a59-694a26fe92a5__ep1:qa:254,test,a1012a57-385e-45a9-8a59-694a26fe92a5__ep1,"{""end_frame"": 5099, ""num_frames"": 20, ""start_frame"": 5080}",Cut along the marked line,Cut cardboard,0
a1012a57-385e-45a9-8a59-694a26fe92a5__ep1:qa:255,test,a1012a57-385e-45a9-8a59-694a26fe92a5__ep1,"{""end_frame"": 5119, ""num_frames"": 20, ""start_frame"": 5100}",Cut along the marked line,Reposition ruler and continue cutting,0
a1012a57-385e-45a9-8a59-694a26fe92a5__ep1:qa:256,test,a1012a57-385e-45a9-8a59-694a26fe92a5__ep1,"{""end_frame"": 5139, ""num_frames"": 20, ""start_frame"": 5120}",Cut along the marked line,Reposition ruler and continue cutting,0
a1012a57-385e-45a9-8a59-694a26fe92a5__ep1:qa:294,test,a1012a57-385e-45a9-8a59-694a26fe92a5__ep1,"{""end_frame"": 5899, ""num_frames"": 20, ""start_frame"": 5880}",Reposition hand,Adjust cardboard,0
a1012a57-385e-45a9-8a59-694a26fe92a5__ep1:qa:295,test,a1012a57-385e-45a9-8a59-694a26fe92a5__ep1,"{""end_frame"": 5919, ""num_frames"": 20, ""start_frame"": 5900}",Reposition hand,Adjust cardboard,0
a1012a57-385e-45a9-8a59-694a26fe92a5__ep1:qa:296,test,a1012a57-385e-45a9-8a59-694a26fe92a5__ep1,"{""end_frame"": 5939, ""num_frames"": 20, ""start_frame"": 5920}",Reposition hand,Adjust cardboard position,0
33f7ae08-ac1d-4321-9cb9-eca79016b359__ep1:qa:0,test,33f7ae08-ac1d-4321-9cb9-eca79016b359__ep1,"{""end_frame"": 19, ""num_frames"": 20, ""start_frame"": 0}",Observe and walk through store,unknown,0
33f7ae08-ac1d-4321-9cb9-eca79016b359__ep1:qa:1,test,33f7ae08-ac1d-4321-9cb9-eca79016b359__ep1,"{""end_frame"": 39, ""num_frames"": 20, ""start_frame"": 20}",Observe and walk through store,Approaching the table,0
33f7ae08-ac1d-4321-9cb9-eca79016b359__ep1:qa:16,test,33f7ae08-ac1d-4321-9cb9-eca79016b359__ep1,"{""end_frame"": 339, ""num_frames"": 20, ""start_frame"": 320}",Move to shelf,Inspect shelf condition,0
33f7ae08-ac1d-4321-9cb9-eca79016b359__ep1:qa:17,test,33f7ae08-ac1d-4321-9cb9-eca79016b359__ep1,"{""end_frame"": 359, ""num_frames"": 20, ""start_frame"": 340}",Move to shelf,Pick up item,0
33f7ae08-ac1d-4321-9cb9-eca79016b359__ep1:qa:20,test,33f7ae08-ac1d-4321-9cb9-eca79016b359__ep1,"{""end_frame"": 419, ""num_frames"": 20, ""start_frame"": 400}",Inspect shelf condition,Adjust cardboard position,0
33f7ae08-ac1d-4321-9cb9-eca79016b359__ep1:qa:21,test,33f7ae08-ac1d-4321-9cb9-eca79016b359__ep1,"{""end_frame"": 439, ""num_frames"": 20, ""start_frame"": 420}",Inspect shelf condition,Adjust position,0
33f7ae08-ac1d-4321-9cb9-eca79016b359__ep1:qa:46,test,33f7ae08-ac1d-4321-9cb9-eca79016b359__ep1,"{""end_frame"": 939, ""num_frames"": 20, ""start_frame"": 920}",Observe colleague and workspace,Move along the shelf,0
33f7ae08-ac1d-4321-9cb9-eca79016b359__ep1:qa:47,test,33f7ae08-ac1d-4321-9cb9-eca79016b359__ep1,"{""end_frame"": 959, ""num_frames"": 20, ""start_frame"": 940}",Observe colleague and workspace,Adjust position,0
33f7ae08-ac1d-4321-9cb9-eca79016b359__ep1:qa:50,test,33f7ae08-ac1d-4321-9cb9-eca79016b359__ep1,"{""end_frame"": 1019, ""num_frames"": 20, ""start_frame"": 1000}",Walk towards shelves,Inspect shelf condition,0
33f7ae08-ac1d-4321-9cb9-eca79016b359__ep1:qa:58,test,33f7ae08-ac1d-4321-9cb9-eca79016b359__ep1,"{""end_frame"": 1179, ""num_frames"": 20, ""start_frame"": 1160}",Observe workspace,Grasp item,0
33f7ae08-ac1d-4321-9cb9-eca79016b359__ep1:qa:59,test,33f7ae08-ac1d-4321-9cb9-eca79016b359__ep1,"{""end_frame"": 1199, ""num_frames"": 20, ""start_frame"": 1180}",Observe workspace,unknown,0
33f7ae08-ac1d-4321-9cb9-eca79016b359__ep1:qa:64,test,33f7ae08-ac1d-4321-9cb9-eca79016b359__ep1,"{""end_frame"": 1299, ""num_frames"": 20, ""start_frame"": 1280}",Approach boxes,Grasp item,0
33f7ae08-ac1d-4321-9cb9-eca79016b359__ep1:qa:65,test,33f7ae08-ac1d-4321-9cb9-eca79016b359__ep1,"{""end_frame"": 1319, ""num_frames"": 20, ""start_frame"": 1300}",Approach boxes,Grasp item,0
33f7ae08-ac1d-4321-9cb9-eca79016b359__ep1:qa:70,test,33f7ae08-ac1d-4321-9cb9-eca79016b359__ep1,"{""end_frame"": 1419, ""num_frames"": 20, ""start_frame"": 1400}",Reach for wire hangers,Grasp item,0
33f7ae08-ac1d-4321-9cb9-eca79016b359__ep1:qa:76,test,33f7ae08-ac1d-4321-9cb9-eca79016b359__ep1,"{""end_frame"": 1539, ""num_frames"": 20, ""start_frame"": 1520}",Extract wire hangers from box,Place container on shelf,0
33f7ae08-ac1d-4321-9cb9-eca79016b359__ep1:qa:77,test,33f7ae08-ac1d-4321-9cb9-eca79016b359__ep1,"{""end_frame"": 1559, ""num_frames"": 20, ""start_frame"": 1540}",Extract wire hangers from box,Adjust lantern string,0
33f7ae08-ac1d-4321-9cb9-eca79016b359__ep1:qa:100,test,33f7ae08-ac1d-4321-9cb9-eca79016b359__ep1,"{""end_frame"": 2019, ""num_frames"": 20, ""start_frame"": 2000}",Bundle display hooks,Place container on shelf,0
33f7ae08-ac1d-4321-9cb9-eca79016b359__ep1:qa:101,test,33f7ae08-ac1d-4321-9cb9-eca79016b359__ep1,"{""end_frame"": 2039, ""num_frames"": 20, ""start_frame"": 2020}",Bundle display hooks,Grasp item,0
33f7ae08-ac1d-4321-9cb9-eca79016b359__ep1:qa:126,test,33f7ae08-ac1d-4321-9cb9-eca79016b359__ep1,"{""end_frame"": 2539, ""num_frames"": 20, ""start_frame"": 2520}",Release hook,Adjust item on shelf,0
33f7ae08-ac1d-4321-9cb9-eca79016b359__ep1:qa:138,test,33f7ae08-ac1d-4321-9cb9-eca79016b359__ep1,"{""end_frame"": 2779, ""num_frames"": 20, ""start_frame"": 2760}",Walk towards other aisles,Inspect shelf condition,0
33f7ae08-ac1d-4321-9cb9-eca79016b359__ep1:qa:140,test,33f7ae08-ac1d-4321-9cb9-eca79016b359__ep1,"{""end_frame"": 2819, ""num_frames"": 20, ""start_frame"": 2800}",Move through aisle,Inspect shelf condition,0
33f7ae08-ac1d-4321-9cb9-eca79016b359__ep1:qa:141,test,33f7ae08-ac1d-4321-9cb9-eca79016b359__ep1,"{""end_frame"": 2839, ""num_frames"": 20, ""start_frame"": 2820}",Move through aisle,Grasp and retrieve item,0
33f7ae08-ac1d-4321-9cb9-eca79016b359__ep1:qa:150,test,33f7ae08-ac1d-4321-9cb9-eca79016b359__ep1,"{""end_frame"": 3019, ""num_frames"": 20, ""start_frame"": 3000}",Pick up items from the shopping bag,Inspect shelf condition,0
33f7ae08-ac1d-4321-9cb9-eca79016b359__ep1:qa:151,test,33f7ae08-ac1d-4321-9cb9-eca79016b359__ep1,"{""end_frame"": 3039, ""num_frames"": 20, ""start_frame"": 3020}",Pick up items from the shopping bag,Gather cardboard pieces,0
33f7ae08-ac1d-4321-9cb9-eca79016b359__ep1:qa:164,test,33f7ae08-ac1d-4321-9cb9-eca79016b359__ep1,"{""end_frame"": 3299, ""num_frames"": 20, ""start_frame"": 3280}",Place items on the shelf,Move along the shelf,0
33f7ae08-ac1d-4321-9cb9-eca79016b359__ep1:qa:165,test,33f7ae08-ac1d-4321-9cb9-eca79016b359__ep1,"{""end_frame"": 3319, ""num_frames"": 20, ""start_frame"": 3300}",Place items on the shelf,Move along the shelf,0
33f7ae08-ac1d-4321-9cb9-eca79016b359__ep1:qa:172,test,33f7ae08-ac1d-4321-9cb9-eca79016b359__ep1,"{""end_frame"": 3459, ""num_frames"": 20, ""start_frame"": 3440}",Place item on shelf,Move along the shelf,0
33f7ae08-ac1d-4321-9cb9-eca79016b359__ep1:qa:173,test,33f7ae08-ac1d-4321-9cb9-eca79016b359__ep1,"{""end_frame"": 3479, ""num_frames"": 20, ""start_frame"": 3460}",Place item on shelf,Grasp item,0
33f7ae08-ac1d-4321-9cb9-eca79016b359__ep1:qa:182,test,33f7ae08-ac1d-4321-9cb9-eca79016b359__ep1,"{""end_frame"": 3659, ""num_frames"": 20, ""start_frame"": 3640}",Adjust item on shelf,Adjust item on shelf,1
33f7ae08-ac1d-4321-9cb9-eca79016b359__ep1:qa:183,test,33f7ae08-ac1d-4321-9cb9-eca79016b359__ep1,"{""end_frame"": 3679, ""num_frames"": 20, ""start_frame"": 3660}",Adjust item on shelf,Adjust item on shelf,1
33f7ae08-ac1d-4321-9cb9-eca79016b359__ep1:qa:226,test,33f7ae08-ac1d-4321-9cb9-eca79016b359__ep1,"{""end_frame"": 4539, ""num_frames"": 20, ""start_frame"": 4520}",Reach for another item,Move along the shelf,0
33f7ae08-ac1d-4321-9cb9-eca79016b359__ep1:qa:244,test,33f7ae08-ac1d-4321-9cb9-eca79016b359__ep1,"{""end_frame"": 4899, ""num_frames"": 20, ""start_frame"": 4880}",Reach for next item,Move along the shelf,0
9c553886-83c5-4dc4-be5c-dcb269b3a771__ep2:qa:0,test,9c553886-83c5-4dc4-be5c-dcb269b3a771__ep2,"{""end_frame"": 19, ""num_frames"": 20, ""start_frame"": 0}",Mark cardboard piece,Adjust Mahjong tile,0
9c553886-83c5-4dc4-be5c-dcb269b3a771__ep2:qa:1,test,9c553886-83c5-4dc4-be5c-dcb269b3a771__ep2,"{""end_frame"": 39, ""num_frames"": 20, ""start_frame"": 20}",Mark cardboard piece,Adjust Mahjong tile,0
9c553886-83c5-4dc4-be5c-dcb269b3a771__ep2:qa:2,test,9c553886-83c5-4dc4-be5c-dcb269b3a771__ep2,"{""end_frame"": 59, ""num_frames"": 20, ""start_frame"": 40}",Mark cardboard piece,Adjust Mahjong tile,0
9c553886-83c5-4dc4-be5c-dcb269b3a771__ep2:qa:26,test,9c553886-83c5-4dc4-be5c-dcb269b3a771__ep2,"{""end_frame"": 539, ""num_frames"": 20, ""start_frame"": 520}",Place marked piece down,Adjust Mahjong tile,0
9c553886-83c5-4dc4-be5c-dcb269b3a771__ep2:qa:27,test,9c553886-83c5-4dc4-be5c-dcb269b3a771__ep2,"{""end_frame"": 559, ""num_frames"": 20, ""start_frame"": 540}",Place marked piece down,Manipulate paper strip,0
9c553886-83c5-4dc4-be5c-dcb269b3a771__ep2:qa:30,test,9c553886-83c5-4dc4-be5c-dcb269b3a771__ep2,"{""end_frame"": 619, ""num_frames"": 20, ""start_frame"": 600}",Pick up new cardboard piece,Manipulate paper strip,0
9c553886-83c5-4dc4-be5c-dcb269b3a771__ep2:qa:31,test,9c553886-83c5-4dc4-be5c-dcb269b3a771__ep2,"{""end_frame"": 639, ""num_frames"": 20, ""start_frame"": 620}",Pick up new cardboard piece,Adjust Mahjong tile,0
9c553886-83c5-4dc4-be5c-dcb269b3a771__ep2:qa:70,test,9c553886-83c5-4dc4-be5c-dcb269b3a771__ep2,"{""end_frame"": 1419, ""num_frames"": 20, ""start_frame"": 1400}",Hold cardboard piece,Manipulate paper strip,0
9c553886-83c5-4dc4-be5c-dcb269b3a771__ep2:qa:71,test,9c553886-83c5-4dc4-be5c-dcb269b3a771__ep2,"{""end_frame"": 1439, ""num_frames"": 20, ""start_frame"": 1420}",Hold cardboard piece,Adjust Mahjong tile,0
9c553886-83c5-4dc4-be5c-dcb269b3a771__ep2:qa:72,test,9c553886-83c5-4dc4-be5c-dcb269b3a771__ep2,"{""end_frame"": 1459, ""num_frames"": 20, ""start_frame"": 1440}",Hold cardboard piece,Adjust Mahjong tile,0
9c553886-83c5-4dc4-be5c-dcb269b3a771__ep2:qa:90,test,9c553886-83c5-4dc4-be5c-dcb269b3a771__ep2,"{""end_frame"": 1819, ""num_frames"": 20, ""start_frame"": 1800}",Organize cardboard pieces,Arrange buttons,0
9c553886-83c5-4dc4-be5c-dcb269b3a771__ep2:qa:91,test,9c553886-83c5-4dc4-be5c-dcb269b3a771__ep2,"{""end_frame"": 1839, ""num_frames"": 20, ""start_frame"": 1820}",Organize cardboard pieces,Manipulate paper strip,0
9c553886-83c5-4dc4-be5c-dcb269b3a771__ep2:qa:110,test,9c553886-83c5-4dc4-be5c-dcb269b3a771__ep2,"{""end_frame"": 2219, ""num_frames"": 20, ""start_frame"": 2200}",Cut cardboard piece,Position cardboard for cutting,0
9c553886-83c5-4dc4-be5c-dcb269b3a771__ep2:qa:111,test,9c553886-83c5-4dc4-be5c-dcb269b3a771__ep2,"{""end_frame"": 2239, ""num_frames"": 20, ""start_frame"": 2220}",Cut cardboard piece,Adjust cardboard divider,0
9c553886-83c5-4dc4-be5c-dcb269b3a771__ep2:qa:112,test,9c553886-83c5-4dc4-be5c-dcb269b3a771__ep2,"{""end_frame"": 2259, ""num_frames"": 20, ""start_frame"": 2240}",Cut cardboard piece,Adjust cardboard divider,0
9c553886-83c5-4dc4-be5c-dcb269b3a771__ep2:qa:170,test,9c553886-83c5-4dc4-be5c-dcb269b3a771__ep2,"{""end_frame"": 3419, ""num_frames"": 20, ""start_frame"": 3400}",Marking cardboard piece,Adjust Mahjong tile,0
9c553886-83c5-4dc4-be5c-dcb269b3a771__ep2:qa:171,test,9c553886-83c5-4dc4-be5c-dcb269b3a771__ep2,"{""end_frame"": 3439, ""num_frames"": 20, ""start_frame"": 3420}",Marking cardboard piece,Adjust Mahjong tile,0
9c553886-83c5-4dc4-be5c-dcb269b3a771__ep2:qa:172,test,9c553886-83c5-4dc4-be5c-dcb269b3a771__ep2,"{""end_frame"": 3459, ""num_frames"": 20, ""start_frame"": 3440}",Marking cardboard piece,Adjust Mahjong tile,0
9c553886-83c5-4dc4-be5c-dcb269b3a771__ep2:qa:230,test,9c553886-83c5-4dc4-be5c-dcb269b3a771__ep2,"{""end_frame"": 4619, ""num_frames"": 20, ""start_frame"": 4600}",Release cardboard piece and gesture,Adjust Mahjong tile,0
9c553886-83c5-4dc4-be5c-dcb269b3a771__ep2:qa:231,test,9c553886-83c5-4dc4-be5c-dcb269b3a771__ep2,"{""end_frame"": 4639, ""num_frames"": 20, ""start_frame"": 4620}",Release cardboard piece and gesture,Adjust Mahjong tile,0
9c553886-83c5-4dc4-be5c-dcb269b3a771__ep2:qa:276,test,9c553886-83c5-4dc4-be5c-dcb269b3a771__ep2,"{""end_frame"": 5539, ""num_frames"": 20, ""start_frame"": 5520}",Move marker and adjust hand,Adjust Mahjong tile,0
9c553886-83c5-4dc4-be5c-dcb269b3a771__ep2:qa:277,test,9c553886-83c5-4dc4-be5c-dcb269b3a771__ep2,"{""end_frame"": 5559, ""num_frames"": 20, ""start_frame"": 5540}",Move marker and adjust hand,Manipulate paper strip,0
9c553886-83c5-4dc4-be5c-dcb269b3a771__ep2:qa:278,test,9c553886-83c5-4dc4-be5c-dcb269b3a771__ep2,"{""end_frame"": 5579, ""num_frames"": 20, ""start_frame"": 5560}",Move marker and adjust hand,Adjust Mahjong tile,0
9c553886-83c5-4dc4-be5c-dcb269b3a771__ep2:qa:282,test,9c553886-83c5-4dc4-be5c-dcb269b3a771__ep2,"{""end_frame"": 5659, ""num_frames"": 20, ""start_frame"": 5640}",Identify next cardboard piece,Manipulate paper strip,0
9c553886-83c5-4dc4-be5c-dcb269b3a771__ep2:qa:283,test,9c553886-83c5-4dc4-be5c-dcb269b3a771__ep2,"{""end_frame"": 5679, ""num_frames"": 20, ""start_frame"": 5660}",Identify next cardboard piece,Manipulate paper strip,0
9c553886-83c5-4dc4-be5c-dcb269b3a771__ep2:qa:284,test,9c553886-83c5-4dc4-be5c-dcb269b3a771__ep2,"{""end_frame"": 5699, ""num_frames"": 20, ""start_frame"": 5680}",Identify next cardboard piece,Manipulate paper strip,0
9c553886-83c5-4dc4-be5c-dcb269b3a771__ep2:qa:290,test,9c553886-83c5-4dc4-be5c-dcb269b3a771__ep2,"{""end_frame"": 5819, ""num_frames"": 20, ""start_frame"": 5800}",Observe and pause,Adjust Mahjong tile,0
9c553886-83c5-4dc4-be5c-dcb269b3a771__ep2:qa:291,test,9c553886-83c5-4dc4-be5c-dcb269b3a771__ep2,"{""end_frame"": 5839, ""num_frames"": 20, ""start_frame"": 5820}",Gesturing,Adjust Mahjong tile,0
9c553886-83c5-4dc4-be5c-dcb269b3a771__ep2:qa:292,test,9c553886-83c5-4dc4-be5c-dcb269b3a771__ep2,"{""end_frame"": 5859, ""num_frames"": 20, ""start_frame"": 5840}",Gesturing,Adjust Mahjong tile,0
9c553886-83c5-4dc4-be5c-dcb269b3a771__ep2:qa:293,test,9c553886-83c5-4dc4-be5c-dcb269b3a771__ep2,"{""end_frame"": 5879, ""num_frames"": 20, ""start_frame"": 5860}",Resume observation,Adjust Mahjong tile,0
9c553886-83c5-4dc4-be5c-dcb269b3a771__ep2:qa:294,test,9c553886-83c5-4dc4-be5c-dcb269b3a771__ep2,"{""end_frame"": 5899, ""num_frames"": 20, ""start_frame"": 5880}",Resume observation,Adjust Mahjong tile,0
9c553886-83c5-4dc4-be5c-dcb269b3a771__ep2:qa:295,test,9c553886-83c5-4dc4-be5c-dcb269b3a771__ep2,"{""end_frame"": 5919, ""num_frames"": 20, ""start_frame"": 5900}",Resume observation,Adjust Mahjong tile,0
34f07a04-eb37-45a3-95ec-189ed5f4a85b__ep5:qa:0,test,34f07a04-eb37-45a3-95ec-189ed5f4a85b__ep5,"{""end_frame"": 19, ""num_frames"": 20, ""start_frame"": 0}",Place canned food on shelf,Adjust canned food on shelf,0
34f07a04-eb37-45a3-95ec-189ed5f4a85b__ep5:qa:12,test,34f07a04-eb37-45a3-95ec-189ed5f4a85b__ep5,"{""end_frame"": 259, ""num_frames"": 20, ""start_frame"": 240}",Reach for next can,Place canned food on shelf,0
34f07a04-eb37-45a3-95ec-189ed5f4a85b__ep5:qa:64,test,34f07a04-eb37-45a3-95ec-189ed5f4a85b__ep5,"{""end_frame"": 1299, ""num_frames"": 20, ""start_frame"": 1280}",Pick up can,Place canned food on shelf,0
34f07a04-eb37-45a3-95ec-189ed5f4a85b__ep5:qa:65,test,34f07a04-eb37-45a3-95ec-189ed5f4a85b__ep5,"{""end_frame"": 1319, ""num_frames"": 20, ""start_frame"": 1300}",Pick up can,Place canned food on shelf,0
34f07a04-eb37-45a3-95ec-189ed5f4a85b__ep5:qa:70,test,34f07a04-eb37-45a3-95ec-189ed5f4a85b__ep5,"{""end_frame"": 1419, ""num_frames"": 20, ""start_frame"": 1400}",Hold canned food,Adjust canned food on shelf,0
34f07a04-eb37-45a3-95ec-189ed5f4a85b__ep5:qa:71,test,34f07a04-eb37-45a3-95ec-189ed5f4a85b__ep5,"{""end_frame"": 1439, ""num_frames"": 20, ""start_frame"": 1420}",Hold canned food,Adjust canned food on shelf,0
34f07a04-eb37-45a3-95ec-189ed5f4a85b__ep5:qa:82,test,34f07a04-eb37-45a3-95ec-189ed5f4a85b__ep5,"{""end_frame"": 1659, ""num_frames"": 20, ""start_frame"": 1640}",Reach into box,Reach for next canned food item,0
34f07a04-eb37-45a3-95ec-189ed5f4a85b__ep5:qa:90,test,34f07a04-eb37-45a3-95ec-189ed5f4a85b__ep5,"{""end_frame"": 1819, ""num_frames"": 20, ""start_frame"": 1800}",Pick up canned food,Reach for next canned food item,0
34f07a04-eb37-45a3-95ec-189ed5f4a85b__ep5:qa:91,test,34f07a04-eb37-45a3-95ec-189ed5f4a85b__ep5,"{""end_frame"": 1839, ""num_frames"": 20, ""start_frame"": 1820}",Pick up canned food,Adjust canned food on shelf,0
34f07a04-eb37-45a3-95ec-189ed5f4a85b__ep5:qa:106,test,34f07a04-eb37-45a3-95ec-189ed5f4a85b__ep5,"{""end_frame"": 2139, ""num_frames"": 20, ""start_frame"": 2120}",Retrieve next canned food item,Reach for next canned food item,0
34f07a04-eb37-45a3-95ec-189ed5f4a85b__ep5:qa:140,test,34f07a04-eb37-45a3-95ec-189ed5f4a85b__ep5,"{""end_frame"": 2819, ""num_frames"": 20, ""start_frame"": 2800}",Align canned food on shelf,Adjust canned food on shelf,0
34f07a04-eb37-45a3-95ec-189ed5f4a85b__ep5:qa:141,test,34f07a04-eb37-45a3-95ec-189ed5f4a85b__ep5,"{""end_frame"": 2839, ""num_frames"": 20, ""start_frame"": 2820}",Align canned food on shelf,Adjust canned food on shelf,0
34f07a04-eb37-45a3-95ec-189ed5f4a85b__ep5:qa:154,test,34f07a04-eb37-45a3-95ec-189ed5f4a85b__ep5,"{""end_frame"": 3099, ""num_frames"": 20, ""start_frame"": 3080}",Reach for next canned food,Adjust canned food on shelf,0
34f07a04-eb37-45a3-95ec-189ed5f4a85b__ep5:qa:160,test,34f07a04-eb37-45a3-95ec-189ed5f4a85b__ep5,"{""end_frame"": 3219, ""num_frames"": 20, ""start_frame"": 3200}",Retrieve canned food from box,Inspect shelf,0
34f07a04-eb37-45a3-95ec-189ed5f4a85b__ep5:qa:166,test,34f07a04-eb37-45a3-95ec-189ed5f4a85b__ep5,"{""end_frame"": 3339, ""num_frames"": 20, ""start_frame"": 3320}",Place another canned food on shelf,Picking up and placing canned goods,0
34f07a04-eb37-45a3-95ec-189ed5f4a85b__ep5:qa:167,test,34f07a04-eb37-45a3-95ec-189ed5f4a85b__ep5,"{""end_frame"": 3359, ""num_frames"": 20, ""start_frame"": 3340}",Place another canned food on shelf,Place canned food on shelf,0
34f07a04-eb37-45a3-95ec-189ed5f4a85b__ep5:qa:190,test,34f07a04-eb37-45a3-95ec-189ed5f4a85b__ep5,"{""end_frame"": 3819, ""num_frames"": 20, ""start_frame"": 3800}",Adjust canned food on shelf,Adjust canned food on shelf,1
34f07a04-eb37-45a3-95ec-189ed5f4a85b__ep5:qa:191,test,34f07a04-eb37-45a3-95ec-189ed5f4a85b__ep5,"{""end_frame"": 3839, ""num_frames"": 20, ""start_frame"": 3820}",Adjust canned food on shelf,Adjust canned food on shelf,1
34f07a04-eb37-45a3-95ec-189ed5f4a85b__ep5:qa:198,test,34f07a04-eb37-45a3-95ec-189ed5f4a85b__ep5,"{""end_frame"": 3979, ""num_frames"": 20, ""start_frame"": 3960}",Move hand away from shelf,Reach for and pick up smartphone,0
34f07a04-eb37-45a3-95ec-189ed5f4a85b__ep5:qa:199,test,34f07a04-eb37-45a3-95ec-189ed5f4a85b__ep5,"{""end_frame"": 3999, ""num_frames"": 20, ""start_frame"": 3980}",Pick up canned food,Move along the shelf,0
34f07a04-eb37-45a3-95ec-189ed5f4a85b__ep5:qa:206,test,34f07a04-eb37-45a3-95ec-189ed5f4a85b__ep5,"{""end_frame"": 4139, ""num_frames"": 20, ""start_frame"": 4120}",Place can on shelf,Adjust canned food on shelf,0
34f07a04-eb37-45a3-95ec-189ed5f4a85b__ep5:qa:207,test,34f07a04-eb37-45a3-95ec-189ed5f4a85b__ep5,"{""end_frame"": 4159, ""num_frames"": 20, ""start_frame"": 4140}",Place can on shelf,Adjust cans in container,0
34f07a04-eb37-45a3-95ec-189ed5f4a85b__ep5:qa:218,test,34f07a04-eb37-45a3-95ec-189ed5f4a85b__ep5,"{""end_frame"": 4379, ""num_frames"": 20, ""start_frame"": 4360}",Move hand away,Adjust Mahjong tile,0
34f07a04-eb37-45a3-95ec-189ed5f4a85b__ep5:qa:219,test,34f07a04-eb37-45a3-95ec-189ed5f4a85b__ep5,"{""end_frame"": 4399, ""num_frames"": 20, ""start_frame"": 4380}",Hold earbud case,Browsing smartphone content,0
34f07a04-eb37-45a3-95ec-189ed5f4a85b__ep5:qa:220,test,34f07a04-eb37-45a3-95ec-189ed5f4a85b__ep5,"{""end_frame"": 4419, ""num_frames"": 20, ""start_frame"": 4400}",Hold earbud case,Adjust Mahjong tile,0
34f07a04-eb37-45a3-95ec-189ed5f4a85b__ep5:qa:221,test,34f07a04-eb37-45a3-95ec-189ed5f4a85b__ep5,"{""end_frame"": 4439, ""num_frames"": 20, ""start_frame"": 4420}",Hold earbud case,Browsing smartphone content,0
34f07a04-eb37-45a3-95ec-189ed5f4a85b__ep5:qa:236,test,34f07a04-eb37-45a3-95ec-189ed5f4a85b__ep5,"{""end_frame"": 4739, ""num_frames"": 20, ""start_frame"": 4720}",Open earbud case,Browsing smartphone content,0
34f07a04-eb37-45a3-95ec-189ed5f4a85b__ep5:qa:237,test,34f07a04-eb37-45a3-95ec-189ed5f4a85b__ep5,"{""end_frame"": 4759, ""num_frames"": 20, ""start_frame"": 4740}",Open earbud case,Adjust item on shelf,0
34f07a04-eb37-45a3-95ec-189ed5f4a85b__ep5:qa:240,test,34f07a04-eb37-45a3-95ec-189ed5f4a85b__ep5,"{""end_frame"": 4819, ""num_frames"": 20, ""start_frame"": 4800}",Pick up smartphone,Browsing smartphone content,0
34f07a04-eb37-45a3-95ec-189ed5f4a85b__ep5:qa:241,test,34f07a04-eb37-45a3-95ec-189ed5f4a85b__ep5,"{""end_frame"": 4839, ""num_frames"": 20, ""start_frame"": 4820}",Pick up smartphone,Browsing smartphone content,0
34f07a04-eb37-45a3-95ec-189ed5f4a85b__ep5:qa:244,test,34f07a04-eb37-45a3-95ec-189ed5f4a85b__ep5,"{""end_frame"": 4899, ""num_frames"": 20, ""start_frame"": 4880}",Interact with smartphone,Browsing smartphone content,0
34f07a04-eb37-45a3-95ec-189ed5f4a85b__ep5:qa:245,test,34f07a04-eb37-45a3-95ec-189ed5f4a85b__ep5,"{""end_frame"": 4919, ""num_frames"": 20, ""start_frame"": 4900}",Interact with smartphone,Browsing smartphone content,0
b9dd769b-e31a-4fdb-945e-5a60db6487b0__ep2:qa:0,test,b9dd769b-e31a-4fdb-945e-5a60db6487b0__ep2,"{""end_frame"": 19, ""num_frames"": 20, ""start_frame"": 0}",sort craft materials,Browsing smartphone content,0
b9dd769b-e31a-4fdb-945e-5a60db6487b0__ep2:qa:1,test,b9dd769b-e31a-4fdb-945e-5a60db6487b0__ep2,"{""end_frame"": 39, ""num_frames"": 20, ""start_frame"": 20}",sort craft materials,Browsing smartphone content,0
b9dd769b-e31a-4fdb-945e-5a60db6487b0__ep2:qa:2,test,b9dd769b-e31a-4fdb-945e-5a60db6487b0__ep2,"{""end_frame"": 59, ""num_frames"": 20, ""start_frame"": 40}",sort craft materials,Browsing smartphone content,0
b9dd769b-e31a-4fdb-945e-5a60db6487b0__ep2:qa:40,test,b9dd769b-e31a-4fdb-945e-5a60db6487b0__ep2,"{""end_frame"": 819, ""num_frames"": 20, ""start_frame"": 800}",Manipulate craft piece,Fold paper strip,0
b9dd769b-e31a-4fdb-945e-5a60db6487b0__ep2:qa:41,test,b9dd769b-e31a-4fdb-945e-5a60db6487b0__ep2,"{""end_frame"": 839, ""num_frames"": 20, ""start_frame"": 820}",Manipulate craft piece,Manipulate paper strip,0
b9dd769b-e31a-4fdb-945e-5a60db6487b0__ep2:qa:42,test,b9dd769b-e31a-4fdb-945e-5a60db6487b0__ep2,"{""end_frame"": 859, ""num_frames"": 20, ""start_frame"": 840}",Manipulate craft piece,Fold paper strip,0
b9dd769b-e31a-4fdb-945e-5a60db6487b0__ep2:qa:43,test,b9dd769b-e31a-4fdb-945e-5a60db6487b0__ep2,"{""end_frame"": 879, ""num_frames"": 20, ""start_frame"": 860}",Manipulate craft piece,Manipulate paper strip,0
b9dd769b-e31a-4fdb-945e-5a60db6487b0__ep2:qa:70,test,b9dd769b-e31a-4fdb-945e-5a60db6487b0__ep2,"{""end_frame"": 1419, ""num_frames"": 20, ""start_frame"": 1400}",Manipulate craft paper strips,Manipulate paper strip,0
b9dd769b-e31a-4fdb-945e-5a60db6487b0__ep2:qa:71,test,b9dd769b-e31a-4fdb-945e-5a60db6487b0__ep2,"{""end_frame"": 1439, ""num_frames"": 20, ""start_frame"": 1420}",Manipulate craft paper strips,Manipulate paper strip,0
b9dd769b-e31a-4fdb-945e-5a60db6487b0__ep2:qa:72,test,b9dd769b-e31a-4fdb-945e-5a60db6487b0__ep2,"{""end_frame"": 1459, ""num_frames"": 20, ""start_frame"": 1440}",Manipulate craft paper strips,Manipulate paper strip,0
b9dd769b-e31a-4fdb-945e-5a60db6487b0__ep2:qa:73,test,b9dd769b-e31a-4fdb-945e-5a60db6487b0__ep2,"{""end_frame"": 1479, ""num_frames"": 20, ""start_frame"": 1460}",Manipulate craft paper strips,Manipulate paper strip,0
b9dd769b-e31a-4fdb-945e-5a60db6487b0__ep2:qa:90,test,b9dd769b-e31a-4fdb-945e-5a60db6487b0__ep2,"{""end_frame"": 1819, ""num_frames"": 20, ""start_frame"": 1800}",Release scissors,Manipulate paper strip,0
b9dd769b-e31a-4fdb-945e-5a60db6487b0__ep2:qa:91,test,b9dd769b-e31a-4fdb-945e-5a60db6487b0__ep2,"{""end_frame"": 1839, ""num_frames"": 20, ""start_frame"": 1820}",Release scissors,Manipulate paper strip,0
b9dd769b-e31a-4fdb-945e-5a60db6487b0__ep2:qa:92,test,b9dd769b-e31a-4fdb-945e-5a60db6487b0__ep2,"{""end_frame"": 1859, ""num_frames"": 20, ""start_frame"": 1840}",Release scissors,Manipulate paper strip,0
b9dd769b-e31a-4fdb-945e-5a60db6487b0__ep2:qa:94,test,b9dd769b-e31a-4fdb-945e-5a60db6487b0__ep2,"{""end_frame"": 1899, ""num_frames"": 20, ""start_frame"": 1880}",Operate smartphone,Browsing smartphone content,0
b9dd769b-e31a-4fdb-945e-5a60db6487b0__ep2:qa:95,test,b9dd769b-e31a-4fdb-945e-5a60db6487b0__ep2,"{""end_frame"": 1919, ""num_frames"": 20, ""start_frame"": 1900}",Operate smartphone,Manipulate paper strip,0
b9dd769b-e31a-4fdb-945e-5a60db6487b0__ep2:qa:96,test,b9dd769b-e31a-4fdb-945e-5a60db6487b0__ep2,"{""end_frame"": 1939, ""num_frames"": 20, ""start_frame"": 1920}",Operate smartphone,Fold paper strip,0
b9dd769b-e31a-4fdb-945e-5a60db6487b0__ep2:qa:97,test,b9dd769b-e31a-4fdb-945e-5a60db6487b0__ep2,"{""end_frame"": 1959, ""num_frames"": 20, ""start_frame"": 1940}",Operate smartphone,Browsing smartphone content,0
b9dd769b-e31a-4fdb-945e-5a60db6487b0__ep2:qa:114,test,b9dd769b-e31a-4fdb-945e-5a60db6487b0__ep2,"{""end_frame"": 2299, ""num_frames"": 20, ""start_frame"": 2280}",Release smartphone,Release paper strip,0
b9dd769b-e31a-4fdb-945e-5a60db6487b0__ep2:qa:115,test,b9dd769b-e31a-4fdb-945e-5a60db6487b0__ep2,"{""end_frame"": 2319, ""num_frames"": 20, ""start_frame"": 2300}",Release smartphone,Manipulate paper strip,0
b9dd769b-e31a-4fdb-945e-5a60db6487b0__ep2:qa:116,test,b9dd769b-e31a-4fdb-945e-5a60db6487b0__ep2,"{""end_frame"": 2339, ""num_frames"": 20, ""start_frame"": 2320}",Release smartphone,Manipulate paper strip,0
b9dd769b-e31a-4fdb-945e-5a60db6487b0__ep2:qa:120,test,b9dd769b-e31a-4fdb-945e-5a60db6487b0__ep2,"{""end_frame"": 2419, ""num_frames"": 20, ""start_frame"": 2400}",Manipulate paper strip,Manipulate paper strip,1
b9dd769b-e31a-4fdb-945e-5a60db6487b0__ep2:qa:121,test,b9dd769b-e31a-4fdb-945e-5a60db6487b0__ep2,"{""end_frame"": 2439, ""num_frames"": 20, ""start_frame"": 2420}",Manipulate paper strip,Fold paper strip,0
b9dd769b-e31a-4fdb-945e-5a60db6487b0__ep2:qa:122,test,b9dd769b-e31a-4fdb-945e-5a60db6487b0__ep2,"{""end_frame"": 2459, ""num_frames"": 20, ""start_frame"": 2440}",Manipulate paper strip,Manipulate paper strip,1
b9dd769b-e31a-4fdb-945e-5a60db6487b0__ep2:qa:123,test,b9dd769b-e31a-4fdb-945e-5a60db6487b0__ep2,"{""end_frame"": 2479, ""num_frames"": 20, ""start_frame"": 2460}",Manipulate paper strip,Manipulate paper strip,1
b9dd769b-e31a-4fdb-945e-5a60db6487b0__ep2:qa:144,test,b9dd769b-e31a-4fdb-945e-5a60db6487b0__ep2,"{""end_frame"": 2899, ""num_frames"": 20, ""start_frame"": 2880}",Release paper strip,Manipulate paper strip,0
b9dd769b-e31a-4fdb-945e-5a60db6487b0__ep2:qa:145,test,b9dd769b-e31a-4fdb-945e-5a60db6487b0__ep2,"{""end_frame"": 2919, ""num_frames"": 20, ""start_frame"": 2900}",Release paper strip,Manipulate paper strip,0
b9dd769b-e31a-4fdb-945e-5a60db6487b0__ep2:qa:146,test,b9dd769b-e31a-4fdb-945e-5a60db6487b0__ep2,"{""end_frame"": 2939, ""num_frames"": 20, ""start_frame"": 2920}",Release paper strip,Manipulate paper strip,0
b9dd769b-e31a-4fdb-945e-5a60db6487b0__ep2:qa:147,test,b9dd769b-e31a-4fdb-945e-5a60db6487b0__ep2,"{""end_frame"": 2959, ""num_frames"": 20, ""start_frame"": 2940}",Release paper strip,Manipulate paper strip,0
b9dd769b-e31a-4fdb-945e-5a60db6487b0__ep2:qa:190,test,b9dd769b-e31a-4fdb-945e-5a60db6487b0__ep2,"{""end_frame"": 3819, ""num_frames"": 20, ""start_frame"": 3800}",Sort small craft pieces,Manipulate paper strip,0
b9dd769b-e31a-4fdb-945e-5a60db6487b0__ep2:qa:191,test,b9dd769b-e31a-4fdb-945e-5a60db6487b0__ep2,"{""end_frame"": 3839, ""num_frames"": 20, ""start_frame"": 3820}",Sort small craft pieces,Fold paper strip,0
b9dd769b-e31a-4fdb-945e-5a60db6487b0__ep2:qa:192,test,b9dd769b-e31a-4fdb-945e-5a60db6487b0__ep2,"{""end_frame"": 3859, ""num_frames"": 20, ""start_frame"": 3840}",Sort small craft pieces,Manipulate paper strip,0
ba045ed4-ef25-404d-b756-8dcbd45b18fa__ep2:qa:0,test,ba045ed4-ef25-404d-b756-8dcbd45b18fa__ep2,"{""end_frame"": 19, ""num_frames"": 20, ""start_frame"": 0}",Open paper lantern,Manipulate paper strip,0
ba045ed4-ef25-404d-b756-8dcbd45b18fa__ep2:qa:1,test,ba045ed4-ef25-404d-b756-8dcbd45b18fa__ep2,"{""end_frame"": 39, ""num_frames"": 20, ""start_frame"": 20}",Open paper lantern,Manipulate paper strip,0
ba045ed4-ef25-404d-b756-8dcbd45b18fa__ep2:qa:20,test,ba045ed4-ef25-404d-b756-8dcbd45b18fa__ep2,"{""end_frame"": 419, ""num_frames"": 20, ""start_frame"": 400}",Fold paper lantern,Approach packing area,0
ba045ed4-ef25-404d-b756-8dcbd45b18fa__ep2:qa:21,test,ba045ed4-ef25-404d-b756-8dcbd45b18fa__ep2,"{""end_frame"": 439, ""num_frames"": 20, ""start_frame"": 420}",Fold paper lantern,Place red hat on table,0
ba045ed4-ef25-404d-b756-8dcbd45b18fa__ep2:qa:30,test,ba045ed4-ef25-404d-b756-8dcbd45b18fa__ep2,"{""end_frame"": 619, ""num_frames"": 20, ""start_frame"": 600}",Grasp lantern,Manipulate paper strip,0
ba045ed4-ef25-404d-b756-8dcbd45b18fa__ep2:qa:31,test,ba045ed4-ef25-404d-b756-8dcbd45b18fa__ep2,"{""end_frame"": 639, ""num_frames"": 20, ""start_frame"": 620}",Grasp lantern,Manipulate paper strip,0
ba045ed4-ef25-404d-b756-8dcbd45b18fa__ep2:qa:40,test,ba045ed4-ef25-404d-b756-8dcbd45b18fa__ep2,"{""end_frame"": 819, ""num_frames"": 20, ""start_frame"": 800}",Grasp lantern component,Manipulate paper strip,0
ba045ed4-ef25-404d-b756-8dcbd45b18fa__ep2:qa:41,test,ba045ed4-ef25-404d-b756-8dcbd45b18fa__ep2,"{""end_frame"": 839, ""num_frames"": 20, ""start_frame"": 820}",Grasp lantern component,Place red cap on table,0
ba045ed4-ef25-404d-b756-8dcbd45b18fa__ep2:qa:70,test,ba045ed4-ef25-404d-b756-8dcbd45b18fa__ep2,"{""end_frame"": 1419, ""num_frames"": 20, ""start_frame"": 1400}",Align paper lantern edges,Fold paper strip into star,0
ba045ed4-ef25-404d-b756-8dcbd45b18fa__ep2:qa:71,test,ba045ed4-ef25-404d-b756-8dcbd45b18fa__ep2,"{""end_frame"": 1439, ""num_frames"": 20, ""start_frame"": 1420}",Align paper lantern edges,Adjust lantern shape,0
ba045ed4-ef25-404d-b756-8dcbd45b18fa__ep2:qa:170,test,ba045ed4-ef25-404d-b756-8dcbd45b18fa__ep2,"{""end_frame"": 3419, ""num_frames"": 20, ""start_frame"": 3400}",Adjust lantern string,Manipulate paper strip,0
ba045ed4-ef25-404d-b756-8dcbd45b18fa__ep2:qa:171,test,ba045ed4-ef25-404d-b756-8dcbd45b18fa__ep2,"{""end_frame"": 3439, ""num_frames"": 20, ""start_frame"": 3420}",Adjust lantern string,Close container,0
ba045ed4-ef25-404d-b756-8dcbd45b18fa__ep2:qa:176,test,ba045ed4-ef25-404d-b756-8dcbd45b18fa__ep2,"{""end_frame"": 3539, ""num_frames"": 20, ""start_frame"": 3520}",Release lantern,Manipulate paper strip,0
ba045ed4-ef25-404d-b756-8dcbd45b18fa__ep2:qa:182,test,ba045ed4-ef25-404d-b756-8dcbd45b18fa__ep2,"{""end_frame"": 3659, ""num_frames"": 20, ""start_frame"": 3640}",Pick up packaged paper lantern component,Grasp item,0
ba045ed4-ef25-404d-b756-8dcbd45b18fa__ep2:qa:190,test,ba045ed4-ef25-404d-b756-8dcbd45b18fa__ep2,"{""end_frame"": 3819, ""num_frames"": 20, ""start_frame"": 3800}",Handle paper lantern component,Organize items for packing,0
ba045ed4-ef25-404d-b756-8dcbd45b18fa__ep2:qa:191,test,ba045ed4-ef25-404d-b756-8dcbd45b18fa__ep2,"{""end_frame"": 3839, ""num_frames"": 20, ""start_frame"": 3820}",Handle paper lantern component,Grasp item,0
ba045ed4-ef25-404d-b756-8dcbd45b18fa__ep2:qa:200,test,ba045ed4-ef25-404d-b756-8dcbd45b18fa__ep2,"{""end_frame"": 4019, ""num_frames"": 20, ""start_frame"": 4000}",Open folded paper lantern,Manipulate paper strip,0
ba045ed4-ef25-404d-b756-8dcbd45b18fa__ep2:qa:201,test,ba045ed4-ef25-404d-b756-8dcbd45b18fa__ep2,"{""end_frame"": 4039, ""num_frames"": 20, ""start_frame"": 4020}",Open folded paper lantern,Manipulate paper strip,0
ba045ed4-ef25-404d-b756-8dcbd45b18fa__ep2:qa:214,test,ba045ed4-ef25-404d-b756-8dcbd45b18fa__ep2,"{""end_frame"": 4299, ""num_frames"": 20, ""start_frame"": 4280}",Adjust lantern shape,Adjust grip,0
ba045ed4-ef25-404d-b756-8dcbd45b18fa__ep2:qa:215,test,ba045ed4-ef25-404d-b756-8dcbd45b18fa__ep2,"{""end_frame"": 4319, ""num_frames"": 20, ""start_frame"": 4300}",Adjust lantern shape,Adjust lantern shape,1
ba045ed4-ef25-404d-b756-8dcbd45b18fa__ep2:qa:220,test,ba045ed4-ef25-404d-b756-8dcbd45b18fa__ep2,"{""end_frame"": 4419, ""num_frames"": 20, ""start_frame"": 4400}",Hold paper lantern,Adjust lantern shape,0
ba045ed4-ef25-404d-b756-8dcbd45b18fa__ep2:qa:221,test,ba045ed4-ef25-404d-b756-8dcbd45b18fa__ep2,"{""end_frame"": 4439, ""num_frames"": 20, ""start_frame"": 4420}",Hold paper lantern,Adjust grip,0
ba045ed4-ef25-404d-b756-8dcbd45b18fa__ep2:qa:230,test,ba045ed4-ef25-404d-b756-8dcbd45b18fa__ep2,"{""end_frame"": 4619, ""num_frames"": 20, ""start_frame"": 4600}",Apply adhesive tape to lantern,Adjust grip,0
ba045ed4-ef25-404d-b756-8dcbd45b18fa__ep2:qa:231,test,ba045ed4-ef25-404d-b756-8dcbd45b18fa__ep2,"{""end_frame"": 4639, ""num_frames"": 20, ""start_frame"": 4620}",Apply adhesive tape to lantern,Adjust grip,0
ba045ed4-ef25-404d-b756-8dcbd45b18fa__ep2:qa:240,test,ba045ed4-ef25-404d-b756-8dcbd45b18fa__ep2,"{""end_frame"": 4819, ""num_frames"": 20, ""start_frame"": 4800}",Remove paper lantern part from packaging,Manipulate paper strip,0
ba045ed4-ef25-404d-b756-8dcbd45b18fa__ep2:qa:250,test,ba045ed4-ef25-404d-b756-8dcbd45b18fa__ep2,"{""end_frame"": 5019, ""num_frames"": 20, ""start_frame"": 5000}",Remove plastic packaging,Manipulate paper strip,0
ba045ed4-ef25-404d-b756-8dcbd45b18fa__ep2:qa:258,test,ba045ed4-ef25-404d-b756-8dcbd45b18fa__ep2,"{""end_frame"": 5179, ""num_frames"": 20, ""start_frame"": 5160}",Open paper lantern component,Grasp item,0
ba045ed4-ef25-404d-b756-8dcbd45b18fa__ep2:qa:259,test,ba045ed4-ef25-404d-b756-8dcbd45b18fa__ep2,"{""end_frame"": 5199, ""num_frames"": 20, ""start_frame"": 5180}",Open paper lantern component,Manipulate paper strip,0
ba045ed4-ef25-404d-b756-8dcbd45b18fa__ep2:qa:270,test,ba045ed4-ef25-404d-b756-8dcbd45b18fa__ep2,"{""end_frame"": 5419, ""num_frames"": 20, ""start_frame"": 5400}",Expand paper lantern,Place item in container,0
ba045ed4-ef25-404d-b756-8dcbd45b18fa__ep2:qa:271,test,ba045ed4-ef25-404d-b756-8dcbd45b18fa__ep2,"{""end_frame"": 5439, ""num_frames"": 20, ""start_frame"": 5420}",Expand paper lantern,Adjust paper,0
ba045ed4-ef25-404d-b756-8dcbd45b18fa__ep2:qa:290,test,ba045ed4-ef25-404d-b756-8dcbd45b18fa__ep2,"{""end_frame"": 5819, ""num_frames"": 20, ""start_frame"": 5800}",Align edges of paper lantern,Adjust lantern shape,0
ba045ed4-ef25-404d-b756-8dcbd45b18fa__ep2:qa:291,test,ba045ed4-ef25-404d-b756-8dcbd45b18fa__ep2,"{""end_frame"": 5839, ""num_frames"": 20, ""start_frame"": 5820}",Align edges of paper lantern,Adjust grip,0
4b02bb38-384a-438a-b5f9-6131d85c34b0__ep1:qa:0,test,4b02bb38-384a-438a-b5f9-6131d85c34b0__ep1,"{""end_frame"": 19, ""num_frames"": 20, ""start_frame"": 0}",Reach for craft items,Look around the table,0
4b02bb38-384a-438a-b5f9-6131d85c34b0__ep1:qa:1,test,4b02bb38-384a-438a-b5f9-6131d85c34b0__ep1,"{""end_frame"": 39, ""num_frames"": 20, ""start_frame"": 20}",Reach for craft items,Look around the table,0
4b02bb38-384a-438a-b5f9-6131d85c34b0__ep1:qa:2,test,4b02bb38-384a-438a-b5f9-6131d85c34b0__ep1,"{""end_frame"": 59, ""num_frames"": 20, ""start_frame"": 40}",Reach for craft items,Approach table,0
4b02bb38-384a-438a-b5f9-6131d85c34b0__ep1:qa:14,test,4b02bb38-384a-438a-b5f9-6131d85c34b0__ep1,"{""end_frame"": 299, ""num_frames"": 20, ""start_frame"": 280}",Sort craft items,Manipulate paper strip,0
4b02bb38-384a-438a-b5f9-6131d85c34b0__ep1:qa:15,test,4b02bb38-384a-438a-b5f9-6131d85c34b0__ep1,"{""end_frame"": 319, ""num_frames"": 20, ""start_frame"": 300}",Sort craft items,Manipulate paper strip,0
4b02bb38-384a-438a-b5f9-6131d85c34b0__ep1:qa:16,test,4b02bb38-384a-438a-b5f9-6131d85c34b0__ep1,"{""end_frame"": 339, ""num_frames"": 20, ""start_frame"": 320}",Sort craft items,Browsing smartphone content,0
4b02bb38-384a-438a-b5f9-6131d85c34b0__ep1:qa:20,test,4b02bb38-384a-438a-b5f9-6131d85c34b0__ep1,"{""end_frame"": 419, ""num_frames"": 20, ""start_frame"": 400}",Move smartphone,Browsing smartphone content,0
4b02bb38-384a-438a-b5f9-6131d85c34b0__ep1:qa:21,test,4b02bb38-384a-438a-b5f9-6131d85c34b0__ep1,"{""end_frame"": 439, ""num_frames"": 20, ""start_frame"": 420}",Move smartphone,Manipulate paper strip,0
4b02bb38-384a-438a-b5f9-6131d85c34b0__ep1:qa:22,test,4b02bb38-384a-438a-b5f9-6131d85c34b0__ep1,"{""end_frame"": 459, ""num_frames"": 20, ""start_frame"": 440}",Move smartphone,Browsing smartphone content,0
4b02bb38-384a-438a-b5f9-6131d85c34b0__ep1:qa:32,test,4b02bb38-384a-438a-b5f9-6131d85c34b0__ep1,"{""end_frame"": 659, ""num_frames"": 20, ""start_frame"": 640}",Place hand on table,Manipulate paper strip,0
4b02bb38-384a-438a-b5f9-6131d85c34b0__ep1:qa:33,test,4b02bb38-384a-438a-b5f9-6131d85c34b0__ep1,"{""end_frame"": 679, ""num_frames"": 20, ""start_frame"": 660}",Place hand on table,Browsing smartphone content,0
4b02bb38-384a-438a-b5f9-6131d85c34b0__ep1:qa:34,test,4b02bb38-384a-438a-b5f9-6131d85c34b0__ep1,"{""end_frame"": 699, ""num_frames"": 20, ""start_frame"": 680}",Place hand on table,Manipulate paper strip,0
4b02bb38-384a-438a-b5f9-6131d85c34b0__ep1:qa:50,test,4b02bb38-384a-438a-b5f9-6131d85c34b0__ep1,"{""end_frame"": 1019, ""num_frames"": 20, ""start_frame"": 1000}",Use smartphone,Browsing smartphone content,0
4b02bb38-384a-438a-b5f9-6131d85c34b0__ep1:qa:51,test,4b02bb38-384a-438a-b5f9-6131d85c34b0__ep1,"{""end_frame"": 1039, ""num_frames"": 20, ""start_frame"": 1020}",Use smartphone,Browsing smartphone content,0
4b02bb38-384a-438a-b5f9-6131d85c34b0__ep1:qa:70,test,4b02bb38-384a-438a-b5f9-6131d85c34b0__ep1,"{""end_frame"": 1419, ""num_frames"": 20, ""start_frame"": 1400}",Browse smartphone screen,Browsing smartphone content,0
4b02bb38-384a-438a-b5f9-6131d85c34b0__ep1:qa:71,test,4b02bb38-384a-438a-b5f9-6131d85c34b0__ep1,"{""end_frame"": 1439, ""num_frames"": 20, ""start_frame"": 1420}",Browse smartphone screen,Browsing smartphone content,0
4b02bb38-384a-438a-b5f9-6131d85c34b0__ep1:qa:72,test,4b02bb38-384a-438a-b5f9-6131d85c34b0__ep1,"{""end_frame"": 1459, ""num_frames"": 20, ""start_frame"": 1440}",Browse smartphone screen,Browsing smartphone content,0
4b02bb38-384a-438a-b5f9-6131d85c34b0__ep1:qa:100,test,4b02bb38-384a-438a-b5f9-6131d85c34b0__ep1,"{""end_frame"": 2019, ""num_frames"": 20, ""start_frame"": 2000}",Scroll smartphone screen,Browsing smartphone content,0
4b02bb38-384a-438a-b5f9-6131d85c34b0__ep1:qa:101,test,4b02bb38-384a-438a-b5f9-6131d85c34b0__ep1,"{""end_frame"": 2039, ""num_frames"": 20, ""start_frame"": 2020}",Scroll smartphone screen,Browsing smartphone content,0
4b02bb38-384a-438a-b5f9-6131d85c34b0__ep1:qa:102,test,4b02bb38-384a-438a-b5f9-6131d85c34b0__ep1,"{""end_frame"": 2059, ""num_frames"": 20, ""start_frame"": 2040}",Scroll smartphone screen,Browsing smartphone content,0
4b02bb38-384a-438a-b5f9-6131d85c34b0__ep1:qa:132,test,4b02bb38-384a-438a-b5f9-6131d85c34b0__ep1,"{""end_frame"": 2659, ""num_frames"": 20, ""start_frame"": 2640}",Put down smartphone,Browsing smartphone content,0
4b02bb38-384a-438a-b5f9-6131d85c34b0__ep1:qa:133,test,4b02bb38-384a-438a-b5f9-6131d85c34b0__ep1,"{""end_frame"": 2679, ""num_frames"": 20, ""start_frame"": 2660}",Put down smartphone,Browsing smartphone content,0
4b02bb38-384a-438a-b5f9-6131d85c34b0__ep1:qa:134,test,4b02bb38-384a-438a-b5f9-6131d85c34b0__ep1,"{""end_frame"": 2699, ""num_frames"": 20, ""start_frame"": 2680}",Put down smartphone,Browsing smartphone content,0
4b02bb38-384a-438a-b5f9-6131d85c34b0__ep1:qa:184,test,4b02bb38-384a-438a-b5f9-6131d85c34b0__ep1,"{""end_frame"": 3699, ""num_frames"": 20, ""start_frame"": 3680}",Place smartphone down,Browsing smartphone content,0
4b02bb38-384a-438a-b5f9-6131d85c34b0__ep1:qa:185,test,4b02bb38-384a-438a-b5f9-6131d85c34b0__ep1,"{""end_frame"": 3719, ""num_frames"": 20, ""start_frame"": 3700}",Place smartphone down,Browsing smartphone content,0
4b02bb38-384a-438a-b5f9-6131d85c34b0__ep1:qa:186,test,4b02bb38-384a-438a-b5f9-6131d85c34b0__ep1,"{""end_frame"": 3739, ""num_frames"": 20, ""start_frame"": 3720}",Place smartphone down,Browsing smartphone content,0
4b02bb38-384a-438a-b5f9-6131d85c34b0__ep1:qa:200,test,4b02bb38-384a-438a-b5f9-6131d85c34b0__ep1,"{""end_frame"": 4019, ""num_frames"": 20, ""start_frame"": 4000}",Hold smartphone,Browsing smartphone content,0
4b02bb38-384a-438a-b5f9-6131d85c34b0__ep1:qa:201,test,4b02bb38-384a-438a-b5f9-6131d85c34b0__ep1,"{""end_frame"": 4039, ""num_frames"": 20, ""start_frame"": 4020}",Hold smartphone,Browsing smartphone content,0
4b02bb38-384a-438a-b5f9-6131d85c34b0__ep1:qa:202,test,4b02bb38-384a-438a-b5f9-6131d85c34b0__ep1,"{""end_frame"": 4059, ""num_frames"": 20, ""start_frame"": 4040}",Hold smartphone,Browsing smartphone content,0
4b02bb38-384a-438a-b5f9-6131d85c34b0__ep1:qa:220,test,4b02bb38-384a-438a-b5f9-6131d85c34b0__ep1,"{""end_frame"": 4419, ""num_frames"": 20, ""start_frame"": 4400}",Manipulate paper strip,Manipulate paper strip,1
4b02bb38-384a-438a-b5f9-6131d85c34b0__ep1:qa:221,test,4b02bb38-384a-438a-b5f9-6131d85c34b0__ep1,"{""end_frame"": 4439, ""num_frames"": 20, ""start_frame"": 4420}",Manipulate paper strip,Adjust Mahjong tile,0
4b02bb38-384a-438a-b5f9-6131d85c34b0__ep1:qa:222,test,4b02bb38-384a-438a-b5f9-6131d85c34b0__ep1,"{""end_frame"": 4459, ""num_frames"": 20, ""start_frame"": 4440}",Manipulate paper strip,Manipulate paper strip,1
5399ef86-4df9-49bc-809f-8f4f92f9e659__ep6:qa:0,test,5399ef86-4df9-49bc-809f-8f4f92f9e659__ep6,"{""end_frame"": 19, ""num_frames"": 20, ""start_frame"": 0}",Pick up puzzle piece,"{""action"":""unknown"",""subtask"":""unknown"",""objects"":[]/""contact"":""unknown"",""transition"":""unknown"",""next_action"":""unknown"",""evidence_window"":{""start_frame"":0,""end_frame"":0}}",0
5399ef86-4df9-49bc-809f-8f4f92f9e659__ep6:qa:1,test,5399ef86-4df9-49bc-809f-8f4f92f9e659__ep6,"{""end_frame"": 39, ""num_frames"": 20, ""start_frame"": 20}",Pick up puzzle piece,"{""action"":""unknown"",""subtask"":""unknown"",""objects"":[]/""contact"":""unknown"",""transition"":""unknown"",""next_action"":""unknown"",""evidence_window"":{""start_frame"":0,""end_frame"":0}}",0
5399ef86-4df9-49bc-809f-8f4f92f9e659__ep6:qa:2,test,5399ef86-4df9-49bc-809f-8f4f92f9e659__ep6,"{""end_frame"": 59, ""num_frames"": 20, ""start_frame"": 40}",Pick up puzzle piece,"{""action"":""unknown"",""subtask"":""unknown"",""objects"":[]/""contact"":""unknown"",""transition"":""unknown"",""next_action"":""unknown"",""evidence_window"":{""start_frame"":0,""end_frame"":0}}",0
5399ef86-4df9-49bc-809f-8f4f92f9e659__ep6:qa:8,test,5399ef86-4df9-49bc-809f-8f4f92f9e659__ep6,"{""end_frame"": 179, ""num_frames"": 20, ""start_frame"": 160}",Place piece into puzzle,Adjust hand position,0
5399ef86-4df9-49bc-809f-8f4f92f9e659__ep6:qa:9,test,5399ef86-4df9-49bc-809f-8f4f92f9e659__ep6,"{""end_frame"": 199, ""num_frames"": 20, ""start_frame"": 180}",Place piece into puzzle,Adjust grip,0
5399ef86-4df9-49bc-809f-8f4f92f9e659__ep6:qa:10,test,5399ef86-4df9-49bc-809f-8f4f92f9e659__ep6,"{""end_frame"": 219, ""num_frames"": 20, ""start_frame"": 200}",Place piece into puzzle,Adjust Mahjong tile,0
5399ef86-4df9-49bc-809f-8f4f92f9e659__ep6:qa:20,test,5399ef86-4df9-49bc-809f-8f4f92f9e659__ep6,"{""end_frame"": 419, ""num_frames"": 20, ""start_frame"": 400}",Manipulate puzzle piece,"{""action"":""unknown"",""subtask"":""unknown"",""objects"":[]/""contact"":""unknown"",""transition"":""unknown"",""next_action"":""unknown"",""evidence_window"":{""start_frame"":0,""end_frame"":0}}",0
5399ef86-4df9-49bc-809f-8f4f92f9e659__ep6:qa:21,test,5399ef86-4df9-49bc-809f-8f4f92f9e659__ep6,"{""end_frame"": 439, ""num_frames"": 20, ""start_frame"": 420}",Manipulate puzzle piece,"{""action"":""unknown"",""subtask"":""unknown"",""objects"":[]/""contact"":""unknown"",""transition"":""unknown"",""next_action"":""unknown"",""evidence_window"":{""start_frame"":0,""end_frame"":0}}",0
5399ef86-4df9-49bc-809f-8f4f92f9e659__ep6:qa:22,test,5399ef86-4df9-49bc-809f-8f4f92f9e659__ep6,"{""end_frame"": 459, ""num_frames"": 20, ""start_frame"": 440}",Manipulate puzzle piece,"{""action"":""unknown"",""subtask"":""unknown"",""objects"":[]/""contact"":""unknown"",""transition"":""unknown"",""next_action"":""unknown"",""evidence_window"":{""start_frame"":0,""end_frame"":0}}",0
5399ef86-4df9-49bc-809f-8f4f92f9e659__ep6:qa:50,test,5399ef86-4df9-49bc-809f-8f4f92f9e659__ep6,"{""end_frame"": 1019, ""num_frames"": 20, ""start_frame"": 1000}",Manipulate puzzle pieces,"{""action"":""unknown"",""subtask"":""unknown"",""objects"":[]/""contact"":""unknown"",""transition"":""unknown"",""next_action"":""unknown"",""evidence_window"":{""start_frame"":0,""end_frame"":0}}",0
5399ef86-4df9-49bc-809f-8f4f92f9e659__ep6:qa:51,test,5399ef86-4df9-49bc-809f-8f4f92f9e659__ep6,"{""end_frame"": 1039, ""num_frames"": 20, ""start_frame"": 1020}",Manipulate puzzle pieces,Adjust Mahjong tile alignment,0
5399ef86-4df9-49bc-809f-8f4f92f9e659__ep6:qa:52,test,5399ef86-4df9-49bc-809f-8f4f92f9e659__ep6,"{""end_frame"": 1059, ""num_frames"": 20, ""start_frame"": 1040}",Manipulate puzzle pieces,Adjust Mahjong tile alignment,0
5399ef86-4df9-49bc-809f-8f4f92f9e659__ep6:qa:90,test,5399ef86-4df9-49bc-809f-8f4f92f9e659__ep6,"{""end_frame"": 1819, ""num_frames"": 20, ""start_frame"": 1800}",Place puzzle piece,"{""action"":""unknown"",""subtask"":""unknown"",""objects"":[]/""contact"":""unknown"",""transition"":""unknown"",""next_action"":""unknown"",""evidence_window"":{""start_frame"":0,""end_frame"":0}}",0
5399ef86-4df9-49bc-809f-8f4f92f9e659__ep6:qa:91,test,5399ef86-4df9-49bc-809f-8f4f92f9e659__ep6,"{""end_frame"": 1839, ""num_frames"": 20, ""start_frame"": 1820}",Place puzzle piece,Adjust Mahjong tile,0
5399ef86-4df9-49bc-809f-8f4f92f9e659__ep6:qa:92,test,5399ef86-4df9-49bc-809f-8f4f92f9e659__ep6,"{""end_frame"": 1859, ""num_frames"": 20, ""start_frame"": 1840}",Place puzzle piece,unknown,0
5399ef86-4df9-49bc-809f-8f4f92f9e659__ep6:qa:100,test,5399ef86-4df9-49bc-809f-8f4f92f9e659__ep6,"{""end_frame"": 2019, ""num_frames"": 20, ""start_frame"": 2000}",Observe puzzle progress,Adjust position,0
5399ef86-4df9-49bc-809f-8f4f92f9e659__ep6:qa:101,test,5399ef86-4df9-49bc-809f-8f4f92f9e659__ep6,"{""end_frame"": 2039, ""num_frames"": 20, ""start_frame"": 2020}",Observe puzzle progress,"{""action"":""unknown"",""subtask"":""unknown"",""objects"":[]/""contact"":""unknown"",""transition"":""unknown"",""next_action"":""unknown"",""evidence_window"":{""start_frame"":0,""end_frame"":0}}",0
5399ef86-4df9-49bc-809f-8f4f92f9e659__ep6:qa:102,test,5399ef86-4df9-49bc-809f-8f4f92f9e659__ep6,"{""end_frame"": 2059, ""num_frames"": 20, ""start_frame"": 2040}",Observe puzzle progress,"{""action"":""unknown"",""subtask"":""unknown"",""objects"":[]/""contact"":""unknown"",""transition"":""unknown"",""next_action"":""unknown"",""evidence_window"":{""start_frame"":0,""end_frame"":0}}",0
5399ef86-4df9-49bc-809f-8f4f92f9e659__ep6:qa:120,test,5399ef86-4df9-49bc-809f-8f4f92f9e659__ep6,"{""end_frame"": 2419, ""num_frames"": 20, ""start_frame"": 2400}",Search for puzzle piece,"{""action"":""unknown"",""subtask"":""unknown"",""objects"":[]/""contact"":""unknown"",""transition"":""unknown"",""next_action"":""unknown"",""evidence_window"":{""start_frame"":0,""end_frame"":0}}",0
5399ef86-4df9-49bc-809f-8f4f92f9e659__ep6:qa:121,test,5399ef86-4df9-49bc-809f-8f4f92f9e659__ep6,"{""end_frame"": 2439, ""num_frames"": 20, ""start_frame"": 2420}",Search for puzzle piece,unknown,0
5399ef86-4df9-49bc-809f-8f4f92f9e659__ep6:qa:140,test,5399ef86-4df9-49bc-809f-8f4f92f9e659__ep6,"{""end_frame"": 2819, ""num_frames"": 20, ""start_frame"": 2800}",Release puzzle piece,"{""action"":""unknown"",""subtask"":""unknown"",""objects"":[]/""contact"":""unknown"",""transition"":""unknown"",""next_action"":""unknown"",""evidence_window"":{""start_frame"":0,""end_frame"":0}}",0
5399ef86-4df9-49bc-809f-8f4f92f9e659__ep6:qa:141,test,5399ef86-4df9-49bc-809f-8f4f92f9e659__ep6,"{""end_frame"": 2839, ""num_frames"": 20, ""start_frame"": 2820}",Release puzzle piece,Adjust Mahjong tile,0
5399ef86-4df9-49bc-809f-8f4f92f9e659__ep6:qa:144,test,5399ef86-4df9-49bc-809f-8f4f92f9e659__ep6,"{""end_frame"": 2899, ""num_frames"": 20, ""start_frame"": 2880}",Adjust puzzle piece,"{""action"":""unknown"",""subtask"":""unknown"",""objects"":[]/""contact"":""unknown"",""transition"":""unknown"",""next_action"":""unknown"",""evidence_window"":{""start_frame"":0,""end_frame"":0}}",0
5399ef86-4df9-49bc-809f-8f4f92f9e659__ep6:qa:145,test,5399ef86-4df9-49bc-809f-8f4f92f9e659__ep6,"{""end_frame"": 2919, ""num_frames"": 20, ""start_frame"": 2900}",Adjust puzzle piece,"{""action"":""unknown"",""subtask"":""unknown"",""objects"":[]/""contact"":""unknown"",""transition"":""unknown"",""next_action"":""unknown"",""evidence_window"":{""start_frame"":0,""end_frame"":0}}",0
5399ef86-4df9-49bc-809f-8f4f92f9e659__ep6:qa:146,test,5399ef86-4df9-49bc-809f-8f4f92f9e659__ep6,"{""end_frame"": 2939, ""num_frames"": 20, ""start_frame"": 2920}",Adjust puzzle piece,"{""action"":""unknown"",""subtask"":""unknown"",""objects"":[]/""contact"":""unknown"",""transition"":""unknown"",""next_action"":""unknown"",""evidence_window"":{""start_frame"":0,""end_frame"":0}}",0
5399ef86-4df9-49bc-809f-8f4f92f9e659__ep6:qa:150,test,5399ef86-4df9-49bc-809f-8f4f92f9e659__ep6,"{""end_frame"": 3019, ""num_frames"": 20, ""start_frame"": 3000}",Reach for puzzle piece,unknown,0
5399ef86-4df9-49bc-809f-8f4f92f9e659__ep6:qa:151,test,5399ef86-4df9-49bc-809f-8f4f92f9e659__ep6,"{""end_frame"": 3039, ""num_frames"": 20, ""start_frame"": 3020}",Reach for puzzle piece,Adjusting and placing down paper pieces,0
5399ef86-4df9-49bc-809f-8f4f92f9e659__ep6:qa:160,test,5399ef86-4df9-49bc-809f-8f4f92f9e659__ep6,"{""end_frame"": 3219, ""num_frames"": 20, ""start_frame"": 3200}",Attempt to fit puzzle piece,unknown,0
5399ef86-4df9-49bc-809f-8f4f92f9e659__ep6:qa:161,test,5399ef86-4df9-49bc-809f-8f4f92f9e659__ep6,"{""end_frame"": 3239, ""num_frames"": 20, ""start_frame"": 3220}",Attempt to fit puzzle piece,unknown,0
5399ef86-4df9-49bc-809f-8f4f92f9e659__ep6:qa:162,test,5399ef86-4df9-49bc-809f-8f4f92f9e659__ep6,"{""end_frame"": 3259, ""num_frames"": 20, ""start_frame"": 3240}",Attempt to fit puzzle piece,"{""action"":""unknown"",""subtask"":""unknown"",""objects"":[]/""contact"":""unknown"",""transition"":""unknown"",""next_action"":""unknown"",""evidence_window"":{""start_frame"":0,""end_frame"":0}}",0
5399ef86-4df9-49bc-809f-8f4f92f9e659__ep6:qa:190,test,5399ef86-4df9-49bc-809f-8f4f92f9e659__ep6,"{""end_frame"": 3819, ""num_frames"": 20, ""start_frame"": 3800}",Sort puzzle pieces,"{""action"":""unknown"",""subtask"":""unknown"",""objects"":[]/""contact"":""unknown"",""transition"":""unknown"",""next_action"":""unknown"",""evidence_window"":{""start_frame"":0,""end_frame"":0}}",0
5399ef86-4df9-49bc-809f-8f4f92f9e659__ep6:qa:191,test,5399ef86-4df9-49bc-809f-8f4f92f9e659__ep6,"{""end_frame"": 3839, ""num_frames"": 20, ""start_frame"": 3820}",Sort puzzle pieces,"{""action"":""unknown"",""subtask"":""unknown"",""objects"":[]/""contact"":""unknown"",""transition"":""unknown"",""next_action"":""unknown"",""evidence_window"":{""start_frame"":0,""end_frame"":0}}",0
b750fab3-7fbb-43a0-b451-c64c4d4a64da__ep1:qa:0,test,b750fab3-7fbb-43a0-b451-c64c4d4a64da__ep1,"{""end_frame"": 19, ""num_frames"": 20, ""start_frame"": 0}",Walking across the room,unknown,0
b750fab3-7fbb-43a0-b451-c64c4d4a64da__ep1:qa:20,test,b750fab3-7fbb-43a0-b451-c64c4d4a64da__ep1,"{""end_frame"": 419, ""num_frames"": 20, ""start_frame"": 400}",Approaching the table,Gather cardboard pieces,0
b750fab3-7fbb-43a0-b451-c64c4d4a64da__ep1:qa:21,test,b750fab3-7fbb-43a0-b451-c64c4d4a64da__ep1,"{""end_frame"": 439, ""num_frames"": 20, ""start_frame"": 420}",Approaching the table,Gather cardboard pieces,0
b750fab3-7fbb-43a0-b451-c64c4d4a64da__ep1:qa:28,test,b750fab3-7fbb-43a0-b451-c64c4d4a64da__ep1,"{""end_frame"": 579, ""num_frames"": 20, ""start_frame"": 560}",Preparing to craft,Manipulate paper strip,0
b750fab3-7fbb-43a0-b451-c64c4d4a64da__ep1:qa:29,test,b750fab3-7fbb-43a0-b451-c64c4d4a64da__ep1,"{""end_frame"": 599, ""num_frames"": 20, ""start_frame"": 580}",Preparing to craft,Adjust Mahjong tile,0
b750fab3-7fbb-43a0-b451-c64c4d4a64da__ep1:qa:34,test,b750fab3-7fbb-43a0-b451-c64c4d4a64da__ep1,"{""end_frame"": 699, ""num_frames"": 20, ""start_frame"": 680}",Picking up crafting material,Browsing smartphone content,0
b750fab3-7fbb-43a0-b451-c64c4d4a64da__ep1:qa:35,test,b750fab3-7fbb-43a0-b451-c64c4d4a64da__ep1,"{""end_frame"": 719, ""num_frames"": 20, ""start_frame"": 700}",Picking up crafting material,Manipulate paper strip,0
b750fab3-7fbb-43a0-b451-c64c4d4a64da__ep1:qa:40,test,b750fab3-7fbb-43a0-b451-c64c4d4a64da__ep1,"{""end_frame"": 819, ""num_frames"": 20, ""start_frame"": 800}",Use phone,Browsing smartphone content,0
b750fab3-7fbb-43a0-b451-c64c4d4a64da__ep1:qa:41,test,b750fab3-7fbb-43a0-b451-c64c4d4a64da__ep1,"{""end_frame"": 839, ""num_frames"": 20, ""start_frame"": 820}",Use phone,Browsing smartphone content,0
b750fab3-7fbb-43a0-b451-c64c4d4a64da__ep1:qa:70,test,b750fab3-7fbb-43a0-b451-c64c4d4a64da__ep1,"{""end_frame"": 1419, ""num_frames"": 20, ""start_frame"": 1400}",Pick up small piece of material,Browsing smartphone content,0
b750fab3-7fbb-43a0-b451-c64c4d4a64da__ep1:qa:71,test,b750fab3-7fbb-43a0-b451-c64c4d4a64da__ep1,"{""end_frame"": 1439, ""num_frames"": 20, ""start_frame"": 1420}",Pick up small piece of material,Release paper strip,0
b750fab3-7fbb-43a0-b451-c64c4d4a64da__ep1:qa:74,test,b750fab3-7fbb-43a0-b451-c64c4d4a64da__ep1,"{""end_frame"": 1499, ""num_frames"": 20, ""start_frame"": 1480}",Manipulate material,Fold paper strip,0
b750fab3-7fbb-43a0-b451-c64c4d4a64da__ep1:qa:75,test,b750fab3-7fbb-43a0-b451-c64c4d4a64da__ep1,"{""end_frame"": 1519, ""num_frames"": 20, ""start_frame"": 1500}",Manipulate material,Release paper strip,0
b750fab3-7fbb-43a0-b451-c64c4d4a64da__ep1:qa:82,test,b750fab3-7fbb-43a0-b451-c64c4d4a64da__ep1,"{""end_frame"": 1659, ""num_frames"": 20, ""start_frame"": 1640}",Place material,Manipulate paper strip,0
b750fab3-7fbb-43a0-b451-c64c4d4a64da__ep1:qa:83,test,b750fab3-7fbb-43a0-b451-c64c4d4a64da__ep1,"{""end_frame"": 1679, ""num_frames"": 20, ""start_frame"": 1660}",Place material,Fold paper strip,0
b750fab3-7fbb-43a0-b451-c64c4d4a64da__ep1:qa:90,test,b750fab3-7fbb-43a0-b451-c64c4d4a64da__ep1,"{""end_frame"": 1819, ""num_frames"": 20, ""start_frame"": 1800}",Manipulate yellow strip,Manipulate paper strip,0
b750fab3-7fbb-43a0-b451-c64c4d4a64da__ep1:qa:91,test,b750fab3-7fbb-43a0-b451-c64c4d4a64da__ep1,"{""end_frame"": 1839, ""num_frames"": 20, ""start_frame"": 1820}",Manipulate yellow strip,Manipulate paper strip,0
b750fab3-7fbb-43a0-b451-c64c4d4a64da__ep1:qa:120,test,b750fab3-7fbb-43a0-b451-c64c4d4a64da__ep1,"{""end_frame"": 2419, ""num_frames"": 20, ""start_frame"": 2400}",Manipulating paper strips,Manipulate paper strip,0
b750fab3-7fbb-43a0-b451-c64c4d4a64da__ep1:qa:121,test,b750fab3-7fbb-43a0-b451-c64c4d4a64da__ep1,"{""end_frame"": 2439, ""num_frames"": 20, ""start_frame"": 2420}",Manipulating paper strips,Manipulate paper strip,0
b750fab3-7fbb-43a0-b451-c64c4d4a64da__ep1:qa:150,test,b750fab3-7fbb-43a0-b451-c64c4d4a64da__ep1,"{""end_frame"": 3019, ""num_frames"": 20, ""start_frame"": 3000}",Manipulate paper strip,Fold paper strip,0
b750fab3-7fbb-43a0-b451-c64c4d4a64da__ep1:qa:151,test,b750fab3-7fbb-43a0-b451-c64c4d4a64da__ep1,"{""end_frame"": 3039, ""num_frames"": 20, ""start_frame"": 3020}",Manipulate paper strip,Manipulate paper strip,1
b750fab3-7fbb-43a0-b451-c64c4d4a64da__ep1:qa:190,test,b750fab3-7fbb-43a0-b451-c64c4d4a64da__ep1,"{""end_frame"": 3819, ""num_frames"": 20, ""start_frame"": 3800}",Manipulate bead,Fold paper strip,0
b750fab3-7fbb-43a0-b451-c64c4d4a64da__ep1:qa:191,test,b750fab3-7fbb-43a0-b451-c64c4d4a64da__ep1,"{""end_frame"": 3839, ""num_frames"": 20, ""start_frame"": 3820}",Manipulate bead,Manipulate paper strip,0
b750fab3-7fbb-43a0-b451-c64c4d4a64da__ep1:qa:220,test,b750fab3-7fbb-43a0-b451-c64c4d4a64da__ep1,"{""end_frame"": 4419, ""num_frames"": 20, ""start_frame"": 4400}",Manipulate beads,Manipulate paper strip,0
b750fab3-7fbb-43a0-b451-c64c4d4a64da__ep1:qa:221,test,b750fab3-7fbb-43a0-b451-c64c4d4a64da__ep1,"{""end_frame"": 4439, ""num_frames"": 20, ""start_frame"": 4420}",Manipulate beads,Sort and combine bead piles,0
b750fab3-7fbb-43a0-b451-c64c4d4a64da__ep1:qa:240,test,b750fab3-7fbb-43a0-b451-c64c4d4a64da__ep1,"{""end_frame"": 4819, ""num_frames"": 20, ""start_frame"": 4800}",Use phone while crafting,Browsing smartphone content,0
b750fab3-7fbb-43a0-b451-c64c4d4a64da__ep1:qa:246,test,b750fab3-7fbb-43a0-b451-c64c4d4a64da__ep1,"{""end_frame"": 4939, ""num_frames"": 20, ""start_frame"": 4920}",Place phone down,:unknown,0
b750fab3-7fbb-43a0-b451-c64c4d4a64da__ep1:qa:247,test,b750fab3-7fbb-43a0-b451-c64c4d4a64da__ep1,"{""end_frame"": 4959, ""num_frames"": 20, ""start_frame"": 4940}",Place phone down,Fold paper strip,0
b750fab3-7fbb-43a0-b451-c64c4d4a64da__ep1:qa:250,test,b750fab3-7fbb-43a0-b451-c64c4d4a64da__ep1,"{""end_frame"": 5019, ""num_frames"": 20, ""start_frame"": 5000}",Hold and manipulate paper strip,Manipulate paper strip,0
b750fab3-7fbb-43a0-b451-c64c4d4a64da__ep1:qa:251,test,b750fab3-7fbb-43a0-b451-c64c4d4a64da__ep1,"{""end_frame"": 5039, ""num_frames"": 20, ""start_frame"": 5020}",Hold and manipulate paper strip,Fold paper strip into star,0
b750fab3-7fbb-43a0-b451-c64c4d4a64da__ep1:qa:296,test,b750fab3-7fbb-43a0-b451-c64c4d4a64da__ep1,"{""end_frame"": 5939, ""num_frames"": 20, ""start_frame"": 5920}",Interact with smartphone,Browsing smartphone content,0
b750fab3-7fbb-43a0-b451-c64c4d4a64da__ep1:qa:297,test,b750fab3-7fbb-43a0-b451-c64c4d4a64da__ep1,"{""end_frame"": 5959, ""num_frames"": 20, ""start_frame"": 5940}",Interact with smartphone,Browsing smartphone content,0
877779cd-25f3-4293-a3c4-39067dd9558c__ep4:qa:0,test,877779cd-25f3-4293-a3c4-39067dd9558c__ep4,"{""end_frame"": 19, ""num_frames"": 20, ""start_frame"": 0}",Sort buttons,Adjust bead piles,0
877779cd-25f3-4293-a3c4-39067dd9558c__ep4:qa:1,test,877779cd-25f3-4293-a3c4-39067dd9558c__ep4,"{""end_frame"": 39, ""num_frames"": 20, ""start_frame"": 20}",Sort buttons,Arrange buttons,0
877779cd-25f3-4293-a3c4-39067dd9558c__ep4:qa:2,test,877779cd-25f3-4293-a3c4-39067dd9558c__ep4,"{""end_frame"": 59, ""num_frames"": 20, ""start_frame"": 40}",Sort buttons,Arrange buttons,0
877779cd-25f3-4293-a3c4-39067dd9558c__ep4:qa:20,test,877779cd-25f3-4293-a3c4-39067dd9558c__ep4,"{""end_frame"": 419, ""num_frames"": 20, ""start_frame"": 400}",Arrange buttons,Manipulate colorful pieces,0
877779cd-25f3-4293-a3c4-39067dd9558c__ep4:qa:21,test,877779cd-25f3-4293-a3c4-39067dd9558c__ep4,"{""end_frame"": 439, ""num_frames"": 20, ""start_frame"": 420}",Arrange buttons,Manipulate paper strip,0
877779cd-25f3-4293-a3c4-39067dd9558c__ep4:qa:22,test,877779cd-25f3-4293-a3c4-39067dd9558c__ep4,"{""end_frame"": 459, ""num_frames"": 20, ""start_frame"": 440}",Arrange buttons,Sort and combine bead piles,0
877779cd-25f3-4293-a3c4-39067dd9558c__ep4:qa:23,test,877779cd-25f3-4293-a3c4-39067dd9558c__ep4,"{""end_frame"": 479, ""num_frames"": 20, ""start_frame"": 460}",Arrange buttons,Adjust red button,0
877779cd-25f3-4293-a3c4-39067dd9558c__ep4:qa:50,test,877779cd-25f3-4293-a3c4-39067dd9558c__ep4,"{""end_frame"": 1019, ""num_frames"": 20, ""start_frame"": 1000}",Arrange buttons in a line,Manipulate paper strip,0
877779cd-25f3-4293-a3c4-39067dd9558c__ep4:qa:51,test,877779cd-25f3-4293-a3c4-39067dd9558c__ep4,"{""end_frame"": 1039, ""num_frames"": 20, ""start_frame"": 1020}",Arrange buttons in a line,Manipulate paper strip,0
877779cd-25f3-4293-a3c4-39067dd9558c__ep4:qa:52,test,877779cd-25f3-4293-a3c4-39067dd9558c__ep4,"{""end_frame"": 1059, ""num_frames"": 20, ""start_frame"": 1040}",Arrange buttons in a line,Manipulate paper strip,0
877779cd-25f3-4293-a3c4-39067dd9558c__ep4:qa:53,test,877779cd-25f3-4293-a3c4-39067dd9558c__ep4,"{""end_frame"": 1079, ""num_frames"": 20, ""start_frame"": 1060}",Arrange buttons in a line,Manipulate paper strip,0
877779cd-25f3-4293-a3c4-39067dd9558c__ep4:qa:70,test,877779cd-25f3-4293-a3c4-39067dd9558c__ep4,"{""end_frame"": 1419, ""num_frames"": 20, ""start_frame"": 1400}",Sort and arrange buttons,Manipulate paper strip,0
877779cd-25f3-4293-a3c4-39067dd9558c__ep4:qa:71,test,877779cd-25f3-4293-a3c4-39067dd9558c__ep4,"{""end_frame"": 1439, ""num_frames"": 20, ""start_frame"": 1420}",Sort and arrange buttons,Manipulate paper strip,0
877779cd-25f3-4293-a3c4-39067dd9558c__ep4:qa:72,test,877779cd-25f3-4293-a3c4-39067dd9558c__ep4,"{""end_frame"": 1459, ""num_frames"": 20, ""start_frame"": 1440}",Sort and arrange buttons,Adjust Mahjong tile,0
877779cd-25f3-4293-a3c4-39067dd9558c__ep4:qa:100,test,877779cd-25f3-4293-a3c4-39067dd9558c__ep4,"{""end_frame"": 2019, ""num_frames"": 20, ""start_frame"": 2000}",Pick up button,Manipulate colorful pieces,0
877779cd-25f3-4293-a3c4-39067dd9558c__ep4:qa:101,test,877779cd-25f3-4293-a3c4-39067dd9558c__ep4,"{""end_frame"": 2039, ""num_frames"": 20, ""start_frame"": 2020}",Pick up button,Manipulate colorful pieces,0
877779cd-25f3-4293-a3c4-39067dd9558c__ep4:qa:102,test,877779cd-25f3-4293-a3c4-39067dd9558c__ep4,"{""end_frame"": 2059, ""num_frames"": 20, ""start_frame"": 2040}",Pick up button,Manipulate colorful pieces,0
877779cd-25f3-4293-a3c4-39067dd9558c__ep4:qa:108,test,877779cd-25f3-4293-a3c4-39067dd9558c__ep4,"{""end_frame"": 2179, ""num_frames"": 20, ""start_frame"": 2160}",Place button,Manipulate paper strip,0
877779cd-25f3-4293-a3c4-39067dd9558c__ep4:qa:109,test,877779cd-25f3-4293-a3c4-39067dd9558c__ep4,"{""end_frame"": 2199, ""num_frames"": 20, ""start_frame"": 2180}",Place button,Fold paper strip,0
877779cd-25f3-4293-a3c4-39067dd9558c__ep4:qa:110,test,877779cd-25f3-4293-a3c4-39067dd9558c__ep4,"{""end_frame"": 2219, ""num_frames"": 20, ""start_frame"": 2200}",Place button,Manipulate colorful pieces,0
877779cd-25f3-4293-a3c4-39067dd9558c__ep4:qa:120,test,877779cd-25f3-4293-a3c4-39067dd9558c__ep4,"{""end_frame"": 2419, ""num_frames"": 20, ""start_frame"": 2400}",Sort button,Adjust Mahjong tile,0
877779cd-25f3-4293-a3c4-39067dd9558c__ep4:qa:121,test,877779cd-25f3-4293-a3c4-39067dd9558c__ep4,"{""end_frame"": 2439, ""num_frames"": 20, ""start_frame"": 2420}",Sort button,Manipulate paper strip,0
877779cd-25f3-4293-a3c4-39067dd9558c__ep4:qa:122,test,877779cd-25f3-4293-a3c4-39067dd9558c__ep4,"{""end_frame"": 2459, ""num_frames"": 20, ""start_frame"": 2440}",Sort button,Adjust bead piles,0
877779cd-25f3-4293-a3c4-39067dd9558c__ep4:qa:150,test,877779cd-25f3-4293-a3c4-39067dd9558c__ep4,"{""end_frame"": 3019, ""num_frames"": 20, ""start_frame"": 3000}",Sort and adjust button line,Manipulate paper strip,0
877779cd-25f3-4293-a3c4-39067dd9558c__ep4:qa:151,test,877779cd-25f3-4293-a3c4-39067dd9558c__ep4,"{""end_frame"": 3039, ""num_frames"": 20, ""start_frame"": 3020}",Sort and adjust button line,Manipulate paper strip,0
877779cd-25f3-4293-a3c4-39067dd9558c__ep4:qa:152,test,877779cd-25f3-4293-a3c4-39067dd9558c__ep4,"{""end_frame"": 3059, ""num_frames"": 20, ""start_frame"": 3040}",Sort and adjust button line,Manipulate paper strip,0
877779cd-25f3-4293-a3c4-39067dd9558c__ep4:qa:170,test,877779cd-25f3-4293-a3c4-39067dd9558c__ep4,"{""end_frame"": 3419, ""num_frames"": 20, ""start_frame"": 3400}",Use smartphone,Browsing smartphone content,0
877779cd-25f3-4293-a3c4-39067dd9558c__ep4:qa:171,test,877779cd-25f3-4293-a3c4-39067dd9558c__ep4,"{""end_frame"": 3439, ""num_frames"": 20, ""start_frame"": 3420}",Use smartphone,Browsing smartphone content,0
877779cd-25f3-4293-a3c4-39067dd9558c__ep4:qa:172,test,877779cd-25f3-4293-a3c4-39067dd9558c__ep4,"{""end_frame"": 3459, ""num_frames"": 20, ""start_frame"": 3440}",Use smartphone,Browsing smartphone content,0
877779cd-25f3-4293-a3c4-39067dd9558c__ep4:qa:200,test,877779cd-25f3-4293-a3c4-39067dd9558c__ep4,"{""end_frame"": 4019, ""num_frames"": 20, ""start_frame"": 4000}",Sort and place buttons,Manipulate paper strip,0
877779cd-25f3-4293-a3c4-39067dd9558c__ep4:qa:201,test,877779cd-25f3-4293-a3c4-39067dd9558c__ep4,"{""end_frame"": 4039, ""num_frames"": 20, ""start_frame"": 4020}",Sort and place buttons,Adjust Mahjong tile,0
877779cd-25f3-4293-a3c4-39067dd9558c__ep4:qa:202,test,877779cd-25f3-4293-a3c4-39067dd9558c__ep4,"{""end_frame"": 4059, ""num_frames"": 20, ""start_frame"": 4040}",Sort and place buttons,Adjust Mahjong tile,0
1796b943-caad-43c6-b9bd-80b8d601f37d__ep1:qa:0,test,1796b943-caad-43c6-b9bd-80b8d601f37d__ep1,"{""end_frame"": 19, ""num_frames"": 20, ""start_frame"": 0}",Walking in the hallway,unknown,0
1796b943-caad-43c6-b9bd-80b8d601f37d__ep1:qa:1,test,1796b943-caad-43c6-b9bd-80b8d601f37d__ep1,"{""end_frame"": 39, ""num_frames"": 20, ""start_frame"": 20}",Walking in the hallway,Approach table,0
1796b943-caad-43c6-b9bd-80b8d601f37d__ep1:qa:2,test,1796b943-caad-43c6-b9bd-80b8d601f37d__ep1,"{""end_frame"": 59, ""num_frames"": 20, ""start_frame"": 40}",Walking in the hallway,Adjust Mahjong tile,0
1796b943-caad-43c6-b9bd-80b8d601f37d__ep1:qa:10,test,1796b943-caad-43c6-b9bd-80b8d601f37d__ep1,"{""end_frame"": 219, ""num_frames"": 20, ""start_frame"": 200}",Approaching and pressing the door switch,Pick up item to pack,0
1796b943-caad-43c6-b9bd-80b8d601f37d__ep1:qa:11,test,1796b943-caad-43c6-b9bd-80b8d601f37d__ep1,"{""end_frame"": 239, ""num_frames"": 20, ""start_frame"": 220}",Approaching and pressing the door switch,Gesturing,0
1796b943-caad-43c6-b9bd-80b8d601f37d__ep1:qa:12,test,1796b943-caad-43c6-b9bd-80b8d601f37d__ep1,"{""end_frame"": 259, ""num_frames"": 20, ""start_frame"": 240}",Approaching and pressing the door switch,Greeting participants,0
1796b943-caad-43c6-b9bd-80b8d601f37d__ep1:qa:13,test,1796b943-caad-43c6-b9bd-80b8d601f37d__ep1,"{""end_frame"": 279, ""num_frames"": 20, ""start_frame"": 260}",Approaching and pressing the door switch,Organizing items,0
1796b943-caad-43c6-b9bd-80b8d601f37d__ep1:qa:20,test,1796b943-caad-43c6-b9bd-80b8d601f37d__ep1,"{""end_frame"": 419, ""num_frames"": 20, ""start_frame"": 400}",Entering the VR training room,Approaching the table,0
1796b943-caad-43c6-b9bd-80b8d601f37d__ep1:qa:21,test,1796b943-caad-43c6-b9bd-80b8d601f37d__ep1,"{""end_frame"": 439, ""num_frames"": 20, ""start_frame"": 420}",Entering the VR training room,unknown,0
1796b943-caad-43c6-b9bd-80b8d601f37d__ep1:qa:22,test,1796b943-caad-43c6-b9bd-80b8d601f37d__ep1,"{""end_frame"": 459, ""num_frames"": 20, ""start_frame"": 440}",Entering the VR training room,Browsing smartphone content,0
1796b943-caad-43c6-b9bd-80b8d601f37d__ep1:qa:28,test,1796b943-caad-43c6-b9bd-80b8d601f37d__ep1,"{""end_frame"": 579, ""num_frames"": 20, ""start_frame"": 560}",Greeting/acknowledging participants,Browsing smartphone content,0
1796b943-caad-43c6-b9bd-80b8d601f37d__ep1:qa:29,test,1796b943-caad-43c6-b9bd-80b8d601f37d__ep1,"{""end_frame"": 599, ""num_frames"": 20, ""start_frame"": 580}",Greeting/acknowledging participants,Interacting with phone,0
1796b943-caad-43c6-b9bd-80b8d601f37d__ep1:qa:30,test,1796b943-caad-43c6-b9bd-80b8d601f37d__ep1,"{""end_frame"": 619, ""num_frames"": 20, ""start_frame"": 600}",Greeting/acknowledging participants,Interacting with phone,0
1796b943-caad-43c6-b9bd-80b8d601f37d__ep1:qa:40,test,1796b943-caad-43c6-b9bd-80b8d601f37d__ep1,"{""end_frame"": 819, ""num_frames"": 20, ""start_frame"": 800}",Move through the training room,Gesturing,0
1796b943-caad-43c6-b9bd-80b8d601f37d__ep1:qa:41,test,1796b943-caad-43c6-b9bd-80b8d601f37d__ep1,"{""end_frame"": 839, ""num_frames"": 20, ""start_frame"": 820}",Move through the training room,"{""action"": ""Interacting with phone"", ""subtask"": ""Browsing and interacting with phone interface"", ""objects"": [""smartphone"", ""person"", ""table"", ""chair"", ""wall"", ""floor"", ""ceiling"", ""lighting fixture"", ""door"", ""window"", ""poster"", ""sign"", ""banner"", ""plant"", ""carpet"", ""railing"", ""staircase"", ""elevator"", ""escalator"", ""handrail"",",0
1796b943-caad-43c6-b9bd-80b8d601f37d__ep1:qa:42,test,1796b943-caad-43c6-b9bd-80b8d601f37d__ep1,"{""end_frame"": 859, ""num_frames"": 20, ""start_frame"": 840}",Move through the training room,Browsing smartphone content,0
1796b943-caad-43c6-b9bd-80b8d601f37d__ep1:qa:50,test,1796b943-caad-43c6-b9bd-80b8d601f37d__ep1,"{""end_frame"": 1019, ""num_frames"": 20, ""start_frame"": 1000}",Manipulate plastic strips,Adjust Mahjong tile,0
1796b943-caad-43c6-b9bd-80b8d601f37d__ep1:qa:51,test,1796b943-caad-43c6-b9bd-80b8d601f37d__ep1,"{""end_frame"": 1039, ""num_frames"": 20, ""start_frame"": 1020}",Manipulate plastic strips,Approach table,0
1796b943-caad-43c6-b9bd-80b8d601f37d__ep1:qa:52,test,1796b943-caad-43c6-b9bd-80b8d601f37d__ep1,"{""end_frame"": 1059, ""num_frames"": 20, ""start_frame"": 1040}",Manipulate plastic strips,Adjust Mahjong tile,0
1796b943-caad-43c6-b9bd-80b8d601f37d__ep1:qa:70,test,1796b943-caad-43c6-b9bd-80b8d601f37d__ep1,"{""end_frame"": 1419, ""num_frames"": 20, ""start_frame"": 1400}",Manipulate plastic strip,Manipulate paper strip,0
1796b943-caad-43c6-b9bd-80b8d601f37d__ep1:qa:71,test,1796b943-caad-43c6-b9bd-80b8d601f37d__ep1,"{""end_frame"": 1439, ""num_frames"": 20, ""start_frame"": 1420}",Manipulate plastic strip,Fold paper strip,0
1796b943-caad-43c6-b9bd-80b8d601f37d__ep1:qa:72,test,1796b943-caad-43c6-b9bd-80b8d601f37d__ep1,"{""end_frame"": 1459, ""num_frames"": 20, ""start_frame"": 1440}",Manipulate plastic strip,Fold paper strip into star,0
1796b943-caad-43c6-b9bd-80b8d601f37d__ep1:qa:90,test,1796b943-caad-43c6-b9bd-80b8d601f37d__ep1,"{""end_frame"": 1819, ""num_frames"": 20, ""start_frame"": 1800}",Hold and bend plastic strip,Fold paper strip,0
1796b943-caad-43c6-b9bd-80b8d601f37d__ep1:qa:91,test,1796b943-caad-43c6-b9bd-80b8d601f37d__ep1,"{""end_frame"": 1839, ""num_frames"": 20, ""start_frame"": 1820}",Hold and bend plastic strip,Fold paper strip,0
1796b943-caad-43c6-b9bd-80b8d601f37d__ep1:qa:92,test,1796b943-caad-43c6-b9bd-80b8d601f37d__ep1,"{""end_frame"": 1859, ""num_frames"": 20, ""start_frame"": 1840}",Hold and bend plastic strip,Fold paper strip,0
1796b943-caad-43c6-b9bd-80b8d601f37d__ep1:qa:100,test,1796b943-caad-43c6-b9bd-80b8d601f37d__ep1,"{""end_frame"": 2019, ""num_frames"": 20, ""start_frame"": 2000}",Bend and manipulate plastic strip,Fold paper strip,0
1796b943-caad-43c6-b9bd-80b8d601f37d__ep1:qa:101,test,1796b943-caad-43c6-b9bd-80b8d601f37d__ep1,"{""end_frame"": 2039, ""num_frames"": 20, ""start_frame"": 2020}",Bend and manipulate plastic strip,Fold paper strip,0
1796b943-caad-43c6-b9bd-80b8d601f37d__ep1:qa:102,test,1796b943-caad-43c6-b9bd-80b8d601f37d__ep1,"{""end_frame"": 2059, ""num_frames"": 20, ""start_frame"": 2040}",Bend and manipulate plastic strip,Fold paper strip,0
1796b943-caad-43c6-b9bd-80b8d601f37d__ep1:qa:103,test,1796b943-caad-43c6-b9bd-80b8d601f37d__ep1,"{""end_frame"": 2079, ""num_frames"": 20, ""start_frame"": 2060}",Bend and manipulate plastic strip,Manipulate paper strip,0
1796b943-caad-43c6-b9bd-80b8d601f37d__ep1:qa:140,test,1796b943-caad-43c6-b9bd-80b8d601f37d__ep1,"{""end_frame"": 2819, ""num_frames"": 20, ""start_frame"": 2800}",Fold plastic strip,Fold paper strip,0
1796b943-caad-43c6-b9bd-80b8d601f37d__ep1:qa:141,test,1796b943-caad-43c6-b9bd-80b8d601f37d__ep1,"{""end_frame"": 2839, ""num_frames"": 20, ""start_frame"": 2820}",Fold plastic strip,Fold paper strip,0
1796b943-caad-43c6-b9bd-80b8d601f37d__ep1:qa:142,test,1796b943-caad-43c6-b9bd-80b8d601f37d__ep1,"{""end_frame"": 2859, ""num_frames"": 20, ""start_frame"": 2840}",Fold plastic strip,Adjust Mahjong tile,0
ba18b7c1-21ff-45da-8452-41acce7fc8de__ep2:qa:0,test,ba18b7c1-21ff-45da-8452-41acce7fc8de__ep2,"{""end_frame"": 19, ""num_frames"": 20, ""start_frame"": 0}",Manipulate paper decoration,Browsing smartphone content,0
ba18b7c1-21ff-45da-8452-41acce7fc8de__ep2:qa:1,test,ba18b7c1-21ff-45da-8452-41acce7fc8de__ep2,"{""end_frame"": 39, ""num_frames"": 20, ""start_frame"": 20}",Manipulate paper decoration,Browsing smartphone content,0
ba18b7c1-21ff-45da-8452-41acce7fc8de__ep2:qa:2,test,ba18b7c1-21ff-45da-8452-41acce7fc8de__ep2,"{""end_frame"": 59, ""num_frames"": 20, ""start_frame"": 40}",Manipulate paper decoration,Browsing smartphone content,0
ba18b7c1-21ff-45da-8452-41acce7fc8de__ep2:qa:3,test,ba18b7c1-21ff-45da-8452-41acce7fc8de__ep2,"{""end_frame"": 79, ""num_frames"": 20, ""start_frame"": 60}",Manipulate paper decoration,Browsing smartphone content,0
ba18b7c1-21ff-45da-8452-41acce7fc8de__ep2:qa:4,test,ba18b7c1-21ff-45da-8452-41acce7fc8de__ep2,"{""end_frame"": 99, ""num_frames"": 20, ""start_frame"": 80}",Manipulate paper decoration,Browsing smartphone content,0
ba18b7c1-21ff-45da-8452-41acce7fc8de__ep2:qa:40,test,ba18b7c1-21ff-45da-8452-41acce7fc8de__ep2,"{""end_frame"": 819, ""num_frames"": 20, ""start_frame"": 800}",Manipulate paper edge,Manipulate paper strip,0
ba18b7c1-21ff-45da-8452-41acce7fc8de__ep2:qa:41,test,ba18b7c1-21ff-45da-8452-41acce7fc8de__ep2,"{""end_frame"": 839, ""num_frames"": 20, ""start_frame"": 820}",Manipulate paper edge,Browsing smartphone content,0
ba18b7c1-21ff-45da-8452-41acce7fc8de__ep2:qa:42,test,ba18b7c1-21ff-45da-8452-41acce7fc8de__ep2,"{""end_frame"": 859, ""num_frames"": 20, ""start_frame"": 840}",Manipulate paper edge,Manipulate paper strip,0
ba18b7c1-21ff-45da-8452-41acce7fc8de__ep2:qa:43,test,ba18b7c1-21ff-45da-8452-41acce7fc8de__ep2,"{""end_frame"": 879, ""num_frames"": 20, ""start_frame"": 860}",Manipulate paper edge,Fold paper strip,0
ba18b7c1-21ff-45da-8452-41acce7fc8de__ep2:qa:44,test,ba18b7c1-21ff-45da-8452-41acce7fc8de__ep2,"{""end_frame"": 899, ""num_frames"": 20, ""start_frame"": 880}",Manipulate paper edge,Browsing smartphone content,0
ba18b7c1-21ff-45da-8452-41acce7fc8de__ep2:qa:60,test,ba18b7c1-21ff-45da-8452-41acce7fc8de__ep2,"{""end_frame"": 1219, ""num_frames"": 20, ""start_frame"": 1200}",Placing paper strip,Browsing smartphone content,0
ba18b7c1-21ff-45da-8452-41acce7fc8de__ep2:qa:61,test,ba18b7c1-21ff-45da-8452-41acce7fc8de__ep2,"{""end_frame"": 1239, ""num_frames"": 20, ""start_frame"": 1220}",Placing paper strip,Browsing smartphone content,0
ba18b7c1-21ff-45da-8452-41acce7fc8de__ep2:qa:62,test,ba18b7c1-21ff-45da-8452-41acce7fc8de__ep2,"{""end_frame"": 1259, ""num_frames"": 20, ""start_frame"": 1240}",Placing paper strip,Browsing smartphone content,0
ba18b7c1-21ff-45da-8452-41acce7fc8de__ep2:qa:63,test,ba18b7c1-21ff-45da-8452-41acce7fc8de__ep2,"{""end_frame"": 1279, ""num_frames"": 20, ""start_frame"": 1260}",Placing paper strip,Adjust Mahjong tile,0
ba18b7c1-21ff-45da-8452-41acce7fc8de__ep2:qa:90,test,ba18b7c1-21ff-45da-8452-41acce7fc8de__ep2,"{""end_frame"": 1819, ""num_frames"": 20, ""start_frame"": 1800}",Manipulate paper strip,Manipulate paper strip,1
ba18b7c1-21ff-45da-8452-41acce7fc8de__ep2:qa:91,test,ba18b7c1-21ff-45da-8452-41acce7fc8de__ep2,"{""end_frame"": 1839, ""num_frames"": 20, ""start_frame"": 1820}",Manipulate paper strip,Manipulate paper strip,1
ba18b7c1-21ff-45da-8452-41acce7fc8de__ep2:qa:92,test,ba18b7c1-21ff-45da-8452-41acce7fc8de__ep2,"{""end_frame"": 1859, ""num_frames"": 20, ""start_frame"": 1840}",Manipulate paper strip,Manipulate paper strip,1
ba18b7c1-21ff-45da-8452-41acce7fc8de__ep2:qa:93,test,ba18b7c1-21ff-45da-8452-41acce7fc8de__ep2,"{""end_frame"": 1879, ""num_frames"": 20, ""start_frame"": 1860}",Manipulate paper strip,Browsing smartphone content,0
ba18b7c1-21ff-45da-8452-41acce7fc8de__ep2:qa:94,test,ba18b7c1-21ff-45da-8452-41acce7fc8de__ep2,"{""end_frame"": 1899, ""num_frames"": 20, ""start_frame"": 1880}",Manipulate paper strip,Manipulate paper strip,1
ba18b7c1-21ff-45da-8452-41acce7fc8de__ep2:qa:146,test,ba18b7c1-21ff-45da-8452-41acce7fc8de__ep2,"{""end_frame"": 2939, ""num_frames"": 20, ""start_frame"": 2920}",Securing paper structure,Manipulate paper strip,0
ba18b7c1-21ff-45da-8452-41acce7fc8de__ep2:qa:147,test,ba18b7c1-21ff-45da-8452-41acce7fc8de__ep2,"{""end_frame"": 2959, ""num_frames"": 20, ""start_frame"": 2940}",Securing paper structure,Manipulate paper strip,0
ba18b7c1-21ff-45da-8452-41acce7fc8de__ep2:qa:148,test,ba18b7c1-21ff-45da-8452-41acce7fc8de__ep2,"{""end_frame"": 2979, ""num_frames"": 20, ""start_frame"": 2960}",Securing paper structure,Manipulate paper strip,0
ba18b7c1-21ff-45da-8452-41acce7fc8de__ep2:qa:149,test,ba18b7c1-21ff-45da-8452-41acce7fc8de__ep2,"{""end_frame"": 2999, ""num_frames"": 20, ""start_frame"": 2980}",Securing paper structure,Manipulate paper strip,0
ba18b7c1-21ff-45da-8452-41acce7fc8de__ep2:qa:170,test,ba18b7c1-21ff-45da-8452-41acce7fc8de__ep2,"{""end_frame"": 3419, ""num_frames"": 20, ""start_frame"": 3400}",Manipulate adhesive strip,Browsing smartphone content,0
ba18b7c1-21ff-45da-8452-41acce7fc8de__ep2:qa:171,test,ba18b7c1-21ff-45da-8452-41acce7fc8de__ep2,"{""end_frame"": 3439, ""num_frames"": 20, ""start_frame"": 3420}",Manipulate adhesive strip,Browsing smartphone content,0
ba18b7c1-21ff-45da-8452-41acce7fc8de__ep2:qa:172,test,ba18b7c1-21ff-45da-8452-41acce7fc8de__ep2,"{""end_frame"": 3459, ""num_frames"": 20, ""start_frame"": 3440}",Manipulate adhesive strip,Browsing smartphone content,0
ba18b7c1-21ff-45da-8452-41acce7fc8de__ep2:qa:173,test,ba18b7c1-21ff-45da-8452-41acce7fc8de__ep2,"{""end_frame"": 3479, ""num_frames"": 20, ""start_frame"": 3460}",Manipulate adhesive strip,Browsing smartphone content,0
ba18b7c1-21ff-45da-8452-41acce7fc8de__ep2:qa:174,test,ba18b7c1-21ff-45da-8452-41acce7fc8de__ep2,"{""end_frame"": 3499, ""num_frames"": 20, ""start_frame"": 3480}",Manipulate adhesive strip,Browsing smartphone content,0
ba18b7c1-21ff-45da-8452-41acce7fc8de__ep2:qa:240,test,ba18b7c1-21ff-45da-8452-41acce7fc8de__ep2,"{""end_frame"": 4819, ""num_frames"": 20, ""start_frame"": 4800}",Secure paper edges with adhesive,Browsing smartphone content,0
ba18b7c1-21ff-45da-8452-41acce7fc8de__ep2:qa:241,test,ba18b7c1-21ff-45da-8452-41acce7fc8de__ep2,"{""end_frame"": 4839, ""num_frames"": 20, ""start_frame"": 4820}",Secure paper edges with adhesive,Browsing smartphone content,0
ba18b7c1-21ff-45da-8452-41acce7fc8de__ep2:qa:242,test,ba18b7c1-21ff-45da-8452-41acce7fc8de__ep2,"{""end_frame"": 4859, ""num_frames"": 20, ""start_frame"": 4840}",Secure paper edges with adhesive,Browsing smartphone content,0
ba18b7c1-21ff-45da-8452-41acce7fc8de__ep2:qa:243,test,ba18b7c1-21ff-45da-8452-41acce7fc8de__ep2,"{""end_frame"": 4879, ""num_frames"": 20, ""start_frame"": 4860}",Secure paper edges with adhesive,Browsing smartphone content,0
b6579cb5-0a71-4ca6-8808-1e2700be05c7__ep3:qa:0,test,b6579cb5-0a71-4ca6-8808-1e2700be05c7__ep3,"{""end_frame"": 19, ""num_frames"": 20, ""start_frame"": 0}",Sort beads,Write on paper,0
b6579cb5-0a71-4ca6-8808-1e2700be05c7__ep3:qa:1,test,b6579cb5-0a71-4ca6-8808-1e2700be05c7__ep3,"{""end_frame"": 39, ""num_frames"": 20, ""start_frame"": 20}",Sort beads,Sort star-shaped beads,0
b6579cb5-0a71-4ca6-8808-1e2700be05c7__ep3:qa:14,test,b6579cb5-0a71-4ca6-8808-1e2700be05c7__ep3,"{""end_frame"": 299, ""num_frames"": 20, ""start_frame"": 280}",Record count,Fold paper strip,0
b6579cb5-0a71-4ca6-8808-1e2700be05c7__ep3:qa:15,test,b6579cb5-0a71-4ca6-8808-1e2700be05c7__ep3,"{""end_frame"": 319, ""num_frames"": 20, ""start_frame"": 300}",Record count,Fold paper strip,0
b6579cb5-0a71-4ca6-8808-1e2700be05c7__ep3:qa:50,test,b6579cb5-0a71-4ca6-8808-1e2700be05c7__ep3,"{""end_frame"": 1019, ""num_frames"": 20, ""start_frame"": 1000}",Sort beads and write count,Arrange buttons,0
b6579cb5-0a71-4ca6-8808-1e2700be05c7__ep3:qa:100,test,b6579cb5-0a71-4ca6-8808-1e2700be05c7__ep3,"{""end_frame"": 2019, ""num_frames"": 20, ""start_frame"": 2000}",Counting and organizing beads,Arrange buttons,0
b6579cb5-0a71-4ca6-8808-1e2700be05c7__ep3:qa:101,test,b6579cb5-0a71-4ca6-8808-1e2700be05c7__ep3,"{""end_frame"": 2039, ""num_frames"": 20, ""start_frame"": 2020}",Counting and organizing beads,Sort and arrange buttons,0
b6579cb5-0a71-4ca6-8808-1e2700be05c7__ep3:qa:120,test,b6579cb5-0a71-4ca6-8808-1e2700be05c7__ep3,"{""end_frame"": 2419, ""num_frames"": 20, ""start_frame"": 2400}",Pick up star bead,Sort star-shaped beads,0
b6579cb5-0a71-4ca6-8808-1e2700be05c7__ep3:qa:121,test,b6579cb5-0a71-4ca6-8808-1e2700be05c7__ep3,"{""end_frame"": 2439, ""num_frames"": 20, ""start_frame"": 2420}",Pick up star bead,Arrange buttons,0
b6579cb5-0a71-4ca6-8808-1e2700be05c7__ep3:qa:128,test,b6579cb5-0a71-4ca6-8808-1e2700be05c7__ep3,"{""end_frame"": 2579, ""num_frames"": 20, ""start_frame"": 2560}",Place and count bead,Manipulate paper strip,0
b6579cb5-0a71-4ca6-8808-1e2700be05c7__ep3:qa:129,test,b6579cb5-0a71-4ca6-8808-1e2700be05c7__ep3,"{""end_frame"": 2599, ""num_frames"": 20, ""start_frame"": 2580}",Place and count bead,Sort beads by color,0
b6579cb5-0a71-4ca6-8808-1e2700be05c7__ep3:qa:150,test,b6579cb5-0a71-4ca6-8808-1e2700be05c7__ep3,"{""end_frame"": 3019, ""num_frames"": 20, ""start_frame"": 3000}",Sort star-shaped beads,Manipulate paper strip,0
b6579cb5-0a71-4ca6-8808-1e2700be05c7__ep3:qa:164,test,b6579cb5-0a71-4ca6-8808-1e2700be05c7__ep3,"{""end_frame"": 3299, ""num_frames"": 20, ""start_frame"": 3280}",Write count on paper,Fold paper strip,0
b6579cb5-0a71-4ca6-8808-1e2700be05c7__ep3:qa:180,test,b6579cb5-0a71-4ca6-8808-1e2700be05c7__ep3,"{""end_frame"": 3619, ""num_frames"": 20, ""start_frame"": 3600}",Hold beads,Sort and combine bead piles,0
b6579cb5-0a71-4ca6-8808-1e2700be05c7__ep3:qa:181,test,b6579cb5-0a71-4ca6-8808-1e2700be05c7__ep3,"{""end_frame"": 3639, ""num_frames"": 20, ""start_frame"": 3620}",Hold beads,Sort and arrange buttons,0
b6579cb5-0a71-4ca6-8808-1e2700be05c7__ep3:qa:200,test,b6579cb5-0a71-4ca6-8808-1e2700be05c7__ep3,"{""end_frame"": 4019, ""num_frames"": 20, ""start_frame"": 4000}",Arrange star beads,Arrange buttons,0
b6579cb5-0a71-4ca6-8808-1e2700be05c7__ep3:qa:201,test,b6579cb5-0a71-4ca6-8808-1e2700be05c7__ep3,"{""end_frame"": 4039, ""num_frames"": 20, ""start_frame"": 4020}",Arrange star beads,Arrange buttons,0
b6579cb5-0a71-4ca6-8808-1e2700be05c7__ep3:qa:212,test,b6579cb5-0a71-4ca6-8808-1e2700be05c7__ep3,"{""end_frame"": 4259, ""num_frames"": 20, ""start_frame"": 4240}",Pick up pen,Arrange buttons,0
b6579cb5-0a71-4ca6-8808-1e2700be05c7__ep3:qa:213,test,b6579cb5-0a71-4ca6-8808-1e2700be05c7__ep3,"{""end_frame"": 4279, ""num_frames"": 20, ""start_frame"": 4260}",Pick up pen,Arrange buttons,0
b6579cb5-0a71-4ca6-8808-1e2700be05c7__ep3:qa:220,test,b6579cb5-0a71-4ca6-8808-1e2700be05c7__ep3,"{""end_frame"": 4419, ""num_frames"": 20, ""start_frame"": 4400}",Counting star beads,Arrange buttons,0
b6579cb5-0a71-4ca6-8808-1e2700be05c7__ep3:qa:221,test,b6579cb5-0a71-4ca6-8808-1e2700be05c7__ep3,"{""end_frame"": 4439, ""num_frames"": 20, ""start_frame"": 4420}",Counting star beads,Sort beads by color,0
b6579cb5-0a71-4ca6-8808-1e2700be05c7__ep3:qa:232,test,b6579cb5-0a71-4ca6-8808-1e2700be05c7__ep3,"{""end_frame"": 4659, ""num_frames"": 20, ""start_frame"": 4640}",Retrieving more beads,Fold paper strip,0
b6579cb5-0a71-4ca6-8808-1e2700be05c7__ep3:qa:233,test,b6579cb5-0a71-4ca6-8808-1e2700be05c7__ep3,"{""end_frame"": 4679, ""num_frames"": 20, ""start_frame"": 4660}",Retrieving more beads,Sort star-shaped beads,0
b6579cb5-0a71-4ca6-8808-1e2700be05c7__ep3:qa:240,test,b6579cb5-0a71-4ca6-8808-1e2700be05c7__ep3,"{""end_frame"": 4819, ""num_frames"": 20, ""start_frame"": 4800}",Write on paper,Manipulate paper strip,0
b6579cb5-0a71-4ca6-8808-1e2700be05c7__ep3:qa:244,test,b6579cb5-0a71-4ca6-8808-1e2700be05c7__ep3,"{""end_frame"": 4899, ""num_frames"": 20, ""start_frame"": 4880}",Adjust paper,Adjust paper,1
b6579cb5-0a71-4ca6-8808-1e2700be05c7__ep3:qa:245,test,b6579cb5-0a71-4ca6-8808-1e2700be05c7__ep3,"{""end_frame"": 4919, ""num_frames"": 20, ""start_frame"": 4900}",Adjust paper,Manipulate paper strip,0
b6579cb5-0a71-4ca6-8808-1e2700be05c7__ep3:qa:250,test,b6579cb5-0a71-4ca6-8808-1e2700be05c7__ep3,"{""end_frame"": 5019, ""num_frames"": 20, ""start_frame"": 5000}",Gather star beads,Fold paper strip,0
b6579cb5-0a71-4ca6-8808-1e2700be05c7__ep3:qa:251,test,b6579cb5-0a71-4ca6-8808-1e2700be05c7__ep3,"{""end_frame"": 5039, ""num_frames"": 20, ""start_frame"": 5020}",Gather star beads,Sort and arrange buttons,0
b6579cb5-0a71-4ca6-8808-1e2700be05c7__ep3:qa:256,test,b6579cb5-0a71-4ca6-8808-1e2700be05c7__ep3,"{""end_frame"": 5139, ""num_frames"": 20, ""start_frame"": 5120}",Arrange star beads for counting,Arrange buttons,0
b6579cb5-0a71-4ca6-8808-1e2700be05c7__ep3:qa:257,test,b6579cb5-0a71-4ca6-8808-1e2700be05c7__ep3,"{""end_frame"": 5159, ""num_frames"": 20, ""start_frame"": 5140}",Arrange star beads for counting,Manipulate paper strip,0
b6579cb5-0a71-4ca6-8808-1e2700be05c7__ep3:qa:264,test,b6579cb5-0a71-4ca6-8808-1e2700be05c7__ep3,"{""end_frame"": 5299, ""num_frames"": 20, ""start_frame"": 5280}",Sort and count beads,Manipulate paper strip,0
b6579cb5-0a71-4ca6-8808-1e2700be05c7__ep3:qa:265,test,b6579cb5-0a71-4ca6-8808-1e2700be05c7__ep3,"{""end_frame"": 5319, ""num_frames"": 20, ""start_frame"": 5300}",Sort and count beads,Manipulate paper strip,0
