window_index,start_frame,end_frame,true_label,predicted_label,correct
799,3995,4014,hand grasping the white bottle,hand grasping the white bottle,1
800,4000,4019,hand grasping the white bottle,hand grasping the white bottle,1
829,4145,4164,hand holding the white bottle over the workspace,hand holding gooseneck kettle and moving it away from the dripper,0
830,4150,4169,hand holding the white bottle over the workspace,hand holding gooseneck kettle and moving it away from the dripper,0
831,4155,4174,hand holding the white bottle over the workspace,hand holding gooseneck kettle and moving it away from the dripper,0
832,4160,4179,hand holding the white bottle over the workspace,right hand holding the gooseneck kettle near the coffee dripper,0
869,4345,4364,hand maintaining grip on the white bottle,hands continue to hold the gooseneck kettle steady over the table workspace,0
870,4350,4369,hand maintaining grip on the white bottle,hands continue to hold the gooseneck kettle steady over the table workspace,0
871,4355,4374,hand maintaining grip on the white bottle,hands continue to hold the gooseneck kettle steady over the table workspace,0
872,4360,4379,hand maintaining grip on the white bottle,hands continue to hold the gooseneck kettle steady over the table workspace,0
877,4385,4404,Hand placing the small bottle on the table surface,right hand holding the gooseneck kettle near the coffee dripper,0
878,4390,4409,Hand placing the small bottle on the table surface,right hand holding the gooseneck kettle near the coffee dripper,0
879,4395,4414,Hand placing the small bottle on the table surface,"hands positioned near the gooseneck kettle, holding it in readiness",0
880,4400,4419,Hand placing the small bottle on the table surface,"hands positioned near the gooseneck kettle, holding it in readiness",0
893,4465,4484,"Hands released from objects, resting near the brewing station",User moves right hand towards the wooden scoop.,0
894,4470,4489,"Hands released from objects, resting near the brewing station",User moves right hand towards the wooden scoop.,0
895,4475,4494,"Hands released from objects, resting near the brewing station",User pushes the lid down to seal the coffee container.,0
896,4480,4499,"Hands released from objects, resting near the brewing station","The right hand is gripping the handle of the gooseneck kettle, while the left hand is resting near the scale.",0
949,4745,4764,"Hands positioned near the coffee equipment, ready for the next step",The person continues to hold the kettle handle in a steady position before starting the pour.,0
950,4750,4769,"Hands positioned near the coffee equipment, ready for the next step",The person continues to hold the kettle handle in a steady position before starting the pour.,0
951,4755,4774,"Hands positioned near the coffee equipment, ready for the next step",The person continues to hold the kettle handle in a steady position before starting the pour.,0
952,4760,4779,"Hands positioned near the coffee equipment, ready for the next step",The person continues to hold the kettle handle in a steady position before starting the pour.,0
957,4785,4804,hands resting near the coffee brewing equipment on the table,hands continue to hold the gooseneck kettle steady over the table workspace,0
958,4790,4809,hands resting near the coffee brewing equipment on the table,hands continue to hold the gooseneck kettle steady over the table workspace,0
959,4795,4814,hands resting near the coffee brewing equipment on the table,hands continue to hold the gooseneck kettle steady over the table workspace,0
960,4800,4819,hands resting near the coffee brewing equipment on the table,hands continue to hold the gooseneck kettle steady over the table workspace,0
989,4945,4964,hands slightly adjusted in preparation for interacting with the equipment,User moves right hand towards the wooden scoop.,0
990,4950,4969,hands slightly adjusted in preparation for interacting with the equipment,User moves right hand towards the wooden scoop.,0
991,4955,4974,hands slightly adjusted in preparation for interacting with the equipment,hand placing the kettle down on the table,0
992,4960,4979,hands slightly adjusted in preparation for interacting with the equipment,hand placing the kettle down on the table,0
997,4985,5004,The right hand is gripping the handle of the coffee carafe to initiate pouring.,User pushes the lid down to seal the coffee container.,0
998,4990,5009,The right hand is gripping the handle of the coffee carafe to initiate pouring.,scoop positioned over the coffee dripper,0
999,4995,5014,The right hand is gripping the handle of the coffee carafe to initiate pouring.,scoop positioned over the coffee dripper,0
1000,5000,5019,The right hand is gripping the handle of the coffee carafe to initiate pouring.,scoop positioned over the coffee dripper,0
1037,5185,5204,The right hand is tilting the carafe to pour coffee into the mug.,Hand is holding the kettle over the coffee dripper area.,0
1038,5190,5209,The right hand is tilting the carafe to pour coffee into the mug.,Hand is holding the kettle over the coffee dripper area.,0
1039,5195,5214,The right hand is tilting the carafe to pour coffee into the mug.,hand holding coffee jar and wooden scoop,0
1040,5200,5219,The right hand is tilting the carafe to pour coffee into the mug.,hand holding coffee jar and wooden scoop,0
1069,5345,5364,The right hand holds the empty carafe after completing the pour.,hand placing the kettle down on the table,0
1070,5350,5369,The right hand holds the empty carafe after completing the pour.,User pushes the lid down to seal the coffee container.,0
1071,5355,5374,The right hand holds the empty carafe after completing the pour.,User pushes the lid down to seal the coffee container.,0
1072,5360,5379,The right hand holds the empty carafe after completing the pour.,hand moving the kettle across the table surface,0
1077,5385,5404,"The user is holding the milk pitcher over the coffee cup, initiating the pour.",hand grasping the white bottle,0
1078,5390,5409,"The user is holding the milk pitcher over the coffee cup, initiating the pour.",hand grasping the white bottle,0
1079,5395,5414,"The user is holding the milk pitcher over the coffee cup, initiating the pour.",hand grasping the white bottle,0
1080,5400,5419,"The user is holding the milk pitcher over the coffee cup, initiating the pour.",holding and tilting the white bottle to dispense liquid into the dripper,0
1101,5505,5524,"The user is carefully pouring the milk into the cup with coffee, controlling the flow.",hand holding gooseneck kettle and moving it away from the dripper,0
1102,5510,5529,"The user is carefully pouring the milk into the cup with coffee, controlling the flow.",hand holding gooseneck kettle and moving it away from the dripper,0
1103,5515,5534,"The user is carefully pouring the milk into the cup with coffee, controlling the flow.",right hand holding the gooseneck kettle near the coffee dripper,0
1104,5520,5539,"The user is carefully pouring the milk into the cup with coffee, controlling the flow.",right hand holding the gooseneck kettle near the coffee dripper,0
1149,5745,5764,"The milk continues to be poured into the coffee, creating a swirling motion in the cup.",Hand is holding the kettle over the coffee dripper area.,0
1150,5750,5769,"The milk continues to be poured into the coffee, creating a swirling motion in the cup.",Hand is holding the kettle over the coffee dripper area.,0
1151,5755,5774,"The milk continues to be poured into the coffee, creating a swirling motion in the cup.",hand holding coffee jar and wooden scoop,0
1152,5760,5779,"The milk continues to be poured into the coffee, creating a swirling motion in the cup.",hand holding coffee jar and wooden scoop,0
1157,5785,5804,"The right hand is tilting the milk pitcher to pour milk into the coffee mug, while the left hand holds the mug steady on the table.",Hand is holding the kettle over the coffee dripper area.,0
1158,5790,5809,"The right hand is tilting the milk pitcher to pour milk into the coffee mug, while the left hand holds the mug steady on the table.",Hand is holding the kettle over the coffee dripper area.,0
1159,5795,5814,"The right hand is tilting the milk pitcher to pour milk into the coffee mug, while the left hand holds the mug steady on the table.",Hand is holding the kettle over the coffee dripper area.,0
1160,5800,5819,"The right hand is tilting the milk pitcher to pour milk into the coffee mug, while the left hand holds the mug steady on the table.",Hand is holding the kettle over the coffee dripper area.,0
