id,split,episode_id,true_start_frame,true_end_frame,pred_start_frame,pred_end_frame,pred_center_frame,center_error_frames,iou
8a8e1b3c-607e-4ada-b3fd-fa639727e92c__ep1:qa:0,test,8a8e1b3c-607e-4ada-b3fd-fa639727e92c__ep1,0.0,19.0,0.0,19.0,9.5,0.0,1.0
8a8e1b3c-607e-4ada-b3fd-fa639727e92c__ep1:qa:20,test,8a8e1b3c-607e-4ada-b3fd-fa639727e92c__ep1,400.0,419.0,400.0,419.0,409.5,0.0,1.0
8a8e1b3c-607e-4ada-b3fd-fa639727e92c__ep1:qa:46,test,8a8e1b3c-607e-4ada-b3fd-fa639727e92c__ep1,920.0,939.0,914.0,939.0,926.5,3.0,0.7692307692307693
8a8e1b3c-607e-4ada-b3fd-fa639727e92c__ep1:qa:50,test,8a8e1b3c-607e-4ada-b3fd-fa639727e92c__ep1,1000.0,1019.0,0.0,19.0,9.5,1000.0,0.0
8a8e1b3c-607e-4ada-b3fd-fa639727e92c__ep1:qa:62,test,8a8e1b3c-607e-4ada-b3fd-fa639727e92c__ep1,1240.0,1259.0,1240.0,1259.0,1249.5,0.0,1.0
8a8e1b3c-607e-4ada-b3fd-fa639727e92c__ep1:qa:70,test,8a8e1b3c-607e-4ada-b3fd-fa639727e92c__ep1,1400.0,1419.0,1410.0,1419.0,1414.5,5.0,0.5
8a8e1b3c-607e-4ada-b3fd-fa639727e92c__ep1:qa:71,test,8a8e1b3c-607e-4ada-b3fd-fa639727e92c__ep1,1420.0,1439.0,1420.0,1439.0,1429.5,0.0,1.0
8a8e1b3c-607e-4ada-b3fd-fa639727e92c__ep1:qa:90,test,8a8e1b3c-607e-4ada-b3fd-fa639727e92c__ep1,1800.0,1819.0,,,,,0.0
8a8e1b3c-607e-4ada-b3fd-fa639727e92c__ep1:qa:100,test,8a8e1b3c-607e-4ada-b3fd-fa639727e92c__ep1,2000.0,2019.0,,,,,0.0
8a8e1b3c-607e-4ada-b3fd-fa639727e92c__ep1:qa:120,test,8a8e1b3c-607e-4ada-b3fd-fa639727e92c__ep1,2400.0,2419.0,,,,,0.0
8a8e1b3c-607e-4ada-b3fd-fa639727e92c__ep1:qa:126,test,8a8e1b3c-607e-4ada-b3fd-fa639727e92c__ep1,2520.0,2539.0,,,,,0.0
8a8e1b3c-607e-4ada-b3fd-fa639727e92c__ep1:qa:127,test,8a8e1b3c-607e-4ada-b3fd-fa639727e92c__ep1,2540.0,2559.0,0.0,1.0,0.5,2549.0,0.0
8a8e1b3c-607e-4ada-b3fd-fa639727e92c__ep1:qa:134,test,8a8e1b3c-607e-4ada-b3fd-fa639727e92c__ep1,2680.0,2699.0,2680.0,2699.0,2689.5,0.0,1.0
8a8e1b3c-607e-4ada-b3fd-fa639727e92c__ep1:qa:140,test,8a8e1b3c-607e-4ada-b3fd-fa639727e92c__ep1,2800.0,2819.0,,,,,0.0
8a8e1b3c-607e-4ada-b3fd-fa639727e92c__ep1:qa:150,test,8a8e1b3c-607e-4ada-b3fd-fa639727e92c__ep1,3000.0,3019.0,0.0,1.0,0.5,3009.0,0.0
8a8e1b3c-607e-4ada-b3fd-fa639727e92c__ep1:qa:156,test,8a8e1b3c-607e-4ada-b3fd-fa639727e92c__ep1,3120.0,3139.0,3120.0,3139.0,3129.5,0.0,1.0
8a8e1b3c-607e-4ada-b3fd-fa639727e92c__ep1:qa:166,test,8a8e1b3c-607e-4ada-b3fd-fa639727e92c__ep1,3320.0,3339.0,,,,,0.0
8a8e1b3c-607e-4ada-b3fd-fa639727e92c__ep1:qa:170,test,8a8e1b3c-607e-4ada-b3fd-fa639727e92c__ep1,3400.0,3419.0,3264.0,3419.0,3341.5,68.0,0.1282051282051282
8a8e1b3c-607e-4ada-b3fd-fa639727e92c__ep1:qa:184,test,8a8e1b3c-607e-4ada-b3fd-fa639727e92c__ep1,3680.0,3699.0,3680.0,3699.0,3689.5,0.0,1.0
8a8e1b3c-607e-4ada-b3fd-fa639727e92c__ep1:qa:185,test,8a8e1b3c-607e-4ada-b3fd-fa639727e92c__ep1,3700.0,3719.0,3681.0,3719.0,3700.0,9.5,0.5128205128205128
8a8e1b3c-607e-4ada-b3fd-fa639727e92c__ep1:qa:192,test,8a8e1b3c-607e-4ada-b3fd-fa639727e92c__ep1,3840.0,3859.0,3840.0,3859.0,3849.5,0.0,1.0
8a8e1b3c-607e-4ada-b3fd-fa639727e92c__ep1:qa:200,test,8a8e1b3c-607e-4ada-b3fd-fa639727e92c__ep1,4000.0,4019.0,4000.0,4019.0,4009.5,0.0,1.0
8a8e1b3c-607e-4ada-b3fd-fa639727e92c__ep1:qa:204,test,8a8e1b3c-607e-4ada-b3fd-fa639727e92c__ep1,4080.0,4099.0,4080.0,4099.0,4089.5,0.0,1.0
8a8e1b3c-607e-4ada-b3fd-fa639727e92c__ep1:qa:205,test,8a8e1b3c-607e-4ada-b3fd-fa639727e92c__ep1,4100.0,4119.0,,,,,0.0
8a8e1b3c-607e-4ada-b3fd-fa639727e92c__ep1:qa:212,test,8a8e1b3c-607e-4ada-b3fd-fa639727e92c__ep1,4240.0,4259.0,4240.0,4259.0,4249.5,0.0,1.0
8a8e1b3c-607e-4ada-b3fd-fa639727e92c__ep1:qa:220,test,8a8e1b3c-607e-4ada-b3fd-fa639727e92c__ep1,4400.0,4419.0,,,,,0.0
8a8e1b3c-607e-4ada-b3fd-fa639727e92c__ep1:qa:224,test,8a8e1b3c-607e-4ada-b3fd-fa639727e92c__ep1,4480.0,4499.0,0.0,1.0,0.5,4489.0,0.0
8a8e1b3c-607e-4ada-b3fd-fa639727e92c__ep1:qa:232,test,8a8e1b3c-607e-4ada-b3fd-fa639727e92c__ep1,4640.0,4659.0,4640.0,4659.0,4649.5,0.0,1.0
8a8e1b3c-607e-4ada-b3fd-fa639727e92c__ep1:qa:236,test,8a8e1b3c-607e-4ada-b3fd-fa639727e92c__ep1,4720.0,4739.0,4720.0,4739.0,4729.5,0.0,1.0
8a8e1b3c-607e-4ada-b3fd-fa639727e92c__ep1:qa:237,test,8a8e1b3c-607e-4ada-b3fd-fa639727e92c__ep1,4740.0,4759.0,4740.0,4759.0,4749.5,0.0,1.0
8a8e1b3c-607e-4ada-b3fd-fa639727e92c__ep1:qa:240,test,8a8e1b3c-607e-4ada-b3fd-fa639727e92c__ep1,4800.0,4819.0,4790.0,4819.0,4804.5,5.0,0.6666666666666666
8a8e1b3c-607e-4ada-b3fd-fa639727e92c__ep1:qa:244,test,8a8e1b3c-607e-4ada-b3fd-fa639727e92c__ep1,4880.0,4899.0,4880.0,4899.0,4889.5,0.0,1.0
a1012a57-385e-45a9-8a59-694a26fe92a5__ep1:qa:0,test,a1012a57-385e-45a9-8a59-694a26fe92a5__ep1,0.0,19.0,0.0,19.0,9.5,0.0,1.0
a1012a57-385e-45a9-8a59-694a26fe92a5__ep1:qa:1,test,a1012a57-385e-45a9-8a59-694a26fe92a5__ep1,20.0,39.0,0.0,1.0,0.5,29.0,0.0
a1012a57-385e-45a9-8a59-694a26fe92a5__ep1:qa:2,test,a1012a57-385e-45a9-8a59-694a26fe92a5__ep1,40.0,59.0,0.0,59.0,29.5,20.0,0.3333333333333333
a1012a57-385e-45a9-8a59-694a26fe92a5__ep1:qa:3,test,a1012a57-385e-45a9-8a59-694a26fe92a5__ep1,60.0,79.0,0.0,1.0,0.5,69.0,0.0
a1012a57-385e-45a9-8a59-694a26fe92a5__ep1:qa:4,test,a1012a57-385e-45a9-8a59-694a26fe92a5__ep1,80.0,99.0,0.0,99.0,49.5,40.0,0.2
a1012a57-385e-45a9-8a59-694a26fe92a5__ep1:qa:5,test,a1012a57-385e-45a9-8a59-694a26fe92a5__ep1,100.0,119.0,0.0,119.0,59.5,50.0,0.16666666666666666
a1012a57-385e-45a9-8a59-694a26fe92a5__ep1:qa:6,test,a1012a57-385e-45a9-8a59-694a26fe92a5__ep1,120.0,139.0,0.0,139.0,69.5,60.0,0.14285714285714285
a1012a57-385e-45a9-8a59-694a26fe92a5__ep1:qa:12,test,a1012a57-385e-45a9-8a59-694a26fe92a5__ep1,240.0,259.0,,,,,0.0
a1012a57-385e-45a9-8a59-694a26fe92a5__ep1:qa:13,test,a1012a57-385e-45a9-8a59-694a26fe92a5__ep1,260.0,279.0,,,,,0.0
a1012a57-385e-45a9-8a59-694a26fe92a5__ep1:qa:14,test,a1012a57-385e-45a9-8a59-694a26fe92a5__ep1,280.0,299.0,,,,,0.0
a1012a57-385e-45a9-8a59-694a26fe92a5__ep1:qa:15,test,a1012a57-385e-45a9-8a59-694a26fe92a5__ep1,300.0,319.0,290.0,319.0,304.5,5.0,0.6666666666666666
a1012a57-385e-45a9-8a59-694a26fe92a5__ep1:qa:16,test,a1012a57-385e-45a9-8a59-694a26fe92a5__ep1,320.0,339.0,310.0,339.0,324.5,5.0,0.6666666666666666
a1012a57-385e-45a9-8a59-694a26fe92a5__ep1:qa:17,test,a1012a57-385e-45a9-8a59-694a26fe92a5__ep1,340.0,359.0,,,,,0.0
a1012a57-385e-45a9-8a59-694a26fe92a5__ep1:qa:18,test,a1012a57-385e-45a9-8a59-694a26fe92a5__ep1,360.0,379.0,360.0,379.0,369.5,0.0,1.0
a1012a57-385e-45a9-8a59-694a26fe92a5__ep1:qa:19,test,a1012a57-385e-45a9-8a59-694a26fe92a5__ep1,380.0,399.0,380.0,399.0,389.5,0.0,1.0
a1012a57-385e-45a9-8a59-694a26fe92a5__ep1:qa:20,test,a1012a57-385e-45a9-8a59-694a26fe92a5__ep1,400.0,419.0,393.0,419.0,406.0,3.5,0.7407407407407407
a1012a57-385e-45a9-8a59-694a26fe92a5__ep1:qa:21,test,a1012a57-385e-45a9-8a59-694a26fe92a5__ep1,420.0,439.0,419.0,439.0,429.0,0.5,0.9523809523809523
a1012a57-385e-45a9-8a59-694a26fe92a5__ep1:qa:22,test,a1012a57-385e-45a9-8a59-694a26fe92a5__ep1,440.0,459.0,430.0,459.0,444.5,5.0,0.6666666666666666
a1012a57-385e-45a9-8a59-694a26fe92a5__ep1:qa:23,test,a1012a57-385e-45a9-8a59-694a26fe92a5__ep1,460.0,479.0,460.0,479.0,469.5,0.0,1.0
a1012a57-385e-45a9-8a59-694a26fe92a5__ep1:qa:24,test,a1012a57-385e-45a9-8a59-694a26fe92a5__ep1,480.0,499.0,480.0,499.0,489.5,0.0,1.0
a1012a57-385e-45a9-8a59-694a26fe92a5__ep1:qa:25,test,a1012a57-385e-45a9-8a59-694a26fe92a5__ep1,500.0,519.0,493.0,519.0,506.0,3.5,0.7407407407407407
a1012a57-385e-45a9-8a59-694a26fe92a5__ep1:qa:26,test,a1012a57-385e-45a9-8a59-694a26fe92a5__ep1,520.0,539.0,,,,,0.0
a1012a57-385e-45a9-8a59-694a26fe92a5__ep1:qa:250,test,a1012a57-385e-45a9-8a59-694a26fe92a5__ep1,5000.0,5019.0,,,,,0.0
a1012a57-385e-45a9-8a59-694a26fe92a5__ep1:qa:251,test,a1012a57-385e-45a9-8a59-694a26fe92a5__ep1,5020.0,5039.0,,,,,0.0
a1012a57-385e-45a9-8a59-694a26fe92a5__ep1:qa:252,test,a1012a57-385e-45a9-8a59-694a26fe92a5__ep1,5040.0,5059.0,5040.0,5059.0,5049.5,0.0,1.0
a1012a57-385e-45a9-8a59-694a26fe92a5__ep1:qa:253,test,a1012a57-385e-45a9-8a59-694a26fe92a5__ep1,5060.0,5079.0,,,,,0.0
a1012a57-385e-45a9-8a59-694a26fe92a5__ep1:qa:254,test,a1012a57-385e-45a9-8a59-694a26fe92a5__ep1,5080.0,5099.0,,,,,0.0
a1012a57-385e-45a9-8a59-694a26fe92a5__ep1:qa:255,test,a1012a57-385e-45a9-8a59-694a26fe92a5__ep1,5100.0,5119.0,5090.0,5119.0,5104.5,5.0,0.6666666666666666
a1012a57-385e-45a9-8a59-694a26fe92a5__ep1:qa:256,test,a1012a57-385e-45a9-8a59-694a26fe92a5__ep1,5120.0,5139.0,5114.0,5139.0,5126.5,3.0,0.7692307692307693
a1012a57-385e-45a9-8a59-694a26fe92a5__ep1:qa:294,test,a1012a57-385e-45a9-8a59-694a26fe92a5__ep1,5880.0,5899.0,,,,,0.0
a1012a57-385e-45a9-8a59-694a26fe92a5__ep1:qa:295,test,a1012a57-385e-45a9-8a59-694a26fe92a5__ep1,5900.0,5919.0,,,,,0.0
a1012a57-385e-45a9-8a59-694a26fe92a5__ep1:qa:296,test,a1012a57-385e-45a9-8a59-694a26fe92a5__ep1,5920.0,5939.0,0.0,1.0,0.5,5929.0,0.0
33f7ae08-ac1d-4321-9cb9-eca79016b359__ep1:qa:0,test,33f7ae08-ac1d-4321-9cb9-eca79016b359__ep1,0.0,19.0,0.0,1.0,0.5,9.0,0.1
33f7ae08-ac1d-4321-9cb9-eca79016b359__ep1:qa:1,test,33f7ae08-ac1d-4321-9cb9-eca79016b359__ep1,20.0,39.0,,,,,0.0
33f7ae08-ac1d-4321-9cb9-eca79016b359__ep1:qa:16,test,33f7ae08-ac1d-4321-9cb9-eca79016b359__ep1,320.0,339.0,0.0,1.0,0.5,329.0,0.0
33f7ae08-ac1d-4321-9cb9-eca79016b359__ep1:qa:17,test,33f7ae08-ac1d-4321-9cb9-eca79016b359__ep1,340.0,359.0,0.0,1.0,0.5,349.0,0.0
33f7ae08-ac1d-4321-9cb9-eca79016b359__ep1:qa:20,test,33f7ae08-ac1d-4321-9cb9-eca79016b359__ep1,400.0,419.0,380.0,419.0,399.5,10.0,0.5
33f7ae08-ac1d-4321-9cb9-eca79016b359__ep1:qa:21,test,33f7ae08-ac1d-4321-9cb9-eca79016b359__ep1,420.0,439.0,,,,,0.0
33f7ae08-ac1d-4321-9cb9-eca79016b359__ep1:qa:46,test,33f7ae08-ac1d-4321-9cb9-eca79016b359__ep1,920.0,939.0,,,,,0.0
33f7ae08-ac1d-4321-9cb9-eca79016b359__ep1:qa:47,test,33f7ae08-ac1d-4321-9cb9-eca79016b359__ep1,940.0,959.0,,,,,0.0
33f7ae08-ac1d-4321-9cb9-eca79016b359__ep1:qa:50,test,33f7ae08-ac1d-4321-9cb9-eca79016b359__ep1,1000.0,1019.0,0.0,1.0,0.5,1009.0,0.0
33f7ae08-ac1d-4321-9cb9-eca79016b359__ep1:qa:58,test,33f7ae08-ac1d-4321-9cb9-eca79016b359__ep1,1160.0,1179.0,1160.0,1179.0,1169.5,0.0,1.0
33f7ae08-ac1d-4321-9cb9-eca79016b359__ep1:qa:59,test,33f7ae08-ac1d-4321-9cb9-eca79016b359__ep1,1180.0,1199.0,0.0,0.0,0.0,1189.5,0.0
33f7ae08-ac1d-4321-9cb9-eca79016b359__ep1:qa:64,test,33f7ae08-ac1d-4321-9cb9-eca79016b359__ep1,1280.0,1299.0,1280.0,1299.0,1289.5,0.0,1.0
33f7ae08-ac1d-4321-9cb9-eca79016b359__ep1:qa:65,test,33f7ae08-ac1d-4321-9cb9-eca79016b359__ep1,1300.0,1319.0,1300.0,1319.0,1309.5,0.0,1.0
33f7ae08-ac1d-4321-9cb9-eca79016b359__ep1:qa:70,test,33f7ae08-ac1d-4321-9cb9-eca79016b359__ep1,1400.0,1419.0,1398.0,1419.0,1408.5,1.0,0.9090909090909091
33f7ae08-ac1d-4321-9cb9-eca79016b359__ep1:qa:76,test,33f7ae08-ac1d-4321-9cb9-eca79016b359__ep1,1520.0,1539.0,1520.0,1539.0,1529.5,0.0,1.0
33f7ae08-ac1d-4321-9cb9-eca79016b359__ep1:qa:77,test,33f7ae08-ac1d-4321-9cb9-eca79016b359__ep1,1540.0,1559.0,,,,,0.0
33f7ae08-ac1d-4321-9cb9-eca79016b359__ep1:qa:100,test,33f7ae08-ac1d-4321-9cb9-eca79016b359__ep1,2000.0,2019.0,1965.0,2019.0,1992.0,17.5,0.36363636363636365
33f7ae08-ac1d-4321-9cb9-eca79016b359__ep1:qa:101,test,33f7ae08-ac1d-4321-9cb9-eca79016b359__ep1,2020.0,2039.0,0.0,1.0,0.5,2029.0,0.0
33f7ae08-ac1d-4321-9cb9-eca79016b359__ep1:qa:126,test,33f7ae08-ac1d-4321-9cb9-eca79016b359__ep1,2520.0,2539.0,2518.0,2539.0,2528.5,1.0,0.9090909090909091
33f7ae08-ac1d-4321-9cb9-eca79016b359__ep1:qa:138,test,33f7ae08-ac1d-4321-9cb9-eca79016b359__ep1,2760.0,2779.0,0.0,1.0,0.5,2769.0,0.0
33f7ae08-ac1d-4321-9cb9-eca79016b359__ep1:qa:140,test,33f7ae08-ac1d-4321-9cb9-eca79016b359__ep1,2800.0,2819.0,0.0,19.0,9.5,2800.0,0.0
33f7ae08-ac1d-4321-9cb9-eca79016b359__ep1:qa:141,test,33f7ae08-ac1d-4321-9cb9-eca79016b359__ep1,2820.0,2839.0,2820.0,2839.0,2829.5,0.0,1.0
33f7ae08-ac1d-4321-9cb9-eca79016b359__ep1:qa:150,test,33f7ae08-ac1d-4321-9cb9-eca79016b359__ep1,3000.0,3019.0,3000.0,3019.0,3009.5,0.0,1.0
33f7ae08-ac1d-4321-9cb9-eca79016b359__ep1:qa:151,test,33f7ae08-ac1d-4321-9cb9-eca79016b359__ep1,3020.0,3039.0,3020.0,3039.0,3029.5,0.0,1.0
33f7ae08-ac1d-4321-9cb9-eca79016b359__ep1:qa:164,test,33f7ae08-ac1d-4321-9cb9-eca79016b359__ep1,3280.0,3299.0,3280.0,3299.0,3289.5,0.0,1.0
33f7ae08-ac1d-4321-9cb9-eca79016b359__ep1:qa:165,test,33f7ae08-ac1d-4321-9cb9-eca79016b359__ep1,3300.0,3319.0,0.0,19.0,9.5,3300.0,0.0
33f7ae08-ac1d-4321-9cb9-eca79016b359__ep1:qa:172,test,33f7ae08-ac1d-4321-9cb9-eca79016b359__ep1,3440.0,3459.0,3380.0,3459.0,3419.5,30.0,0.25
33f7ae08-ac1d-4321-9cb9-eca79016b359__ep1:qa:173,test,33f7ae08-ac1d-4321-9cb9-eca79016b359__ep1,3460.0,3479.0,3460.0,3479.0,3469.5,0.0,1.0
33f7ae08-ac1d-4321-9cb9-eca79016b359__ep1:qa:182,test,33f7ae08-ac1d-4321-9cb9-eca79016b359__ep1,3640.0,3659.0,3639.0,3659.0,3649.0,0.5,0.9523809523809523
33f7ae08-ac1d-4321-9cb9-eca79016b359__ep1:qa:183,test,33f7ae08-ac1d-4321-9cb9-eca79016b359__ep1,3660.0,3679.0,3660.0,3679.0,3669.5,0.0,1.0
33f7ae08-ac1d-4321-9cb9-eca79016b359__ep1:qa:226,test,33f7ae08-ac1d-4321-9cb9-eca79016b359__ep1,4520.0,4539.0,4518.0,4539.0,4528.5,1.0,0.9090909090909091
33f7ae08-ac1d-4321-9cb9-eca79016b359__ep1:qa:244,test,33f7ae08-ac1d-4321-9cb9-eca79016b359__ep1,4880.0,4899.0,4880.0,4899.0,4889.5,0.0,1.0
9c553886-83c5-4dc4-be5c-dcb269b3a771__ep2:qa:0,test,9c553886-83c5-4dc4-be5c-dcb269b3a771__ep2,0.0,19.0,,,,,0.0
9c553886-83c5-4dc4-be5c-dcb269b3a771__ep2:qa:1,test,9c553886-83c5-4dc4-be5c-dcb269b3a771__ep2,20.0,39.0,,,,,0.0
9c553886-83c5-4dc4-be5c-dcb269b3a771__ep2:qa:2,test,9c553886-83c5-4dc4-be5c-dcb269b3a771__ep2,40.0,59.0,,,,,0.0
9c553886-83c5-4dc4-be5c-dcb269b3a771__ep2:qa:26,test,9c553886-83c5-4dc4-be5c-dcb269b3a771__ep2,520.0,539.0,,,,,0.0
9c553886-83c5-4dc4-be5c-dcb269b3a771__ep2:qa:27,test,9c553886-83c5-4dc4-be5c-dcb269b3a771__ep2,540.0,559.0,,,,,0.0
9c553886-83c5-4dc4-be5c-dcb269b3a771__ep2:qa:30,test,9c553886-83c5-4dc4-be5c-dcb269b3a771__ep2,600.0,619.0,,,,,0.0
9c553886-83c5-4dc4-be5c-dcb269b3a771__ep2:qa:31,test,9c553886-83c5-4dc4-be5c-dcb269b3a771__ep2,620.0,639.0,,,,,0.0
9c553886-83c5-4dc4-be5c-dcb269b3a771__ep2:qa:70,test,9c553886-83c5-4dc4-be5c-dcb269b3a771__ep2,1400.0,1419.0,,,,,0.0
9c553886-83c5-4dc4-be5c-dcb269b3a771__ep2:qa:71,test,9c553886-83c5-4dc4-be5c-dcb269b3a771__ep2,1420.0,1439.0,,,,,0.0
9c553886-83c5-4dc4-be5c-dcb269b3a771__ep2:qa:72,test,9c553886-83c5-4dc4-be5c-dcb269b3a771__ep2,1440.0,1459.0,,,,,0.0
9c553886-83c5-4dc4-be5c-dcb269b3a771__ep2:qa:90,test,9c553886-83c5-4dc4-be5c-dcb269b3a771__ep2,1800.0,1819.0,,,,,0.0
9c553886-83c5-4dc4-be5c-dcb269b3a771__ep2:qa:91,test,9c553886-83c5-4dc4-be5c-dcb269b3a771__ep2,1820.0,1839.0,,,,,0.0
9c553886-83c5-4dc4-be5c-dcb269b3a771__ep2:qa:110,test,9c553886-83c5-4dc4-be5c-dcb269b3a771__ep2,2200.0,2219.0,2194.0,2219.0,2206.5,3.0,0.7692307692307693
9c553886-83c5-4dc4-be5c-dcb269b3a771__ep2:qa:111,test,9c553886-83c5-4dc4-be5c-dcb269b3a771__ep2,2220.0,2239.0,2220.0,2239.0,2229.5,0.0,1.0
9c553886-83c5-4dc4-be5c-dcb269b3a771__ep2:qa:112,test,9c553886-83c5-4dc4-be5c-dcb269b3a771__ep2,2240.0,2259.0,2240.0,2259.0,2249.5,0.0,1.0
9c553886-83c5-4dc4-be5c-dcb269b3a771__ep2:qa:170,test,9c553886-83c5-4dc4-be5c-dcb269b3a771__ep2,3400.0,3419.0,,,,,0.0
9c553886-83c5-4dc4-be5c-dcb269b3a771__ep2:qa:171,test,9c553886-83c5-4dc4-be5c-dcb269b3a771__ep2,3420.0,3439.0,,,,,0.0
9c553886-83c5-4dc4-be5c-dcb269b3a771__ep2:qa:172,test,9c553886-83c5-4dc4-be5c-dcb269b3a771__ep2,3440.0,3459.0,,,,,0.0
9c553886-83c5-4dc4-be5c-dcb269b3a771__ep2:qa:230,test,9c553886-83c5-4dc4-be5c-dcb269b3a771__ep2,4600.0,4619.0,,,,,0.0
9c553886-83c5-4dc4-be5c-dcb269b3a771__ep2:qa:231,test,9c553886-83c5-4dc4-be5c-dcb269b3a771__ep2,4620.0,4639.0,,,,,0.0
9c553886-83c5-4dc4-be5c-dcb269b3a771__ep2:qa:276,test,9c553886-83c5-4dc4-be5c-dcb269b3a771__ep2,5520.0,5539.0,,,,,0.0
9c553886-83c5-4dc4-be5c-dcb269b3a771__ep2:qa:277,test,9c553886-83c5-4dc4-be5c-dcb269b3a771__ep2,5540.0,5559.0,,,,,0.0
9c553886-83c5-4dc4-be5c-dcb269b3a771__ep2:qa:278,test,9c553886-83c5-4dc4-be5c-dcb269b3a771__ep2,5560.0,5579.0,,,,,0.0
9c553886-83c5-4dc4-be5c-dcb269b3a771__ep2:qa:282,test,9c553886-83c5-4dc4-be5c-dcb269b3a771__ep2,5640.0,5659.0,,,,,0.0
9c553886-83c5-4dc4-be5c-dcb269b3a771__ep2:qa:283,test,9c553886-83c5-4dc4-be5c-dcb269b3a771__ep2,5660.0,5679.0,,,,,0.0
9c553886-83c5-4dc4-be5c-dcb269b3a771__ep2:qa:284,test,9c553886-83c5-4dc4-be5c-dcb269b3a771__ep2,5680.0,5699.0,,,,,0.0
9c553886-83c5-4dc4-be5c-dcb269b3a771__ep2:qa:290,test,9c553886-83c5-4dc4-be5c-dcb269b3a771__ep2,5800.0,5819.0,,,,,0.0
9c553886-83c5-4dc4-be5c-dcb269b3a771__ep2:qa:291,test,9c553886-83c5-4dc4-be5c-dcb269b3a771__ep2,5820.0,5839.0,,,,,0.0
9c553886-83c5-4dc4-be5c-dcb269b3a771__ep2:qa:292,test,9c553886-83c5-4dc4-be5c-dcb269b3a771__ep2,5840.0,5859.0,,,,,0.0
9c553886-83c5-4dc4-be5c-dcb269b3a771__ep2:qa:293,test,9c553886-83c5-4dc4-be5c-dcb269b3a771__ep2,5860.0,5879.0,,,,,0.0
9c553886-83c5-4dc4-be5c-dcb269b3a771__ep2:qa:294,test,9c553886-83c5-4dc4-be5c-dcb269b3a771__ep2,5880.0,5899.0,,,,,0.0
9c553886-83c5-4dc4-be5c-dcb269b3a771__ep2:qa:295,test,9c553886-83c5-4dc4-be5c-dcb269b3a771__ep2,5900.0,5919.0,,,,,0.0
34f07a04-eb37-45a3-95ec-189ed5f4a85b__ep5:qa:0,test,34f07a04-eb37-45a3-95ec-189ed5f4a85b__ep5,0.0,19.0,0.0,19.0,9.5,0.0,1.0
34f07a04-eb37-45a3-95ec-189ed5f4a85b__ep5:qa:12,test,34f07a04-eb37-45a3-95ec-189ed5f4a85b__ep5,240.0,259.0,240.0,259.0,249.5,0.0,1.0
34f07a04-eb37-45a3-95ec-189ed5f4a85b__ep5:qa:64,test,34f07a04-eb37-45a3-95ec-189ed5f4a85b__ep5,1280.0,1299.0,1280.0,1299.0,1289.5,0.0,1.0
34f07a04-eb37-45a3-95ec-189ed5f4a85b__ep5:qa:65,test,34f07a04-eb37-45a3-95ec-189ed5f4a85b__ep5,1300.0,1319.0,1300.0,1319.0,1309.5,0.0,1.0
34f07a04-eb37-45a3-95ec-189ed5f4a85b__ep5:qa:70,test,34f07a04-eb37-45a3-95ec-189ed5f4a85b__ep5,1400.0,1419.0,1395.0,1419.0,1407.0,2.5,0.8
34f07a04-eb37-45a3-95ec-189ed5f4a85b__ep5:qa:71,test,34f07a04-eb37-45a3-95ec-189ed5f4a85b__ep5,1420.0,1439.0,1420.0,1439.0,1429.5,0.0,1.0
34f07a04-eb37-45a3-95ec-189ed5f4a85b__ep5:qa:82,test,34f07a04-eb37-45a3-95ec-189ed5f4a85b__ep5,1640.0,1659.0,1640.0,1659.0,1649.5,0.0,1.0
34f07a04-eb37-45a3-95ec-189ed5f4a85b__ep5:qa:90,test,34f07a04-eb37-45a3-95ec-189ed5f4a85b__ep5,1800.0,1819.0,1796.0,1819.0,1807.5,2.0,0.8333333333333334
34f07a04-eb37-45a3-95ec-189ed5f4a85b__ep5:qa:91,test,34f07a04-eb37-45a3-95ec-189ed5f4a85b__ep5,1820.0,1839.0,1820.0,1839.0,1829.5,0.0,1.0
34f07a04-eb37-45a3-95ec-189ed5f4a85b__ep5:qa:106,test,34f07a04-eb37-45a3-95ec-189ed5f4a85b__ep5,2120.0,2139.0,2120.0,2139.0,2129.5,0.0,1.0
34f07a04-eb37-45a3-95ec-189ed5f4a85b__ep5:qa:140,test,34f07a04-eb37-45a3-95ec-189ed5f4a85b__ep5,2800.0,2819.0,2698.0,2819.0,2758.5,51.0,0.16393442622950818
34f07a04-eb37-45a3-95ec-189ed5f4a85b__ep5:qa:141,test,34f07a04-eb37-45a3-95ec-189ed5f4a85b__ep5,2820.0,2839.0,2816.0,2839.0,2827.5,2.0,0.8333333333333334
34f07a04-eb37-45a3-95ec-189ed5f4a85b__ep5:qa:154,test,34f07a04-eb37-45a3-95ec-189ed5f4a85b__ep5,3080.0,3099.0,3080.0,3099.0,3089.5,0.0,1.0
34f07a04-eb37-45a3-95ec-189ed5f4a85b__ep5:qa:160,test,34f07a04-eb37-45a3-95ec-189ed5f4a85b__ep5,3200.0,3219.0,0.0,19.0,9.5,3200.0,0.0
34f07a04-eb37-45a3-95ec-189ed5f4a85b__ep5:qa:166,test,34f07a04-eb37-45a3-95ec-189ed5f4a85b__ep5,3320.0,3339.0,3320.0,3339.0,3329.5,0.0,1.0
34f07a04-eb37-45a3-95ec-189ed5f4a85b__ep5:qa:167,test,34f07a04-eb37-45a3-95ec-189ed5f4a85b__ep5,3340.0,3359.0,3340.0,3359.0,3349.5,0.0,1.0
34f07a04-eb37-45a3-95ec-189ed5f4a85b__ep5:qa:190,test,34f07a04-eb37-45a3-95ec-189ed5f4a85b__ep5,3800.0,3819.0,3795.0,3819.0,3807.0,2.5,0.8
34f07a04-eb37-45a3-95ec-189ed5f4a85b__ep5:qa:191,test,34f07a04-eb37-45a3-95ec-189ed5f4a85b__ep5,3820.0,3839.0,3819.0,3839.0,3829.0,0.5,0.9523809523809523
34f07a04-eb37-45a3-95ec-189ed5f4a85b__ep5:qa:198,test,34f07a04-eb37-45a3-95ec-189ed5f4a85b__ep5,3960.0,3979.0,3960.0,3979.0,3969.5,0.0,1.0
34f07a04-eb37-45a3-95ec-189ed5f4a85b__ep5:qa:199,test,34f07a04-eb37-45a3-95ec-189ed5f4a85b__ep5,3980.0,3999.0,3980.0,3999.0,3989.5,0.0,1.0
34f07a04-eb37-45a3-95ec-189ed5f4a85b__ep5:qa:206,test,34f07a04-eb37-45a3-95ec-189ed5f4a85b__ep5,4120.0,4139.0,4116.0,4139.0,4127.5,2.0,0.8333333333333334
34f07a04-eb37-45a3-95ec-189ed5f4a85b__ep5:qa:207,test,34f07a04-eb37-45a3-95ec-189ed5f4a85b__ep5,4140.0,4159.0,4140.0,4159.0,4149.5,0.0,1.0
34f07a04-eb37-45a3-95ec-189ed5f4a85b__ep5:qa:218,test,34f07a04-eb37-45a3-95ec-189ed5f4a85b__ep5,4360.0,4379.0,,,,,0.0
34f07a04-eb37-45a3-95ec-189ed5f4a85b__ep5:qa:219,test,34f07a04-eb37-45a3-95ec-189ed5f4a85b__ep5,4380.0,4399.0,4380.0,4399.0,4389.5,0.0,1.0
34f07a04-eb37-45a3-95ec-189ed5f4a85b__ep5:qa:220,test,34f07a04-eb37-45a3-95ec-189ed5f4a85b__ep5,4400.0,4419.0,,,,,0.0
34f07a04-eb37-45a3-95ec-189ed5f4a85b__ep5:qa:221,test,34f07a04-eb37-45a3-95ec-189ed5f4a85b__ep5,4420.0,4439.0,4420.0,4439.0,4429.5,0.0,1.0
34f07a04-eb37-45a3-95ec-189ed5f4a85b__ep5:qa:236,test,34f07a04-eb37-45a3-95ec-189ed5f4a85b__ep5,4720.0,4739.0,,,,,0.0
34f07a04-eb37-45a3-95ec-189ed5f4a85b__ep5:qa:237,test,34f07a04-eb37-45a3-95ec-189ed5f4a85b__ep5,4740.0,4759.0,4740.0,4759.0,4749.5,0.0,1.0
34f07a04-eb37-45a3-95ec-189ed5f4a85b__ep5:qa:240,test,34f07a04-eb37-45a3-95ec-189ed5f4a85b__ep5,4800.0,4819.0,4799.0,4819.0,4809.0,0.5,0.9523809523809523
34f07a04-eb37-45a3-95ec-189ed5f4a85b__ep5:qa:241,test,34f07a04-eb37-45a3-95ec-189ed5f4a85b__ep5,4820.0,4839.0,0.0,1.0,0.5,4829.0,0.0
34f07a04-eb37-45a3-95ec-189ed5f4a85b__ep5:qa:244,test,34f07a04-eb37-45a3-95ec-189ed5f4a85b__ep5,4880.0,4899.0,4880.0,4899.0,4889.5,0.0,1.0
34f07a04-eb37-45a3-95ec-189ed5f4a85b__ep5:qa:245,test,34f07a04-eb37-45a3-95ec-189ed5f4a85b__ep5,4900.0,4919.0,0.0,19.0,9.5,4900.0,0.0
b9dd769b-e31a-4fdb-945e-5a60db6487b0__ep2:qa:0,test,b9dd769b-e31a-4fdb-945e-5a60db6487b0__ep2,0.0,19.0,0.0,1.0,0.5,9.0,0.1
b9dd769b-e31a-4fdb-945e-5a60db6487b0__ep2:qa:1,test,b9dd769b-e31a-4fdb-945e-5a60db6487b0__ep2,20.0,39.0,,,,,0.0
b9dd769b-e31a-4fdb-945e-5a60db6487b0__ep2:qa:2,test,b9dd769b-e31a-4fdb-945e-5a60db6487b0__ep2,40.0,59.0,,,,,0.0
b9dd769b-e31a-4fdb-945e-5a60db6487b0__ep2:qa:40,test,b9dd769b-e31a-4fdb-945e-5a60db6487b0__ep2,800.0,819.0,782.0,819.0,800.5,9.0,0.5263157894736842
b9dd769b-e31a-4fdb-945e-5a60db6487b0__ep2:qa:41,test,b9dd769b-e31a-4fdb-945e-5a60db6487b0__ep2,820.0,839.0,,,,,0.0
b9dd769b-e31a-4fdb-945e-5a60db6487b0__ep2:qa:42,test,b9dd769b-e31a-4fdb-945e-5a60db6487b0__ep2,840.0,859.0,840.0,859.0,849.5,0.0,1.0
b9dd769b-e31a-4fdb-945e-5a60db6487b0__ep2:qa:43,test,b9dd769b-e31a-4fdb-945e-5a60db6487b0__ep2,860.0,879.0,,,,,0.0
b9dd769b-e31a-4fdb-945e-5a60db6487b0__ep2:qa:70,test,b9dd769b-e31a-4fdb-945e-5a60db6487b0__ep2,1400.0,1419.0,,,,,0.0
b9dd769b-e31a-4fdb-945e-5a60db6487b0__ep2:qa:71,test,b9dd769b-e31a-4fdb-945e-5a60db6487b0__ep2,1420.0,1439.0,,,,,0.0
b9dd769b-e31a-4fdb-945e-5a60db6487b0__ep2:qa:72,test,b9dd769b-e31a-4fdb-945e-5a60db6487b0__ep2,1440.0,1459.0,,,,,0.0
b9dd769b-e31a-4fdb-945e-5a60db6487b0__ep2:qa:73,test,b9dd769b-e31a-4fdb-945e-5a60db6487b0__ep2,1460.0,1479.0,,,,,0.0
b9dd769b-e31a-4fdb-945e-5a60db6487b0__ep2:qa:90,test,b9dd769b-e31a-4fdb-945e-5a60db6487b0__ep2,1800.0,1819.0,,,,,0.0
b9dd769b-e31a-4fdb-945e-5a60db6487b0__ep2:qa:91,test,b9dd769b-e31a-4fdb-945e-5a60db6487b0__ep2,1820.0,1839.0,,,,,0.0
b9dd769b-e31a-4fdb-945e-5a60db6487b0__ep2:qa:92,test,b9dd769b-e31a-4fdb-945e-5a60db6487b0__ep2,1840.0,1859.0,,,,,0.0
b9dd769b-e31a-4fdb-945e-5a60db6487b0__ep2:qa:94,test,b9dd769b-e31a-4fdb-945e-5a60db6487b0__ep2,1880.0,1899.0,0.0,1.0,0.5,1889.0,0.0
b9dd769b-e31a-4fdb-945e-5a60db6487b0__ep2:qa:95,test,b9dd769b-e31a-4fdb-945e-5a60db6487b0__ep2,1900.0,1919.0,,,,,0.0
b9dd769b-e31a-4fdb-945e-5a60db6487b0__ep2:qa:96,test,b9dd769b-e31a-4fdb-945e-5a60db6487b0__ep2,1920.0,1939.0,1920.0,1939.0,1929.5,0.0,1.0
b9dd769b-e31a-4fdb-945e-5a60db6487b0__ep2:qa:97,test,b9dd769b-e31a-4fdb-945e-5a60db6487b0__ep2,1940.0,1959.0,0.0,1.0,0.5,1949.0,0.0
b9dd769b-e31a-4fdb-945e-5a60db6487b0__ep2:qa:114,test,b9dd769b-e31a-4fdb-945e-5a60db6487b0__ep2,2280.0,2299.0,2280.0,2299.0,2289.5,0.0,1.0
b9dd769b-e31a-4fdb-945e-5a60db6487b0__ep2:qa:115,test,b9dd769b-e31a-4fdb-945e-5a60db6487b0__ep2,2300.0,2319.0,,,,,0.0
b9dd769b-e31a-4fdb-945e-5a60db6487b0__ep2:qa:116,test,b9dd769b-e31a-4fdb-945e-5a60db6487b0__ep2,2320.0,2339.0,,,,,0.0
b9dd769b-e31a-4fdb-945e-5a60db6487b0__ep2:qa:120,test,b9dd769b-e31a-4fdb-945e-5a60db6487b0__ep2,2400.0,2419.0,,,,,0.0
b9dd769b-e31a-4fdb-945e-5a60db6487b0__ep2:qa:121,test,b9dd769b-e31a-4fdb-945e-5a60db6487b0__ep2,2420.0,2439.0,2390.0,2439.0,2414.5,15.0,0.4
b9dd769b-e31a-4fdb-945e-5a60db6487b0__ep2:qa:122,test,b9dd769b-e31a-4fdb-945e-5a60db6487b0__ep2,2440.0,2459.0,,,,,0.0
b9dd769b-e31a-4fdb-945e-5a60db6487b0__ep2:qa:123,test,b9dd769b-e31a-4fdb-945e-5a60db6487b0__ep2,2460.0,2479.0,,,,,0.0
b9dd769b-e31a-4fdb-945e-5a60db6487b0__ep2:qa:144,test,b9dd769b-e31a-4fdb-945e-5a60db6487b0__ep2,2880.0,2899.0,,,,,0.0
b9dd769b-e31a-4fdb-945e-5a60db6487b0__ep2:qa:145,test,b9dd769b-e31a-4fdb-945e-5a60db6487b0__ep2,2900.0,2919.0,,,,,0.0
b9dd769b-e31a-4fdb-945e-5a60db6487b0__ep2:qa:146,test,b9dd769b-e31a-4fdb-945e-5a60db6487b0__ep2,2920.0,2939.0,,,,,0.0
b9dd769b-e31a-4fdb-945e-5a60db6487b0__ep2:qa:147,test,b9dd769b-e31a-4fdb-945e-5a60db6487b0__ep2,2940.0,2959.0,,,,,0.0
b9dd769b-e31a-4fdb-945e-5a60db6487b0__ep2:qa:190,test,b9dd769b-e31a-4fdb-945e-5a60db6487b0__ep2,3800.0,3819.0,,,,,0.0
b9dd769b-e31a-4fdb-945e-5a60db6487b0__ep2:qa:191,test,b9dd769b-e31a-4fdb-945e-5a60db6487b0__ep2,3820.0,3839.0,3820.0,3839.0,3829.5,0.0,1.0
b9dd769b-e31a-4fdb-945e-5a60db6487b0__ep2:qa:192,test,b9dd769b-e31a-4fdb-945e-5a60db6487b0__ep2,3840.0,3859.0,,,,,0.0
ba045ed4-ef25-404d-b756-8dcbd45b18fa__ep2:qa:0,test,ba045ed4-ef25-404d-b756-8dcbd45b18fa__ep2,0.0,19.0,,,,,0.0
ba045ed4-ef25-404d-b756-8dcbd45b18fa__ep2:qa:1,test,ba045ed4-ef25-404d-b756-8dcbd45b18fa__ep2,20.0,39.0,,,,,0.0
ba045ed4-ef25-404d-b756-8dcbd45b18fa__ep2:qa:20,test,ba045ed4-ef25-404d-b756-8dcbd45b18fa__ep2,400.0,419.0,400.0,419.0,409.5,0.0,1.0
ba045ed4-ef25-404d-b756-8dcbd45b18fa__ep2:qa:21,test,ba045ed4-ef25-404d-b756-8dcbd45b18fa__ep2,420.0,439.0,0.0,1.0,0.5,429.0,0.0
ba045ed4-ef25-404d-b756-8dcbd45b18fa__ep2:qa:30,test,ba045ed4-ef25-404d-b756-8dcbd45b18fa__ep2,600.0,619.0,,,,,0.0
ba045ed4-ef25-404d-b756-8dcbd45b18fa__ep2:qa:31,test,ba045ed4-ef25-404d-b756-8dcbd45b18fa__ep2,620.0,639.0,,,,,0.0
ba045ed4-ef25-404d-b756-8dcbd45b18fa__ep2:qa:40,test,ba045ed4-ef25-404d-b756-8dcbd45b18fa__ep2,800.0,819.0,,,,,0.0
ba045ed4-ef25-404d-b756-8dcbd45b18fa__ep2:qa:41,test,ba045ed4-ef25-404d-b756-8dcbd45b18fa__ep2,820.0,839.0,0.0,1.0,0.5,829.0,0.0
ba045ed4-ef25-404d-b756-8dcbd45b18fa__ep2:qa:70,test,ba045ed4-ef25-404d-b756-8dcbd45b18fa__ep2,1400.0,1419.0,1380.0,1419.0,1399.5,10.0,0.5
ba045ed4-ef25-404d-b756-8dcbd45b18fa__ep2:qa:71,test,ba045ed4-ef25-404d-b756-8dcbd45b18fa__ep2,1420.0,1439.0,1420.0,1439.0,1429.5,0.0,1.0
ba045ed4-ef25-404d-b756-8dcbd45b18fa__ep2:qa:170,test,ba045ed4-ef25-404d-b756-8dcbd45b18fa__ep2,3400.0,3419.0,,,,,0.0
ba045ed4-ef25-404d-b756-8dcbd45b18fa__ep2:qa:171,test,ba045ed4-ef25-404d-b756-8dcbd45b18fa__ep2,3420.0,3439.0,3420.0,3439.0,3429.5,0.0,1.0
ba045ed4-ef25-404d-b756-8dcbd45b18fa__ep2:qa:176,test,ba045ed4-ef25-404d-b756-8dcbd45b18fa__ep2,3520.0,3539.0,,,,,0.0
ba045ed4-ef25-404d-b756-8dcbd45b18fa__ep2:qa:182,test,ba045ed4-ef25-404d-b756-8dcbd45b18fa__ep2,3640.0,3659.0,0.0,1.0,0.5,3649.0,0.0
ba045ed4-ef25-404d-b756-8dcbd45b18fa__ep2:qa:190,test,ba045ed4-ef25-404d-b756-8dcbd45b18fa__ep2,3800.0,3819.0,0.0,1.0,0.5,3809.0,0.0
ba045ed4-ef25-404d-b756-8dcbd45b18fa__ep2:qa:191,test,ba045ed4-ef25-404d-b756-8dcbd45b18fa__ep2,3820.0,3839.0,0.0,1.0,0.5,3829.0,0.0
ba045ed4-ef25-404d-b756-8dcbd45b18fa__ep2:qa:200,test,ba045ed4-ef25-404d-b756-8dcbd45b18fa__ep2,4000.0,4019.0,,,,,0.0
ba045ed4-ef25-404d-b756-8dcbd45b18fa__ep2:qa:201,test,ba045ed4-ef25-404d-b756-8dcbd45b18fa__ep2,4020.0,4039.0,,,,,0.0
ba045ed4-ef25-404d-b756-8dcbd45b18fa__ep2:qa:214,test,ba045ed4-ef25-404d-b756-8dcbd45b18fa__ep2,4280.0,4299.0,,,,,0.0
ba045ed4-ef25-404d-b756-8dcbd45b18fa__ep2:qa:215,test,ba045ed4-ef25-404d-b756-8dcbd45b18fa__ep2,4300.0,4319.0,4285.0,4319.0,4302.0,7.5,0.5714285714285714
ba045ed4-ef25-404d-b756-8dcbd45b18fa__ep2:qa:220,test,ba045ed4-ef25-404d-b756-8dcbd45b18fa__ep2,4400.0,4419.0,4399.0,4419.0,4409.0,0.5,0.9523809523809523
ba045ed4-ef25-404d-b756-8dcbd45b18fa__ep2:qa:221,test,ba045ed4-ef25-404d-b756-8dcbd45b18fa__ep2,4420.0,4439.0,,,,,0.0
ba045ed4-ef25-404d-b756-8dcbd45b18fa__ep2:qa:230,test,ba045ed4-ef25-404d-b756-8dcbd45b18fa__ep2,4600.0,4619.0,,,,,0.0
ba045ed4-ef25-404d-b756-8dcbd45b18fa__ep2:qa:231,test,ba045ed4-ef25-404d-b756-8dcbd45b18fa__ep2,4620.0,4639.0,,,,,0.0
ba045ed4-ef25-404d-b756-8dcbd45b18fa__ep2:qa:240,test,ba045ed4-ef25-404d-b756-8dcbd45b18fa__ep2,4800.0,4819.0,,,,,0.0
ba045ed4-ef25-404d-b756-8dcbd45b18fa__ep2:qa:250,test,ba045ed4-ef25-404d-b756-8dcbd45b18fa__ep2,5000.0,5019.0,,,,,0.0
ba045ed4-ef25-404d-b756-8dcbd45b18fa__ep2:qa:258,test,ba045ed4-ef25-404d-b756-8dcbd45b18fa__ep2,5160.0,5179.0,0.0,1.0,0.5,5169.0,0.0
ba045ed4-ef25-404d-b756-8dcbd45b18fa__ep2:qa:259,test,ba045ed4-ef25-404d-b756-8dcbd45b18fa__ep2,5180.0,5199.0,,,,,0.0
ba045ed4-ef25-404d-b756-8dcbd45b18fa__ep2:qa:270,test,ba045ed4-ef25-404d-b756-8dcbd45b18fa__ep2,5400.0,5419.0,5400.0,5419.0,5409.5,0.0,1.0
ba045ed4-ef25-404d-b756-8dcbd45b18fa__ep2:qa:271,test,ba045ed4-ef25-404d-b756-8dcbd45b18fa__ep2,5420.0,5439.0,,,,,0.0
ba045ed4-ef25-404d-b756-8dcbd45b18fa__ep2:qa:290,test,ba045ed4-ef25-404d-b756-8dcbd45b18fa__ep2,5800.0,5819.0,5785.0,5819.0,5802.0,7.5,0.5714285714285714
ba045ed4-ef25-404d-b756-8dcbd45b18fa__ep2:qa:291,test,ba045ed4-ef25-404d-b756-8dcbd45b18fa__ep2,5820.0,5839.0,,,,,0.0
4b02bb38-384a-438a-b5f9-6131d85c34b0__ep1:qa:0,test,4b02bb38-384a-438a-b5f9-6131d85c34b0__ep1,0.0,19.0,0.0,2.0,1.0,8.5,0.15
4b02bb38-384a-438a-b5f9-6131d85c34b0__ep1:qa:1,test,4b02bb38-384a-438a-b5f9-6131d85c34b0__ep1,20.0,39.0,0.0,1.0,0.5,29.0,0.0
4b02bb38-384a-438a-b5f9-6131d85c34b0__ep1:qa:2,test,4b02bb38-384a-438a-b5f9-6131d85c34b0__ep1,40.0,59.0,,,,,0.0
4b02bb38-384a-438a-b5f9-6131d85c34b0__ep1:qa:14,test,4b02bb38-384a-438a-b5f9-6131d85c34b0__ep1,280.0,299.0,,,,,0.0
4b02bb38-384a-438a-b5f9-6131d85c34b0__ep1:qa:15,test,4b02bb38-384a-438a-b5f9-6131d85c34b0__ep1,300.0,319.0,,,,,0.0
4b02bb38-384a-438a-b5f9-6131d85c34b0__ep1:qa:16,test,4b02bb38-384a-438a-b5f9-6131d85c34b0__ep1,320.0,339.0,320.0,339.0,329.5,0.0,1.0
4b02bb38-384a-438a-b5f9-6131d85c34b0__ep1:qa:20,test,4b02bb38-384a-438a-b5f9-6131d85c34b0__ep1,400.0,419.0,380.0,419.0,399.5,10.0,0.5
4b02bb38-384a-438a-b5f9-6131d85c34b0__ep1:qa:21,test,4b02bb38-384a-438a-b5f9-6131d85c34b0__ep1,420.0,439.0,,,,,0.0
4b02bb38-384a-438a-b5f9-6131d85c34b0__ep1:qa:22,test,4b02bb38-384a-438a-b5f9-6131d85c34b0__ep1,440.0,459.0,440.0,459.0,449.5,0.0,1.0
4b02bb38-384a-438a-b5f9-6131d85c34b0__ep1:qa:32,test,4b02bb38-384a-438a-b5f9-6131d85c34b0__ep1,640.0,659.0,,,,,0.0
4b02bb38-384a-438a-b5f9-6131d85c34b0__ep1:qa:33,test,4b02bb38-384a-438a-b5f9-6131d85c34b0__ep1,660.0,679.0,660.0,679.0,669.5,0.0,1.0
4b02bb38-384a-438a-b5f9-6131d85c34b0__ep1:qa:34,test,4b02bb38-384a-438a-b5f9-6131d85c34b0__ep1,680.0,699.0,,,,,0.0
4b02bb38-384a-438a-b5f9-6131d85c34b0__ep1:qa:50,test,4b02bb38-384a-438a-b5f9-6131d85c34b0__ep1,1000.0,1019.0,0.0,1.6,0.8,1008.7,0.0
4b02bb38-384a-438a-b5f9-6131d85c34b0__ep1:qa:51,test,4b02bb38-384a-438a-b5f9-6131d85c34b0__ep1,1020.0,1039.0,1020.0,1039.0,1029.5,0.0,1.0
4b02bb38-384a-438a-b5f9-6131d85c34b0__ep1:qa:70,test,4b02bb38-384a-438a-b5f9-6131d85c34b0__ep1,1400.0,1419.0,0.0,1.0,0.5,1409.0,0.0
4b02bb38-384a-438a-b5f9-6131d85c34b0__ep1:qa:71,test,4b02bb38-384a-438a-b5f9-6131d85c34b0__ep1,1420.0,1439.0,0.0,1.0,0.5,1429.0,0.0
4b02bb38-384a-438a-b5f9-6131d85c34b0__ep1:qa:72,test,4b02bb38-384a-438a-b5f9-6131d85c34b0__ep1,1440.0,1459.0,0.0,15.0,7.5,1442.0,0.0
4b02bb38-384a-438a-b5f9-6131d85c34b0__ep1:qa:100,test,4b02bb38-384a-438a-b5f9-6131d85c34b0__ep1,2000.0,2019.0,0.0,19.0,9.5,2000.0,0.0
4b02bb38-384a-438a-b5f9-6131d85c34b0__ep1:qa:101,test,4b02bb38-384a-438a-b5f9-6131d85c34b0__ep1,2020.0,2039.0,0.0,1.0,0.5,2029.0,0.0
4b02bb38-384a-438a-b5f9-6131d85c34b0__ep1:qa:102,test,4b02bb38-384a-438a-b5f9-6131d85c34b0__ep1,2040.0,2059.0,0.0,1.0,0.5,2049.0,0.0
4b02bb38-384a-438a-b5f9-6131d85c34b0__ep1:qa:132,test,4b02bb38-384a-438a-b5f9-6131d85c34b0__ep1,2640.0,2659.0,0.0,19.0,9.5,2640.0,0.0
4b02bb38-384a-438a-b5f9-6131d85c34b0__ep1:qa:133,test,4b02bb38-384a-438a-b5f9-6131d85c34b0__ep1,2660.0,2679.0,2660.0,2679.0,2669.5,0.0,1.0
4b02bb38-384a-438a-b5f9-6131d85c34b0__ep1:qa:134,test,4b02bb38-384a-438a-b5f9-6131d85c34b0__ep1,2680.0,2699.0,,,,,0.0
4b02bb38-384a-438a-b5f9-6131d85c34b0__ep1:qa:184,test,4b02bb38-384a-438a-b5f9-6131d85c34b0__ep1,3680.0,3699.0,3680.0,3699.0,3689.5,0.0,1.0
4b02bb38-384a-438a-b5f9-6131d85c34b0__ep1:qa:185,test,4b02bb38-384a-438a-b5f9-6131d85c34b0__ep1,3700.0,3719.0,0.0,19.0,9.5,3700.0,0.0
4b02bb38-384a-438a-b5f9-6131d85c34b0__ep1:qa:186,test,4b02bb38-384a-438a-b5f9-6131d85c34b0__ep1,3720.0,3739.0,3720.0,3739.0,3729.5,0.0,1.0
4b02bb38-384a-438a-b5f9-6131d85c34b0__ep1:qa:200,test,4b02bb38-384a-438a-b5f9-6131d85c34b0__ep1,4000.0,4019.0,0.0,1.0,0.5,4009.0,0.0
4b02bb38-384a-438a-b5f9-6131d85c34b0__ep1:qa:201,test,4b02bb38-384a-438a-b5f9-6131d85c34b0__ep1,4020.0,4039.0,0.0,1.0,0.5,4029.0,0.0
4b02bb38-384a-438a-b5f9-6131d85c34b0__ep1:qa:202,test,4b02bb38-384a-438a-b5f9-6131d85c34b0__ep1,4040.0,4059.0,0.0,1.0,0.5,4049.0,0.0
4b02bb38-384a-438a-b5f9-6131d85c34b0__ep1:qa:220,test,4b02bb38-384a-438a-b5f9-6131d85c34b0__ep1,4400.0,4419.0,,,,,0.0
4b02bb38-384a-438a-b5f9-6131d85c34b0__ep1:qa:221,test,4b02bb38-384a-438a-b5f9-6131d85c34b0__ep1,4420.0,4439.0,,,,,0.0
4b02bb38-384a-438a-b5f9-6131d85c34b0__ep1:qa:222,test,4b02bb38-384a-438a-b5f9-6131d85c34b0__ep1,4440.0,4459.0,,,,,0.0
5399ef86-4df9-49bc-809f-8f4f92f9e659__ep6:qa:0,test,5399ef86-4df9-49bc-809f-8f4f92f9e659__ep6,0.0,19.0,,,,,0.0
5399ef86-4df9-49bc-809f-8f4f92f9e659__ep6:qa:1,test,5399ef86-4df9-49bc-809f-8f4f92f9e659__ep6,20.0,39.0,,,,,0.0
5399ef86-4df9-49bc-809f-8f4f92f9e659__ep6:qa:2,test,5399ef86-4df9-49bc-809f-8f4f92f9e659__ep6,40.0,59.0,,,,,0.0
5399ef86-4df9-49bc-809f-8f4f92f9e659__ep6:qa:8,test,5399ef86-4df9-49bc-809f-8f4f92f9e659__ep6,160.0,179.0,,,,,0.0
5399ef86-4df9-49bc-809f-8f4f92f9e659__ep6:qa:9,test,5399ef86-4df9-49bc-809f-8f4f92f9e659__ep6,180.0,199.0,,,,,0.0
5399ef86-4df9-49bc-809f-8f4f92f9e659__ep6:qa:10,test,5399ef86-4df9-49bc-809f-8f4f92f9e659__ep6,200.0,219.0,,,,,0.0
5399ef86-4df9-49bc-809f-8f4f92f9e659__ep6:qa:20,test,5399ef86-4df9-49bc-809f-8f4f92f9e659__ep6,400.0,419.0,,,,,0.0
5399ef86-4df9-49bc-809f-8f4f92f9e659__ep6:qa:21,test,5399ef86-4df9-49bc-809f-8f4f92f9e659__ep6,420.0,439.0,,,,,0.0
5399ef86-4df9-49bc-809f-8f4f92f9e659__ep6:qa:22,test,5399ef86-4df9-49bc-809f-8f4f92f9e659__ep6,440.0,459.0,,,,,0.0
5399ef86-4df9-49bc-809f-8f4f92f9e659__ep6:qa:50,test,5399ef86-4df9-49bc-809f-8f4f92f9e659__ep6,1000.0,1019.0,,,,,0.0
5399ef86-4df9-49bc-809f-8f4f92f9e659__ep6:qa:51,test,5399ef86-4df9-49bc-809f-8f4f92f9e659__ep6,1020.0,1039.0,1020.0,1039.0,1029.5,0.0,1.0
5399ef86-4df9-49bc-809f-8f4f92f9e659__ep6:qa:52,test,5399ef86-4df9-49bc-809f-8f4f92f9e659__ep6,1040.0,1059.0,1040.0,1059.0,1049.5,0.0,1.0
5399ef86-4df9-49bc-809f-8f4f92f9e659__ep6:qa:90,test,5399ef86-4df9-49bc-809f-8f4f92f9e659__ep6,1800.0,1819.0,,,,,0.0
5399ef86-4df9-49bc-809f-8f4f92f9e659__ep6:qa:91,test,5399ef86-4df9-49bc-809f-8f4f92f9e659__ep6,1820.0,1839.0,,,,,0.0
5399ef86-4df9-49bc-809f-8f4f92f9e659__ep6:qa:92,test,5399ef86-4df9-49bc-809f-8f4f92f9e659__ep6,1840.0,1859.0,0.0,0.0,0.0,1849.5,0.0
5399ef86-4df9-49bc-809f-8f4f92f9e659__ep6:qa:100,test,5399ef86-4df9-49bc-809f-8f4f92f9e659__ep6,2000.0,2019.0,,,,,0.0
5399ef86-4df9-49bc-809f-8f4f92f9e659__ep6:qa:101,test,5399ef86-4df9-49bc-809f-8f4f92f9e659__ep6,2020.0,2039.0,,,,,0.0
5399ef86-4df9-49bc-809f-8f4f92f9e659__ep6:qa:102,test,5399ef86-4df9-49bc-809f-8f4f92f9e659__ep6,2040.0,2059.0,,,,,0.0
5399ef86-4df9-49bc-809f-8f4f92f9e659__ep6:qa:120,test,5399ef86-4df9-49bc-809f-8f4f92f9e659__ep6,2400.0,2419.0,,,,,0.0
5399ef86-4df9-49bc-809f-8f4f92f9e659__ep6:qa:121,test,5399ef86-4df9-49bc-809f-8f4f92f9e659__ep6,2420.0,2439.0,2420.0,2439.0,2429.5,0.0,1.0
5399ef86-4df9-49bc-809f-8f4f92f9e659__ep6:qa:140,test,5399ef86-4df9-49bc-809f-8f4f92f9e659__ep6,2800.0,2819.0,,,,,0.0
5399ef86-4df9-49bc-809f-8f4f92f9e659__ep6:qa:141,test,5399ef86-4df9-49bc-809f-8f4f92f9e659__ep6,2820.0,2839.0,,,,,0.0
5399ef86-4df9-49bc-809f-8f4f92f9e659__ep6:qa:144,test,5399ef86-4df9-49bc-809f-8f4f92f9e659__ep6,2880.0,2899.0,,,,,0.0
5399ef86-4df9-49bc-809f-8f4f92f9e659__ep6:qa:145,test,5399ef86-4df9-49bc-809f-8f4f92f9e659__ep6,2900.0,2919.0,,,,,0.0
5399ef86-4df9-49bc-809f-8f4f92f9e659__ep6:qa:146,test,5399ef86-4df9-49bc-809f-8f4f92f9e659__ep6,2920.0,2939.0,,,,,0.0
5399ef86-4df9-49bc-809f-8f4f92f9e659__ep6:qa:150,test,5399ef86-4df9-49bc-809f-8f4f92f9e659__ep6,3000.0,3019.0,3000.0,3019.0,3009.5,0.0,1.0
5399ef86-4df9-49bc-809f-8f4f92f9e659__ep6:qa:151,test,5399ef86-4df9-49bc-809f-8f4f92f9e659__ep6,3020.0,3039.0,3020.0,3039.0,3029.5,0.0,1.0
5399ef86-4df9-49bc-809f-8f4f92f9e659__ep6:qa:160,test,5399ef86-4df9-49bc-809f-8f4f92f9e659__ep6,3200.0,3219.0,3200.0,3219.0,3209.5,0.0,1.0
5399ef86-4df9-49bc-809f-8f4f92f9e659__ep6:qa:161,test,5399ef86-4df9-49bc-809f-8f4f92f9e659__ep6,3220.0,3239.0,3220.0,3239.0,3229.5,0.0,1.0
5399ef86-4df9-49bc-809f-8f4f92f9e659__ep6:qa:162,test,5399ef86-4df9-49bc-809f-8f4f92f9e659__ep6,3240.0,3259.0,,,,,0.0
5399ef86-4df9-49bc-809f-8f4f92f9e659__ep6:qa:190,test,5399ef86-4df9-49bc-809f-8f4f92f9e659__ep6,3800.0,3819.0,,,,,0.0
5399ef86-4df9-49bc-809f-8f4f92f9e659__ep6:qa:191,test,5399ef86-4df9-49bc-809f-8f4f92f9e659__ep6,3820.0,3839.0,,,,,0.0
b750fab3-7fbb-43a0-b451-c64c4d4a64da__ep1:qa:0,test,b750fab3-7fbb-43a0-b451-c64c4d4a64da__ep1,0.0,19.0,0.0,0.0,0.0,9.5,0.05
b750fab3-7fbb-43a0-b451-c64c4d4a64da__ep1:qa:20,test,b750fab3-7fbb-43a0-b451-c64c4d4a64da__ep1,400.0,419.0,380.0,419.0,399.5,10.0,0.5
b750fab3-7fbb-43a0-b451-c64c4d4a64da__ep1:qa:21,test,b750fab3-7fbb-43a0-b451-c64c4d4a64da__ep1,420.0,439.0,420.0,439.0,429.5,0.0,1.0
b750fab3-7fbb-43a0-b451-c64c4d4a64da__ep1:qa:28,test,b750fab3-7fbb-43a0-b451-c64c4d4a64da__ep1,560.0,579.0,560.0,579.0,569.5,0.0,1.0
b750fab3-7fbb-43a0-b451-c64c4d4a64da__ep1:qa:29,test,b750fab3-7fbb-43a0-b451-c64c4d4a64da__ep1,580.0,599.0,,,,,0.0
b750fab3-7fbb-43a0-b451-c64c4d4a64da__ep1:qa:34,test,b750fab3-7fbb-43a0-b451-c64c4d4a64da__ep1,680.0,699.0,680.0,699.0,689.5,0.0,1.0
b750fab3-7fbb-43a0-b451-c64c4d4a64da__ep1:qa:35,test,b750fab3-7fbb-43a0-b451-c64c4d4a64da__ep1,700.0,719.0,,,,,0.0
b750fab3-7fbb-43a0-b451-c64c4d4a64da__ep1:qa:40,test,b750fab3-7fbb-43a0-b451-c64c4d4a64da__ep1,800.0,819.0,794.0,819.0,806.5,3.0,0.7692307692307693
b750fab3-7fbb-43a0-b451-c64c4d4a64da__ep1:qa:41,test,b750fab3-7fbb-43a0-b451-c64c4d4a64da__ep1,820.0,839.0,819.0,839.0,829.0,0.5,0.9523809523809523
b750fab3-7fbb-43a0-b451-c64c4d4a64da__ep1:qa:70,test,b750fab3-7fbb-43a0-b451-c64c4d4a64da__ep1,1400.0,1419.0,1400.0,1419.0,1409.5,0.0,1.0
b750fab3-7fbb-43a0-b451-c64c4d4a64da__ep1:qa:71,test,b750fab3-7fbb-43a0-b451-c64c4d4a64da__ep1,1420.0,1439.0,1420.0,1439.0,1429.5,0.0,1.0
b750fab3-7fbb-43a0-b451-c64c4d4a64da__ep1:qa:74,test,b750fab3-7fbb-43a0-b451-c64c4d4a64da__ep1,1480.0,1499.0,1480.0,1499.0,1489.5,0.0,1.0
b750fab3-7fbb-43a0-b451-c64c4d4a64da__ep1:qa:75,test,b750fab3-7fbb-43a0-b451-c64c4d4a64da__ep1,1500.0,1519.0,1494.0,1519.0,1506.5,3.0,0.7692307692307693
b750fab3-7fbb-43a0-b451-c64c4d4a64da__ep1:qa:82,test,b750fab3-7fbb-43a0-b451-c64c4d4a64da__ep1,1640.0,1659.0,,,,,0.0
b750fab3-7fbb-43a0-b451-c64c4d4a64da__ep1:qa:83,test,b750fab3-7fbb-43a0-b451-c64c4d4a64da__ep1,1660.0,1679.0,1660.0,1679.0,1669.5,0.0,1.0
b750fab3-7fbb-43a0-b451-c64c4d4a64da__ep1:qa:90,test,b750fab3-7fbb-43a0-b451-c64c4d4a64da__ep1,1800.0,1819.0,,,,,0.0
b750fab3-7fbb-43a0-b451-c64c4d4a64da__ep1:qa:91,test,b750fab3-7fbb-43a0-b451-c64c4d4a64da__ep1,1820.0,1839.0,,,,,0.0
b750fab3-7fbb-43a0-b451-c64c4d4a64da__ep1:qa:120,test,b750fab3-7fbb-43a0-b451-c64c4d4a64da__ep1,2400.0,2419.0,,,,,0.0
b750fab3-7fbb-43a0-b451-c64c4d4a64da__ep1:qa:121,test,b750fab3-7fbb-43a0-b451-c64c4d4a64da__ep1,2420.0,2439.0,,,,,0.0
b750fab3-7fbb-43a0-b451-c64c4d4a64da__ep1:qa:150,test,b750fab3-7fbb-43a0-b451-c64c4d4a64da__ep1,3000.0,3019.0,0.0,19.0,9.5,3000.0,0.0
b750fab3-7fbb-43a0-b451-c64c4d4a64da__ep1:qa:151,test,b750fab3-7fbb-43a0-b451-c64c4d4a64da__ep1,3020.0,3039.0,,,,,0.0
b750fab3-7fbb-43a0-b451-c64c4d4a64da__ep1:qa:190,test,b750fab3-7fbb-43a0-b451-c64c4d4a64da__ep1,3800.0,3819.0,0.0,19.0,9.5,3800.0,0.0
b750fab3-7fbb-43a0-b451-c64c4d4a64da__ep1:qa:191,test,b750fab3-7fbb-43a0-b451-c64c4d4a64da__ep1,3820.0,3839.0,,,,,0.0
b750fab3-7fbb-43a0-b451-c64c4d4a64da__ep1:qa:220,test,b750fab3-7fbb-43a0-b451-c64c4d4a64da__ep1,4400.0,4419.0,,,,,0.0
b750fab3-7fbb-43a0-b451-c64c4d4a64da__ep1:qa:221,test,b750fab3-7fbb-43a0-b451-c64c4d4a64da__ep1,4420.0,4439.0,4386.0,4439.0,4412.5,17.0,0.37037037037037035
b750fab3-7fbb-43a0-b451-c64c4d4a64da__ep1:qa:240,test,b750fab3-7fbb-43a0-b451-c64c4d4a64da__ep1,4800.0,4819.0,0.0,19.0,9.5,4800.0,0.0
b750fab3-7fbb-43a0-b451-c64c4d4a64da__ep1:qa:246,test,b750fab3-7fbb-43a0-b451-c64c4d4a64da__ep1,4920.0,4939.0,0.0,1.0,0.5,4929.0,0.0
b750fab3-7fbb-43a0-b451-c64c4d4a64da__ep1:qa:247,test,b750fab3-7fbb-43a0-b451-c64c4d4a64da__ep1,4940.0,4959.0,4940.0,4959.0,4949.5,0.0,1.0
b750fab3-7fbb-43a0-b451-c64c4d4a64da__ep1:qa:250,test,b750fab3-7fbb-43a0-b451-c64c4d4a64da__ep1,5000.0,5019.0,,,,,0.0
b750fab3-7fbb-43a0-b451-c64c4d4a64da__ep1:qa:251,test,b750fab3-7fbb-43a0-b451-c64c4d4a64da__ep1,5020.0,5039.0,0.0,1.0,0.5,5029.0,0.0
b750fab3-7fbb-43a0-b451-c64c4d4a64da__ep1:qa:296,test,b750fab3-7fbb-43a0-b451-c64c4d4a64da__ep1,5920.0,5939.0,0.0,1.0,0.5,5929.0,0.0
b750fab3-7fbb-43a0-b451-c64c4d4a64da__ep1:qa:297,test,b750fab3-7fbb-43a0-b451-c64c4d4a64da__ep1,5940.0,5959.0,0.0,19.0,9.5,5940.0,0.0
877779cd-25f3-4293-a3c4-39067dd9558c__ep4:qa:0,test,877779cd-25f3-4293-a3c4-39067dd9558c__ep4,0.0,19.0,,,,,0.0
877779cd-25f3-4293-a3c4-39067dd9558c__ep4:qa:1,test,877779cd-25f3-4293-a3c4-39067dd9558c__ep4,20.0,39.0,,,,,0.0
877779cd-25f3-4293-a3c4-39067dd9558c__ep4:qa:2,test,877779cd-25f3-4293-a3c4-39067dd9558c__ep4,40.0,59.0,,,,,0.0
877779cd-25f3-4293-a3c4-39067dd9558c__ep4:qa:20,test,877779cd-25f3-4293-a3c4-39067dd9558c__ep4,400.0,419.0,380.0,419.0,399.5,10.0,0.5
877779cd-25f3-4293-a3c4-39067dd9558c__ep4:qa:21,test,877779cd-25f3-4293-a3c4-39067dd9558c__ep4,420.0,439.0,,,,,0.0
877779cd-25f3-4293-a3c4-39067dd9558c__ep4:qa:22,test,877779cd-25f3-4293-a3c4-39067dd9558c__ep4,440.0,459.0,440.0,459.0,449.5,0.0,1.0
877779cd-25f3-4293-a3c4-39067dd9558c__ep4:qa:23,test,877779cd-25f3-4293-a3c4-39067dd9558c__ep4,460.0,479.0,,,,,0.0
877779cd-25f3-4293-a3c4-39067dd9558c__ep4:qa:50,test,877779cd-25f3-4293-a3c4-39067dd9558c__ep4,1000.0,1019.0,,,,,0.0
877779cd-25f3-4293-a3c4-39067dd9558c__ep4:qa:51,test,877779cd-25f3-4293-a3c4-39067dd9558c__ep4,1020.0,1039.0,,,,,0.0
877779cd-25f3-4293-a3c4-39067dd9558c__ep4:qa:52,test,877779cd-25f3-4293-a3c4-39067dd9558c__ep4,1040.0,1059.0,,,,,0.0
877779cd-25f3-4293-a3c4-39067dd9558c__ep4:qa:53,test,877779cd-25f3-4293-a3c4-39067dd9558c__ep4,1060.0,1079.0,,,,,0.0
877779cd-25f3-4293-a3c4-39067dd9558c__ep4:qa:70,test,877779cd-25f3-4293-a3c4-39067dd9558c__ep4,1400.0,1419.0,,,,,0.0
877779cd-25f3-4293-a3c4-39067dd9558c__ep4:qa:71,test,877779cd-25f3-4293-a3c4-39067dd9558c__ep4,1420.0,1439.0,,,,,0.0
877779cd-25f3-4293-a3c4-39067dd9558c__ep4:qa:72,test,877779cd-25f3-4293-a3c4-39067dd9558c__ep4,1440.0,1459.0,,,,,0.0
877779cd-25f3-4293-a3c4-39067dd9558c__ep4:qa:100,test,877779cd-25f3-4293-a3c4-39067dd9558c__ep4,2000.0,2019.0,1991.0,2019.0,2005.0,4.5,0.6896551724137931
877779cd-25f3-4293-a3c4-39067dd9558c__ep4:qa:101,test,877779cd-25f3-4293-a3c4-39067dd9558c__ep4,2020.0,2039.0,2019.0,2039.0,2029.0,0.5,0.9523809523809523
877779cd-25f3-4293-a3c4-39067dd9558c__ep4:qa:102,test,877779cd-25f3-4293-a3c4-39067dd9558c__ep4,2040.0,2059.0,2040.0,2059.0,2049.5,0.0,1.0
877779cd-25f3-4293-a3c4-39067dd9558c__ep4:qa:108,test,877779cd-25f3-4293-a3c4-39067dd9558c__ep4,2160.0,2179.0,,,,,0.0
877779cd-25f3-4293-a3c4-39067dd9558c__ep4:qa:109,test,877779cd-25f3-4293-a3c4-39067dd9558c__ep4,2180.0,2199.0,,,,,0.0
877779cd-25f3-4293-a3c4-39067dd9558c__ep4:qa:110,test,877779cd-25f3-4293-a3c4-39067dd9558c__ep4,2200.0,2219.0,2199.0,2219.0,2209.0,0.5,0.9523809523809523
877779cd-25f3-4293-a3c4-39067dd9558c__ep4:qa:120,test,877779cd-25f3-4293-a3c4-39067dd9558c__ep4,2400.0,2419.0,,,,,0.0
877779cd-25f3-4293-a3c4-39067dd9558c__ep4:qa:121,test,877779cd-25f3-4293-a3c4-39067dd9558c__ep4,2420.0,2439.0,,,,,0.0
877779cd-25f3-4293-a3c4-39067dd9558c__ep4:qa:122,test,877779cd-25f3-4293-a3c4-39067dd9558c__ep4,2440.0,2459.0,,,,,0.0
877779cd-25f3-4293-a3c4-39067dd9558c__ep4:qa:150,test,877779cd-25f3-4293-a3c4-39067dd9558c__ep4,3000.0,3019.0,,,,,0.0
877779cd-25f3-4293-a3c4-39067dd9558c__ep4:qa:151,test,877779cd-25f3-4293-a3c4-39067dd9558c__ep4,3020.0,3039.0,,,,,0.0
877779cd-25f3-4293-a3c4-39067dd9558c__ep4:qa:152,test,877779cd-25f3-4293-a3c4-39067dd9558c__ep4,3040.0,3059.0,,,,,0.0
877779cd-25f3-4293-a3c4-39067dd9558c__ep4:qa:170,test,877779cd-25f3-4293-a3c4-39067dd9558c__ep4,3400.0,3419.0,0.0,19.0,9.5,3400.0,0.0
877779cd-25f3-4293-a3c4-39067dd9558c__ep4:qa:171,test,877779cd-25f3-4293-a3c4-39067dd9558c__ep4,3420.0,3439.0,0.0,1.0,0.5,3429.0,0.0
877779cd-25f3-4293-a3c4-39067dd9558c__ep4:qa:172,test,877779cd-25f3-4293-a3c4-39067dd9558c__ep4,3440.0,3459.0,0.0,1.0,0.5,3449.0,0.0
877779cd-25f3-4293-a3c4-39067dd9558c__ep4:qa:200,test,877779cd-25f3-4293-a3c4-39067dd9558c__ep4,4000.0,4019.0,,,,,0.0
877779cd-25f3-4293-a3c4-39067dd9558c__ep4:qa:201,test,877779cd-25f3-4293-a3c4-39067dd9558c__ep4,4020.0,4039.0,,,,,0.0
877779cd-25f3-4293-a3c4-39067dd9558c__ep4:qa:202,test,877779cd-25f3-4293-a3c4-39067dd9558c__ep4,4040.0,4059.0,4040.0,4059.0,4049.5,0.0,1.0
1796b943-caad-43c6-b9bd-80b8d601f37d__ep1:qa:0,test,1796b943-caad-43c6-b9bd-80b8d601f37d__ep1,0.0,19.0,0.0,1.0,0.5,9.0,0.1
1796b943-caad-43c6-b9bd-80b8d601f37d__ep1:qa:1,test,1796b943-caad-43c6-b9bd-80b8d601f37d__ep1,20.0,39.0,,,,,0.0
1796b943-caad-43c6-b9bd-80b8d601f37d__ep1:qa:2,test,1796b943-caad-43c6-b9bd-80b8d601f37d__ep1,40.0,59.0,,,,,0.0
1796b943-caad-43c6-b9bd-80b8d601f37d__ep1:qa:10,test,1796b943-caad-43c6-b9bd-80b8d601f37d__ep1,200.0,219.0,180.0,219.0,199.5,10.0,0.5
1796b943-caad-43c6-b9bd-80b8d601f37d__ep1:qa:11,test,1796b943-caad-43c6-b9bd-80b8d601f37d__ep1,220.0,239.0,220.0,239.0,229.5,0.0,1.0
1796b943-caad-43c6-b9bd-80b8d601f37d__ep1:qa:12,test,1796b943-caad-43c6-b9bd-80b8d601f37d__ep1,240.0,259.0,0.0,10.0,5.0,244.5,0.0
1796b943-caad-43c6-b9bd-80b8d601f37d__ep1:qa:13,test,1796b943-caad-43c6-b9bd-80b8d601f37d__ep1,260.0,279.0,0.0,1.0,0.5,269.0,0.0
1796b943-caad-43c6-b9bd-80b8d601f37d__ep1:qa:20,test,1796b943-caad-43c6-b9bd-80b8d601f37d__ep1,400.0,419.0,400.0,419.0,409.5,0.0,1.0
1796b943-caad-43c6-b9bd-80b8d601f37d__ep1:qa:21,test,1796b943-caad-43c6-b9bd-80b8d601f37d__ep1,420.0,439.0,420.0,439.0,429.5,0.0,1.0
1796b943-caad-43c6-b9bd-80b8d601f37d__ep1:qa:22,test,1796b943-caad-43c6-b9bd-80b8d601f37d__ep1,440.0,459.0,,,,,0.0
1796b943-caad-43c6-b9bd-80b8d601f37d__ep1:qa:28,test,1796b943-caad-43c6-b9bd-80b8d601f37d__ep1,560.0,579.0,,,,,0.0
1796b943-caad-43c6-b9bd-80b8d601f37d__ep1:qa:29,test,1796b943-caad-43c6-b9bd-80b8d601f37d__ep1,580.0,599.0,580.0,599.0,589.5,0.0,1.0
1796b943-caad-43c6-b9bd-80b8d601f37d__ep1:qa:30,test,1796b943-caad-43c6-b9bd-80b8d601f37d__ep1,600.0,619.0,608.0,619.0,613.5,4.0,0.6
1796b943-caad-43c6-b9bd-80b8d601f37d__ep1:qa:40,test,1796b943-caad-43c6-b9bd-80b8d601f37d__ep1,800.0,819.0,800.0,819.0,809.5,0.0,1.0
1796b943-caad-43c6-b9bd-80b8d601f37d__ep1:qa:41,test,1796b943-caad-43c6-b9bd-80b8d601f37d__ep1,820.0,839.0,,,,,0.0
1796b943-caad-43c6-b9bd-80b8d601f37d__ep1:qa:42,test,1796b943-caad-43c6-b9bd-80b8d601f37d__ep1,840.0,859.0,,,,,0.0
1796b943-caad-43c6-b9bd-80b8d601f37d__ep1:qa:50,test,1796b943-caad-43c6-b9bd-80b8d601f37d__ep1,1000.0,1019.0,,,,,0.0
1796b943-caad-43c6-b9bd-80b8d601f37d__ep1:qa:51,test,1796b943-caad-43c6-b9bd-80b8d601f37d__ep1,1020.0,1039.0,,,,,0.0
1796b943-caad-43c6-b9bd-80b8d601f37d__ep1:qa:52,test,1796b943-caad-43c6-b9bd-80b8d601f37d__ep1,1040.0,1059.0,,,,,0.0
1796b943-caad-43c6-b9bd-80b8d601f37d__ep1:qa:70,test,1796b943-caad-43c6-b9bd-80b8d601f37d__ep1,1400.0,1419.0,,,,,0.0
1796b943-caad-43c6-b9bd-80b8d601f37d__ep1:qa:71,test,1796b943-caad-43c6-b9bd-80b8d601f37d__ep1,1420.0,1439.0,,,,,0.0
1796b943-caad-43c6-b9bd-80b8d601f37d__ep1:qa:72,test,1796b943-caad-43c6-b9bd-80b8d601f37d__ep1,1440.0,1459.0,1440.0,1459.0,1449.5,0.0,1.0
1796b943-caad-43c6-b9bd-80b8d601f37d__ep1:qa:90,test,1796b943-caad-43c6-b9bd-80b8d601f37d__ep1,1800.0,1819.0,0.0,19.0,9.5,1800.0,0.0
1796b943-caad-43c6-b9bd-80b8d601f37d__ep1:qa:91,test,1796b943-caad-43c6-b9bd-80b8d601f37d__ep1,1820.0,1839.0,0.0,15.0,7.5,1822.0,0.0
1796b943-caad-43c6-b9bd-80b8d601f37d__ep1:qa:92,test,1796b943-caad-43c6-b9bd-80b8d601f37d__ep1,1840.0,1859.0,,,,,0.0
1796b943-caad-43c6-b9bd-80b8d601f37d__ep1:qa:100,test,1796b943-caad-43c6-b9bd-80b8d601f37d__ep1,2000.0,2019.0,,,,,0.0
1796b943-caad-43c6-b9bd-80b8d601f37d__ep1:qa:101,test,1796b943-caad-43c6-b9bd-80b8d601f37d__ep1,2020.0,2039.0,0.0,10.0,5.0,2024.5,0.0
1796b943-caad-43c6-b9bd-80b8d601f37d__ep1:qa:102,test,1796b943-caad-43c6-b9bd-80b8d601f37d__ep1,2040.0,2059.0,,,,,0.0
1796b943-caad-43c6-b9bd-80b8d601f37d__ep1:qa:103,test,1796b943-caad-43c6-b9bd-80b8d601f37d__ep1,2060.0,2079.0,,,,,0.0
1796b943-caad-43c6-b9bd-80b8d601f37d__ep1:qa:140,test,1796b943-caad-43c6-b9bd-80b8d601f37d__ep1,2800.0,2819.0,2666.0,2819.0,2742.5,67.0,0.12987012987012986
1796b943-caad-43c6-b9bd-80b8d601f37d__ep1:qa:141,test,1796b943-caad-43c6-b9bd-80b8d601f37d__ep1,2820.0,2839.0,,,,,0.0
1796b943-caad-43c6-b9bd-80b8d601f37d__ep1:qa:142,test,1796b943-caad-43c6-b9bd-80b8d601f37d__ep1,2840.0,2859.0,,,,,0.0
ba18b7c1-21ff-45da-8452-41acce7fc8de__ep2:qa:0,test,ba18b7c1-21ff-45da-8452-41acce7fc8de__ep2,0.0,19.0,0.0,1.0,0.5,9.0,0.1
ba18b7c1-21ff-45da-8452-41acce7fc8de__ep2:qa:1,test,ba18b7c1-21ff-45da-8452-41acce7fc8de__ep2,20.0,39.0,0.0,19.0,9.5,20.0,0.0
ba18b7c1-21ff-45da-8452-41acce7fc8de__ep2:qa:2,test,ba18b7c1-21ff-45da-8452-41acce7fc8de__ep2,40.0,59.0,0.0,59.0,29.5,20.0,0.3333333333333333
ba18b7c1-21ff-45da-8452-41acce7fc8de__ep2:qa:3,test,ba18b7c1-21ff-45da-8452-41acce7fc8de__ep2,60.0,79.0,0.0,1.0,0.5,69.0,0.0
ba18b7c1-21ff-45da-8452-41acce7fc8de__ep2:qa:4,test,ba18b7c1-21ff-45da-8452-41acce7fc8de__ep2,80.0,99.0,0.0,99.0,49.5,40.0,0.2
ba18b7c1-21ff-45da-8452-41acce7fc8de__ep2:qa:40,test,ba18b7c1-21ff-45da-8452-41acce7fc8de__ep2,800.0,819.0,,,,,0.0
ba18b7c1-21ff-45da-8452-41acce7fc8de__ep2:qa:41,test,ba18b7c1-21ff-45da-8452-41acce7fc8de__ep2,820.0,839.0,,,,,0.0
ba18b7c1-21ff-45da-8452-41acce7fc8de__ep2:qa:42,test,ba18b7c1-21ff-45da-8452-41acce7fc8de__ep2,840.0,859.0,,,,,0.0
ba18b7c1-21ff-45da-8452-41acce7fc8de__ep2:qa:43,test,ba18b7c1-21ff-45da-8452-41acce7fc8de__ep2,860.0,879.0,,,,,0.0
ba18b7c1-21ff-45da-8452-41acce7fc8de__ep2:qa:44,test,ba18b7c1-21ff-45da-8452-41acce7fc8de__ep2,880.0,899.0,,,,,0.0
ba18b7c1-21ff-45da-8452-41acce7fc8de__ep2:qa:60,test,ba18b7c1-21ff-45da-8452-41acce7fc8de__ep2,1200.0,1219.0,1199.0,1219.0,1209.0,0.5,0.9523809523809523
ba18b7c1-21ff-45da-8452-41acce7fc8de__ep2:qa:61,test,ba18b7c1-21ff-45da-8452-41acce7fc8de__ep2,1220.0,1239.0,1220.0,1239.0,1229.5,0.0,1.0
ba18b7c1-21ff-45da-8452-41acce7fc8de__ep2:qa:62,test,ba18b7c1-21ff-45da-8452-41acce7fc8de__ep2,1240.0,1259.0,1240.0,1259.0,1249.5,0.0,1.0
ba18b7c1-21ff-45da-8452-41acce7fc8de__ep2:qa:63,test,ba18b7c1-21ff-45da-8452-41acce7fc8de__ep2,1260.0,1279.0,,,,,0.0
ba18b7c1-21ff-45da-8452-41acce7fc8de__ep2:qa:90,test,ba18b7c1-21ff-45da-8452-41acce7fc8de__ep2,1800.0,1819.0,,,,,0.0
ba18b7c1-21ff-45da-8452-41acce7fc8de__ep2:qa:91,test,ba18b7c1-21ff-45da-8452-41acce7fc8de__ep2,1820.0,1839.0,,,,,0.0
ba18b7c1-21ff-45da-8452-41acce7fc8de__ep2:qa:92,test,ba18b7c1-21ff-45da-8452-41acce7fc8de__ep2,1840.0,1859.0,,,,,0.0
ba18b7c1-21ff-45da-8452-41acce7fc8de__ep2:qa:93,test,ba18b7c1-21ff-45da-8452-41acce7fc8de__ep2,1860.0,1879.0,,,,,0.0
ba18b7c1-21ff-45da-8452-41acce7fc8de__ep2:qa:94,test,ba18b7c1-21ff-45da-8452-41acce7fc8de__ep2,1880.0,1899.0,,,,,0.0
ba18b7c1-21ff-45da-8452-41acce7fc8de__ep2:qa:146,test,ba18b7c1-21ff-45da-8452-41acce7fc8de__ep2,2920.0,2939.0,,,,,0.0
ba18b7c1-21ff-45da-8452-41acce7fc8de__ep2:qa:147,test,ba18b7c1-21ff-45da-8452-41acce7fc8de__ep2,2940.0,2959.0,,,,,0.0
ba18b7c1-21ff-45da-8452-41acce7fc8de__ep2:qa:148,test,ba18b7c1-21ff-45da-8452-41acce7fc8de__ep2,2960.0,2979.0,,,,,0.0
ba18b7c1-21ff-45da-8452-41acce7fc8de__ep2:qa:149,test,ba18b7c1-21ff-45da-8452-41acce7fc8de__ep2,2980.0,2999.0,,,,,0.0
ba18b7c1-21ff-45da-8452-41acce7fc8de__ep2:qa:170,test,ba18b7c1-21ff-45da-8452-41acce7fc8de__ep2,3400.0,3419.0,3399.0,3419.0,3409.0,0.5,0.9523809523809523
ba18b7c1-21ff-45da-8452-41acce7fc8de__ep2:qa:171,test,ba18b7c1-21ff-45da-8452-41acce7fc8de__ep2,3420.0,3439.0,0.0,39.0,19.5,3410.0,0.0
ba18b7c1-21ff-45da-8452-41acce7fc8de__ep2:qa:172,test,ba18b7c1-21ff-45da-8452-41acce7fc8de__ep2,3440.0,3459.0,0.0,1.0,0.5,3449.0,0.0
ba18b7c1-21ff-45da-8452-41acce7fc8de__ep2:qa:173,test,ba18b7c1-21ff-45da-8452-41acce7fc8de__ep2,3460.0,3479.0,0.0,1.0,0.5,3469.0,0.0
ba18b7c1-21ff-45da-8452-41acce7fc8de__ep2:qa:174,test,ba18b7c1-21ff-45da-8452-41acce7fc8de__ep2,3480.0,3499.0,3480.0,3499.0,3489.5,0.0,1.0
ba18b7c1-21ff-45da-8452-41acce7fc8de__ep2:qa:240,test,ba18b7c1-21ff-45da-8452-41acce7fc8de__ep2,4800.0,4819.0,0.0,1.0,0.5,4809.0,0.0
ba18b7c1-21ff-45da-8452-41acce7fc8de__ep2:qa:241,test,ba18b7c1-21ff-45da-8452-41acce7fc8de__ep2,4820.0,4839.0,0.0,1.0,0.5,4829.0,0.0
ba18b7c1-21ff-45da-8452-41acce7fc8de__ep2:qa:242,test,ba18b7c1-21ff-45da-8452-41acce7fc8de__ep2,4840.0,4859.0,4840.0,4859.0,4849.5,0.0,1.0
ba18b7c1-21ff-45da-8452-41acce7fc8de__ep2:qa:243,test,ba18b7c1-21ff-45da-8452-41acce7fc8de__ep2,4860.0,4879.0,0.0,1.0,0.5,4869.0,0.0
b6579cb5-0a71-4ca6-8808-1e2700be05c7__ep3:qa:0,test,b6579cb5-0a71-4ca6-8808-1e2700be05c7__ep3,0.0,19.0,,,,,0.0
b6579cb5-0a71-4ca6-8808-1e2700be05c7__ep3:qa:1,test,b6579cb5-0a71-4ca6-8808-1e2700be05c7__ep3,20.0,39.0,0.0,2.0,1.0,28.5,0.0
b6579cb5-0a71-4ca6-8808-1e2700be05c7__ep3:qa:14,test,b6579cb5-0a71-4ca6-8808-1e2700be05c7__ep3,280.0,299.0,280.0,299.0,289.5,0.0,1.0
b6579cb5-0a71-4ca6-8808-1e2700be05c7__ep3:qa:15,test,b6579cb5-0a71-4ca6-8808-1e2700be05c7__ep3,300.0,319.0,,,,,0.0
b6579cb5-0a71-4ca6-8808-1e2700be05c7__ep3:qa:50,test,b6579cb5-0a71-4ca6-8808-1e2700be05c7__ep3,1000.0,1019.0,,,,,0.0
b6579cb5-0a71-4ca6-8808-1e2700be05c7__ep3:qa:100,test,b6579cb5-0a71-4ca6-8808-1e2700be05c7__ep3,2000.0,2019.0,,,,,0.0
b6579cb5-0a71-4ca6-8808-1e2700be05c7__ep3:qa:101,test,b6579cb5-0a71-4ca6-8808-1e2700be05c7__ep3,2020.0,2039.0,2014.0,2039.0,2026.5,3.0,0.7692307692307693
b6579cb5-0a71-4ca6-8808-1e2700be05c7__ep3:qa:120,test,b6579cb5-0a71-4ca6-8808-1e2700be05c7__ep3,2400.0,2419.0,,,,,0.0
b6579cb5-0a71-4ca6-8808-1e2700be05c7__ep3:qa:121,test,b6579cb5-0a71-4ca6-8808-1e2700be05c7__ep3,2420.0,2439.0,,,,,0.0
b6579cb5-0a71-4ca6-8808-1e2700be05c7__ep3:qa:128,test,b6579cb5-0a71-4ca6-8808-1e2700be05c7__ep3,2560.0,2579.0,,,,,0.0
b6579cb5-0a71-4ca6-8808-1e2700be05c7__ep3:qa:129,test,b6579cb5-0a71-4ca6-8808-1e2700be05c7__ep3,2580.0,2599.0,2580.0,2599.0,2589.5,0.0,1.0
b6579cb5-0a71-4ca6-8808-1e2700be05c7__ep3:qa:150,test,b6579cb5-0a71-4ca6-8808-1e2700be05c7__ep3,3000.0,3019.0,,,,,0.0
b6579cb5-0a71-4ca6-8808-1e2700be05c7__ep3:qa:164,test,b6579cb5-0a71-4ca6-8808-1e2700be05c7__ep3,3280.0,3299.0,,,,,0.0
b6579cb5-0a71-4ca6-8808-1e2700be05c7__ep3:qa:180,test,b6579cb5-0a71-4ca6-8808-1e2700be05c7__ep3,3600.0,3619.0,3598.0,3619.0,3608.5,1.0,0.9090909090909091
b6579cb5-0a71-4ca6-8808-1e2700be05c7__ep3:qa:181,test,b6579cb5-0a71-4ca6-8808-1e2700be05c7__ep3,3620.0,3639.0,3611.0,3639.0,3625.0,4.5,0.6896551724137931
b6579cb5-0a71-4ca6-8808-1e2700be05c7__ep3:qa:200,test,b6579cb5-0a71-4ca6-8808-1e2700be05c7__ep3,4000.0,4019.0,,,,,0.0
b6579cb5-0a71-4ca6-8808-1e2700be05c7__ep3:qa:201,test,b6579cb5-0a71-4ca6-8808-1e2700be05c7__ep3,4020.0,4039.0,,,,,0.0
b6579cb5-0a71-4ca6-8808-1e2700be05c7__ep3:qa:212,test,b6579cb5-0a71-4ca6-8808-1e2700be05c7__ep3,4240.0,4259.0,,,,,0.0
b6579cb5-0a71-4ca6-8808-1e2700be05c7__ep3:qa:213,test,b6579cb5-0a71-4ca6-8808-1e2700be05c7__ep3,4260.0,4279.0,,,,,0.0
b6579cb5-0a71-4ca6-8808-1e2700be05c7__ep3:qa:220,test,b6579cb5-0a71-4ca6-8808-1e2700be05c7__ep3,4400.0,4419.0,,,,,0.0
b6579cb5-0a71-4ca6-8808-1e2700be05c7__ep3:qa:221,test,b6579cb5-0a71-4ca6-8808-1e2700be05c7__ep3,4420.0,4439.0,4385.0,4439.0,4412.0,17.5,0.36363636363636365
b6579cb5-0a71-4ca6-8808-1e2700be05c7__ep3:qa:232,test,b6579cb5-0a71-4ca6-8808-1e2700be05c7__ep3,4640.0,4659.0,,,,,0.0
b6579cb5-0a71-4ca6-8808-1e2700be05c7__ep3:qa:233,test,b6579cb5-0a71-4ca6-8808-1e2700be05c7__ep3,4660.0,4679.0,4654.0,4679.0,4666.5,3.0,0.7692307692307693
b6579cb5-0a71-4ca6-8808-1e2700be05c7__ep3:qa:240,test,b6579cb5-0a71-4ca6-8808-1e2700be05c7__ep3,4800.0,4819.0,,,,,0.0
b6579cb5-0a71-4ca6-8808-1e2700be05c7__ep3:qa:244,test,b6579cb5-0a71-4ca6-8808-1e2700be05c7__ep3,4880.0,4899.0,,,,,0.0
b6579cb5-0a71-4ca6-8808-1e2700be05c7__ep3:qa:245,test,b6579cb5-0a71-4ca6-8808-1e2700be05c7__ep3,4900.0,4919.0,,,,,0.0
b6579cb5-0a71-4ca6-8808-1e2700be05c7__ep3:qa:250,test,b6579cb5-0a71-4ca6-8808-1e2700be05c7__ep3,5000.0,5019.0,,,,,0.0
b6579cb5-0a71-4ca6-8808-1e2700be05c7__ep3:qa:251,test,b6579cb5-0a71-4ca6-8808-1e2700be05c7__ep3,5020.0,5039.0,5020.0,5039.0,5029.5,0.0,1.0
b6579cb5-0a71-4ca6-8808-1e2700be05c7__ep3:qa:256,test,b6579cb5-0a71-4ca6-8808-1e2700be05c7__ep3,5120.0,5139.0,,,,,0.0
b6579cb5-0a71-4ca6-8808-1e2700be05c7__ep3:qa:257,test,b6579cb5-0a71-4ca6-8808-1e2700be05c7__ep3,5140.0,5159.0,,,,,0.0
b6579cb5-0a71-4ca6-8808-1e2700be05c7__ep3:qa:264,test,b6579cb5-0a71-4ca6-8808-1e2700be05c7__ep3,5280.0,5299.0,,,,,0.0
b6579cb5-0a71-4ca6-8808-1e2700be05c7__ep3:qa:265,test,b6579cb5-0a71-4ca6-8808-1e2700be05c7__ep3,5300.0,5319.0,,,,,0.0
