id,split,episode_id,future_record_id,start_frame,true_action,pred_action,true_time_to_transition_frames,pred_time_to_transition_frames,absolute_error_frames,rank,top_k_hit
1796b943-caad-43c6-b9bd-80b8d601f37d__ep1:future:00000:h5,test,1796b943-caad-43c6-b9bd-80b8d601f37d__ep1,1796b943-caad-43c6-b9bd-80b8d601f37d__ep1:qa:12,240,Approaching and pressing the door switch,Grasp cleaning bottle,160.0,200.0,40.0,247,False
1796b943-caad-43c6-b9bd-80b8d601f37d__ep1:future:00001:h5,test,1796b943-caad-43c6-b9bd-80b8d601f37d__ep1,1796b943-caad-43c6-b9bd-80b8d601f37d__ep1:qa:13,260,Approaching and pressing the door switch,Grasp cleaning bottle,140.0,200.0,60.0,208,False
1796b943-caad-43c6-b9bd-80b8d601f37d__ep1:future:00002:h5,test,1796b943-caad-43c6-b9bd-80b8d601f37d__ep1,1796b943-caad-43c6-b9bd-80b8d601f37d__ep1:qa:20,400,Entering the VR training room,Grasp cleaning bottle,160.0,200.0,40.0,204,False
1796b943-caad-43c6-b9bd-80b8d601f37d__ep1:future:00003:h5,test,1796b943-caad-43c6-b9bd-80b8d601f37d__ep1,1796b943-caad-43c6-b9bd-80b8d601f37d__ep1:qa:21,420,Entering the VR training room,Grasp cleaning bottle,140.0,200.0,60.0,220,False
1796b943-caad-43c6-b9bd-80b8d601f37d__ep1:future:00004:h5,test,1796b943-caad-43c6-b9bd-80b8d601f37d__ep1,1796b943-caad-43c6-b9bd-80b8d601f37d__ep1:qa:22,440,Entering the VR training room,Grasp cleaning bottle,120.0,200.0,80.0,209,False
1796b943-caad-43c6-b9bd-80b8d601f37d__ep1:future:00005:h5,test,1796b943-caad-43c6-b9bd-80b8d601f37d__ep1,1796b943-caad-43c6-b9bd-80b8d601f37d__ep1:qa:28,560,Greeting/acknowledging participants,Grasp cleaning bottle,200.0,200.0,0.0,212,False
1796b943-caad-43c6-b9bd-80b8d601f37d__ep1:future:00006:h5,test,1796b943-caad-43c6-b9bd-80b8d601f37d__ep1,1796b943-caad-43c6-b9bd-80b8d601f37d__ep1:qa:29,580,Greeting/acknowledging participants,Grasp cleaning bottle,200.0,200.0,0.0,261,False
1796b943-caad-43c6-b9bd-80b8d601f37d__ep1:future:00007:h5,test,1796b943-caad-43c6-b9bd-80b8d601f37d__ep1,1796b943-caad-43c6-b9bd-80b8d601f37d__ep1:qa:30,600,Greeting/acknowledging participants,Grasp cleaning bottle,200.0,200.0,0.0,228,False
1796b943-caad-43c6-b9bd-80b8d601f37d__ep1:future:00008:h5,test,1796b943-caad-43c6-b9bd-80b8d601f37d__ep1,1796b943-caad-43c6-b9bd-80b8d601f37d__ep1:qa:40,800,Move through the training room,Grasp cleaning bottle,200.0,200.0,0.0,279,False
1796b943-caad-43c6-b9bd-80b8d601f37d__ep1:future:00009:h5,test,1796b943-caad-43c6-b9bd-80b8d601f37d__ep1,1796b943-caad-43c6-b9bd-80b8d601f37d__ep1:qa:41,820,Move through the training room,Grasp cleaning bottle,180.0,200.0,20.0,347,False
1796b943-caad-43c6-b9bd-80b8d601f37d__ep1:future:00010:h5,test,1796b943-caad-43c6-b9bd-80b8d601f37d__ep1,1796b943-caad-43c6-b9bd-80b8d601f37d__ep1:qa:42,840,Move through the training room,Grasp cleaning bottle,160.0,200.0,40.0,281,False
1796b943-caad-43c6-b9bd-80b8d601f37d__ep1:future:00011:h5,test,1796b943-caad-43c6-b9bd-80b8d601f37d__ep1,1796b943-caad-43c6-b9bd-80b8d601f37d__ep1:qa:50,1000,Manipulate plastic strips,Grasp cleaning bottle,200.0,200.0,0.0,201,False
1796b943-caad-43c6-b9bd-80b8d601f37d__ep1:future:00012:h5,test,1796b943-caad-43c6-b9bd-80b8d601f37d__ep1,1796b943-caad-43c6-b9bd-80b8d601f37d__ep1:qa:51,1020,Manipulate plastic strips,Grasp cleaning bottle,200.0,200.0,0.0,177,False
1796b943-caad-43c6-b9bd-80b8d601f37d__ep1:future:00013:h5,test,1796b943-caad-43c6-b9bd-80b8d601f37d__ep1,1796b943-caad-43c6-b9bd-80b8d601f37d__ep1:qa:52,1040,Manipulate plastic strips,Grasp cleaning bottle,200.0,200.0,0.0,118,False
1796b943-caad-43c6-b9bd-80b8d601f37d__ep1:future:00014:h5,test,1796b943-caad-43c6-b9bd-80b8d601f37d__ep1,1796b943-caad-43c6-b9bd-80b8d601f37d__ep1:qa:70,1400,Manipulate plastic strip,Grasp cleaning bottle,200.0,200.0,0.0,257,False
1796b943-caad-43c6-b9bd-80b8d601f37d__ep1:future:00015:h5,test,1796b943-caad-43c6-b9bd-80b8d601f37d__ep1,1796b943-caad-43c6-b9bd-80b8d601f37d__ep1:qa:71,1420,Manipulate plastic strip,Grasp cleaning bottle,200.0,200.0,0.0,249,False
1796b943-caad-43c6-b9bd-80b8d601f37d__ep1:future:00016:h5,test,1796b943-caad-43c6-b9bd-80b8d601f37d__ep1,1796b943-caad-43c6-b9bd-80b8d601f37d__ep1:qa:72,1440,Manipulate plastic strip,Grasp cleaning bottle,200.0,200.0,0.0,246,False
1796b943-caad-43c6-b9bd-80b8d601f37d__ep1:future:00017:h5,test,1796b943-caad-43c6-b9bd-80b8d601f37d__ep1,1796b943-caad-43c6-b9bd-80b8d601f37d__ep1:qa:90,1800,Hold and bend plastic strip,Grasp cleaning bottle,200.0,200.0,0.0,229,False
1796b943-caad-43c6-b9bd-80b8d601f37d__ep1:future:00018:h5,test,1796b943-caad-43c6-b9bd-80b8d601f37d__ep1,1796b943-caad-43c6-b9bd-80b8d601f37d__ep1:qa:91,1820,Hold and bend plastic strip,Grasp cleaning bottle,180.0,200.0,20.0,242,False
1796b943-caad-43c6-b9bd-80b8d601f37d__ep1:future:00019:h5,test,1796b943-caad-43c6-b9bd-80b8d601f37d__ep1,1796b943-caad-43c6-b9bd-80b8d601f37d__ep1:qa:92,1840,Hold and bend plastic strip,Grasp cleaning bottle,160.0,200.0,40.0,249,False
1796b943-caad-43c6-b9bd-80b8d601f37d__ep1:future:00020:h5,test,1796b943-caad-43c6-b9bd-80b8d601f37d__ep1,1796b943-caad-43c6-b9bd-80b8d601f37d__ep1:qa:100,2000,Bend and manipulate plastic strip,Grasp cleaning bottle,200.0,200.0,0.0,253,False
1796b943-caad-43c6-b9bd-80b8d601f37d__ep1:future:00021:h5,test,1796b943-caad-43c6-b9bd-80b8d601f37d__ep1,1796b943-caad-43c6-b9bd-80b8d601f37d__ep1:qa:101,2020,Bend and manipulate plastic strip,Grasp cleaning bottle,200.0,200.0,0.0,158,False
1796b943-caad-43c6-b9bd-80b8d601f37d__ep1:future:00022:h5,test,1796b943-caad-43c6-b9bd-80b8d601f37d__ep1,1796b943-caad-43c6-b9bd-80b8d601f37d__ep1:qa:102,2040,Bend and manipulate plastic strip,Grasp cleaning bottle,200.0,200.0,0.0,171,False
1796b943-caad-43c6-b9bd-80b8d601f37d__ep1:future:00023:h5,test,1796b943-caad-43c6-b9bd-80b8d601f37d__ep1,1796b943-caad-43c6-b9bd-80b8d601f37d__ep1:qa:103,2060,Bend and manipulate plastic strip,Grasp cleaning bottle,200.0,200.0,0.0,170,False
1796b943-caad-43c6-b9bd-80b8d601f37d__ep1:future:00024:h5,test,1796b943-caad-43c6-b9bd-80b8d601f37d__ep1,1796b943-caad-43c6-b9bd-80b8d601f37d__ep1:qa:140,2800,Fold plastic strip,Grasp cleaning bottle,200.0,200.0,0.0,224,False
1796b943-caad-43c6-b9bd-80b8d601f37d__ep1:future:00025:h5,test,1796b943-caad-43c6-b9bd-80b8d601f37d__ep1,1796b943-caad-43c6-b9bd-80b8d601f37d__ep1:qa:141,2820,Fold plastic strip,Grasp cleaning bottle,200.0,200.0,0.0,254,False
1796b943-caad-43c6-b9bd-80b8d601f37d__ep1:future:00026:h5,test,1796b943-caad-43c6-b9bd-80b8d601f37d__ep1,1796b943-caad-43c6-b9bd-80b8d601f37d__ep1:qa:142,2840,Fold plastic strip,Grasp cleaning bottle,200.0,200.0,0.0,251,False
33f7ae08-ac1d-4321-9cb9-eca79016b359__ep1:future:00000:h5,test,33f7ae08-ac1d-4321-9cb9-eca79016b359__ep1,33f7ae08-ac1d-4321-9cb9-eca79016b359__ep1:qa:21,420,Inspect shelf condition,Walk towards other aisles,200.0,200.0,0.0,49,False
33f7ae08-ac1d-4321-9cb9-eca79016b359__ep1:future:00001:h5,test,33f7ae08-ac1d-4321-9cb9-eca79016b359__ep1,33f7ae08-ac1d-4321-9cb9-eca79016b359__ep1:qa:46,920,Observe colleague and workspace,Walk towards other aisles,80.0,20.0,60.0,55,False
33f7ae08-ac1d-4321-9cb9-eca79016b359__ep1:future:00002:h5,test,33f7ae08-ac1d-4321-9cb9-eca79016b359__ep1,33f7ae08-ac1d-4321-9cb9-eca79016b359__ep1:qa:47,940,Observe colleague and workspace,Grasp cleaning bottle,60.0,200.0,140.0,370,False
33f7ae08-ac1d-4321-9cb9-eca79016b359__ep1:future:00003:h5,test,33f7ae08-ac1d-4321-9cb9-eca79016b359__ep1,33f7ae08-ac1d-4321-9cb9-eca79016b359__ep1:qa:50,1000,Walk towards shelves,Grasp cleaning bottle,160.0,200.0,40.0,161,False
33f7ae08-ac1d-4321-9cb9-eca79016b359__ep1:future:00004:h5,test,33f7ae08-ac1d-4321-9cb9-eca79016b359__ep1,33f7ae08-ac1d-4321-9cb9-eca79016b359__ep1:qa:58,1160,Observe workspace,Grasp cleaning bottle,120.0,140.0,20.0,200,False
33f7ae08-ac1d-4321-9cb9-eca79016b359__ep1:future:00005:h5,test,33f7ae08-ac1d-4321-9cb9-eca79016b359__ep1,33f7ae08-ac1d-4321-9cb9-eca79016b359__ep1:qa:59,1180,Observe workspace,Grasp cleaning bottle,100.0,120.0,20.0,298,False
33f7ae08-ac1d-4321-9cb9-eca79016b359__ep1:future:00006:h5,test,33f7ae08-ac1d-4321-9cb9-eca79016b359__ep1,33f7ae08-ac1d-4321-9cb9-eca79016b359__ep1:qa:64,1280,Approach boxes,Grasp cleaning bottle,120.0,20.0,100.0,352,False
33f7ae08-ac1d-4321-9cb9-eca79016b359__ep1:future:00007:h5,test,33f7ae08-ac1d-4321-9cb9-eca79016b359__ep1,33f7ae08-ac1d-4321-9cb9-eca79016b359__ep1:qa:65,1300,Approach boxes,Put down smartphone,100.0,100.0,0.0,63,False
33f7ae08-ac1d-4321-9cb9-eca79016b359__ep1:future:00008:h5,test,33f7ae08-ac1d-4321-9cb9-eca79016b359__ep1,33f7ae08-ac1d-4321-9cb9-eca79016b359__ep1:qa:70,1400,Reach for wire hangers,Grasp cleaning bottle,120.0,200.0,80.0,345,False
33f7ae08-ac1d-4321-9cb9-eca79016b359__ep1:future:00009:h5,test,33f7ae08-ac1d-4321-9cb9-eca79016b359__ep1,33f7ae08-ac1d-4321-9cb9-eca79016b359__ep1:qa:76,1520,Extract wire hangers from box,Grasp cleaning bottle,200.0,200.0,0.0,184,False
33f7ae08-ac1d-4321-9cb9-eca79016b359__ep1:future:00010:h5,test,33f7ae08-ac1d-4321-9cb9-eca79016b359__ep1,33f7ae08-ac1d-4321-9cb9-eca79016b359__ep1:qa:77,1540,Extract wire hangers from box,Grasp cleaning bottle,200.0,200.0,0.0,360,False
33f7ae08-ac1d-4321-9cb9-eca79016b359__ep1:future:00011:h5,test,33f7ae08-ac1d-4321-9cb9-eca79016b359__ep1,33f7ae08-ac1d-4321-9cb9-eca79016b359__ep1:qa:100,2000,Bundle display hooks,Grasp cleaning bottle,200.0,200.0,0.0,212,False
33f7ae08-ac1d-4321-9cb9-eca79016b359__ep1:future:00012:h5,test,33f7ae08-ac1d-4321-9cb9-eca79016b359__ep1,33f7ae08-ac1d-4321-9cb9-eca79016b359__ep1:qa:101,2020,Bundle display hooks,Grasp cleaning bottle,200.0,200.0,0.0,268,False
33f7ae08-ac1d-4321-9cb9-eca79016b359__ep1:future:00013:h5,test,33f7ae08-ac1d-4321-9cb9-eca79016b359__ep1,33f7ae08-ac1d-4321-9cb9-eca79016b359__ep1:qa:126,2520,Release hook,Grasp cleaning bottle,200.0,200.0,0.0,273,False
33f7ae08-ac1d-4321-9cb9-eca79016b359__ep1:future:00014:h5,test,33f7ae08-ac1d-4321-9cb9-eca79016b359__ep1,33f7ae08-ac1d-4321-9cb9-eca79016b359__ep1:qa:138,2760,Walk towards other aisles,Grasp cleaning bottle,40.0,200.0,160.0,378,False
33f7ae08-ac1d-4321-9cb9-eca79016b359__ep1:future:00015:h5,test,33f7ae08-ac1d-4321-9cb9-eca79016b359__ep1,33f7ae08-ac1d-4321-9cb9-eca79016b359__ep1:qa:140,2800,Move through aisle,Grasp cleaning bottle,200.0,200.0,0.0,295,False
33f7ae08-ac1d-4321-9cb9-eca79016b359__ep1:future:00016:h5,test,33f7ae08-ac1d-4321-9cb9-eca79016b359__ep1,33f7ae08-ac1d-4321-9cb9-eca79016b359__ep1:qa:141,2820,Move through aisle,Grasp cleaning bottle,180.0,200.0,20.0,301,False
33f7ae08-ac1d-4321-9cb9-eca79016b359__ep1:future:00017:h5,test,33f7ae08-ac1d-4321-9cb9-eca79016b359__ep1,33f7ae08-ac1d-4321-9cb9-eca79016b359__ep1:qa:150,3000,Pick up items from the shopping bag,Grasp cleaning bottle,200.0,200.0,0.0,309,False
33f7ae08-ac1d-4321-9cb9-eca79016b359__ep1:future:00018:h5,test,33f7ae08-ac1d-4321-9cb9-eca79016b359__ep1,33f7ae08-ac1d-4321-9cb9-eca79016b359__ep1:qa:151,3020,Pick up items from the shopping bag,Grasp cleaning bottle,200.0,200.0,0.0,282,False
33f7ae08-ac1d-4321-9cb9-eca79016b359__ep1:future:00019:h5,test,33f7ae08-ac1d-4321-9cb9-eca79016b359__ep1,33f7ae08-ac1d-4321-9cb9-eca79016b359__ep1:qa:164,3280,Place items on the shelf,Walk towards other aisles,160.0,20.0,140.0,236,False
33f7ae08-ac1d-4321-9cb9-eca79016b359__ep1:future:00020:h5,test,33f7ae08-ac1d-4321-9cb9-eca79016b359__ep1,33f7ae08-ac1d-4321-9cb9-eca79016b359__ep1:qa:165,3300,Place items on the shelf,Grasp cleaning bottle,140.0,200.0,60.0,157,False
33f7ae08-ac1d-4321-9cb9-eca79016b359__ep1:future:00021:h5,test,33f7ae08-ac1d-4321-9cb9-eca79016b359__ep1,33f7ae08-ac1d-4321-9cb9-eca79016b359__ep1:qa:172,3440,Place item on shelf,Grasp cleaning bottle,200.0,200.0,0.0,322,False
33f7ae08-ac1d-4321-9cb9-eca79016b359__ep1:future:00022:h5,test,33f7ae08-ac1d-4321-9cb9-eca79016b359__ep1,33f7ae08-ac1d-4321-9cb9-eca79016b359__ep1:qa:173,3460,Place item on shelf,Grasp cleaning bottle,180.0,200.0,20.0,354,False
33f7ae08-ac1d-4321-9cb9-eca79016b359__ep1:future:00023:h5,test,33f7ae08-ac1d-4321-9cb9-eca79016b359__ep1,33f7ae08-ac1d-4321-9cb9-eca79016b359__ep1:qa:182,3640,Adjust item on shelf,Grasp cleaning bottle,200.0,200.0,0.0,339,False
33f7ae08-ac1d-4321-9cb9-eca79016b359__ep1:future:00024:h5,test,33f7ae08-ac1d-4321-9cb9-eca79016b359__ep1,33f7ae08-ac1d-4321-9cb9-eca79016b359__ep1:qa:183,3660,Adjust item on shelf,Grasp cleaning bottle,200.0,200.0,0.0,375,False
33f7ae08-ac1d-4321-9cb9-eca79016b359__ep1:future:00025:h5,test,33f7ae08-ac1d-4321-9cb9-eca79016b359__ep1,33f7ae08-ac1d-4321-9cb9-eca79016b359__ep1:qa:226,4520,Reach for another item,Grasp cleaning bottle,200.0,200.0,0.0,329,False
33f7ae08-ac1d-4321-9cb9-eca79016b359__ep1:future:00026:h5,test,33f7ae08-ac1d-4321-9cb9-eca79016b359__ep1,33f7ae08-ac1d-4321-9cb9-eca79016b359__ep1:qa:244,4880,Reach for next item,Grasp cleaning bottle,200.0,200.0,0.0,366,False
34f07a04-eb37-45a3-95ec-189ed5f4a85b__ep5:future:00000:h5,test,34f07a04-eb37-45a3-95ec-189ed5f4a85b__ep5,34f07a04-eb37-45a3-95ec-189ed5f4a85b__ep5:qa:71,1420,Hold canned food,Grasp cleaning bottle,200.0,200.0,0.0,116,False
34f07a04-eb37-45a3-95ec-189ed5f4a85b__ep5:future:00001:h5,test,34f07a04-eb37-45a3-95ec-189ed5f4a85b__ep5,34f07a04-eb37-45a3-95ec-189ed5f4a85b__ep5:qa:82,1640,Reach into box,Grasp cleaning bottle,160.0,200.0,40.0,147,False
34f07a04-eb37-45a3-95ec-189ed5f4a85b__ep5:future:00002:h5,test,34f07a04-eb37-45a3-95ec-189ed5f4a85b__ep5,34f07a04-eb37-45a3-95ec-189ed5f4a85b__ep5:qa:90,1800,Pick up canned food,Grasp cleaning bottle,200.0,200.0,0.0,108,False
34f07a04-eb37-45a3-95ec-189ed5f4a85b__ep5:future:00003:h5,test,34f07a04-eb37-45a3-95ec-189ed5f4a85b__ep5,34f07a04-eb37-45a3-95ec-189ed5f4a85b__ep5:qa:91,1820,Pick up canned food,Grasp cleaning bottle,200.0,200.0,0.0,70,False
34f07a04-eb37-45a3-95ec-189ed5f4a85b__ep5:future:00004:h5,test,34f07a04-eb37-45a3-95ec-189ed5f4a85b__ep5,34f07a04-eb37-45a3-95ec-189ed5f4a85b__ep5:qa:106,2120,Retrieve next canned food item,Grasp cleaning bottle,200.0,200.0,0.0,310,False
34f07a04-eb37-45a3-95ec-189ed5f4a85b__ep5:future:00005:h5,test,34f07a04-eb37-45a3-95ec-189ed5f4a85b__ep5,34f07a04-eb37-45a3-95ec-189ed5f4a85b__ep5:qa:140,2800,Align canned food on shelf,Grasp cleaning bottle,200.0,200.0,0.0,126,False
34f07a04-eb37-45a3-95ec-189ed5f4a85b__ep5:future:00006:h5,test,34f07a04-eb37-45a3-95ec-189ed5f4a85b__ep5,34f07a04-eb37-45a3-95ec-189ed5f4a85b__ep5:qa:141,2820,Align canned food on shelf,Grasp cleaning bottle,200.0,200.0,0.0,170,False
34f07a04-eb37-45a3-95ec-189ed5f4a85b__ep5:future:00007:h5,test,34f07a04-eb37-45a3-95ec-189ed5f4a85b__ep5,34f07a04-eb37-45a3-95ec-189ed5f4a85b__ep5:qa:154,3080,Reach for next canned food,Grasp cleaning bottle,120.0,200.0,80.0,127,False
34f07a04-eb37-45a3-95ec-189ed5f4a85b__ep5:future:00008:h5,test,34f07a04-eb37-45a3-95ec-189ed5f4a85b__ep5,34f07a04-eb37-45a3-95ec-189ed5f4a85b__ep5:qa:160,3200,Retrieve canned food from box,Grasp cleaning bottle,120.0,200.0,80.0,105,False
34f07a04-eb37-45a3-95ec-189ed5f4a85b__ep5:future:00009:h5,test,34f07a04-eb37-45a3-95ec-189ed5f4a85b__ep5,34f07a04-eb37-45a3-95ec-189ed5f4a85b__ep5:qa:166,3320,Place another canned food on shelf,Grasp cleaning bottle,200.0,200.0,0.0,292,False
34f07a04-eb37-45a3-95ec-189ed5f4a85b__ep5:future:00010:h5,test,34f07a04-eb37-45a3-95ec-189ed5f4a85b__ep5,34f07a04-eb37-45a3-95ec-189ed5f4a85b__ep5:qa:167,3340,Place another canned food on shelf,Grasp cleaning bottle,200.0,200.0,0.0,348,False
34f07a04-eb37-45a3-95ec-189ed5f4a85b__ep5:future:00011:h5,test,34f07a04-eb37-45a3-95ec-189ed5f4a85b__ep5,34f07a04-eb37-45a3-95ec-189ed5f4a85b__ep5:qa:190,3800,Adjust canned food on shelf,Grasp cleaning bottle,160.0,200.0,40.0,358,False
34f07a04-eb37-45a3-95ec-189ed5f4a85b__ep5:future:00012:h5,test,34f07a04-eb37-45a3-95ec-189ed5f4a85b__ep5,34f07a04-eb37-45a3-95ec-189ed5f4a85b__ep5:qa:191,3820,Adjust canned food on shelf,Grasp cleaning bottle,140.0,200.0,60.0,363,False
34f07a04-eb37-45a3-95ec-189ed5f4a85b__ep5:future:00013:h5,test,34f07a04-eb37-45a3-95ec-189ed5f4a85b__ep5,34f07a04-eb37-45a3-95ec-189ed5f4a85b__ep5:qa:198,3960,Move hand away from shelf,Grasp cleaning bottle,160.0,200.0,40.0,199,False
34f07a04-eb37-45a3-95ec-189ed5f4a85b__ep5:future:00014:h5,test,34f07a04-eb37-45a3-95ec-189ed5f4a85b__ep5,34f07a04-eb37-45a3-95ec-189ed5f4a85b__ep5:qa:199,3980,Move hand away from shelf,Grasp cleaning bottle,140.0,200.0,60.0,103,False
34f07a04-eb37-45a3-95ec-189ed5f4a85b__ep5:future:00015:h5,test,34f07a04-eb37-45a3-95ec-189ed5f4a85b__ep5,34f07a04-eb37-45a3-95ec-189ed5f4a85b__ep5:qa:206,4120,Place can on shelf,Grasp cleaning bottle,200.0,200.0,0.0,61,False
34f07a04-eb37-45a3-95ec-189ed5f4a85b__ep5:future:00016:h5,test,34f07a04-eb37-45a3-95ec-189ed5f4a85b__ep5,34f07a04-eb37-45a3-95ec-189ed5f4a85b__ep5:qa:207,4140,Place can on shelf,Grasp cleaning bottle,200.0,200.0,0.0,94,False
34f07a04-eb37-45a3-95ec-189ed5f4a85b__ep5:future:00017:h5,test,34f07a04-eb37-45a3-95ec-189ed5f4a85b__ep5,34f07a04-eb37-45a3-95ec-189ed5f4a85b__ep5:qa:218,4360,Move hand away,Grasp cleaning bottle,40.0,200.0,160.0,196,False
34f07a04-eb37-45a3-95ec-189ed5f4a85b__ep5:future:00018:h5,test,34f07a04-eb37-45a3-95ec-189ed5f4a85b__ep5,34f07a04-eb37-45a3-95ec-189ed5f4a85b__ep5:qa:219,4380,Move hand away,Grasp cleaning bottle,20.0,200.0,180.0,136,False
34f07a04-eb37-45a3-95ec-189ed5f4a85b__ep5:future:00019:h5,test,34f07a04-eb37-45a3-95ec-189ed5f4a85b__ep5,34f07a04-eb37-45a3-95ec-189ed5f4a85b__ep5:qa:220,4400,Hold earbud case,Grasp cleaning bottle,200.0,200.0,0.0,117,False
34f07a04-eb37-45a3-95ec-189ed5f4a85b__ep5:future:00020:h5,test,34f07a04-eb37-45a3-95ec-189ed5f4a85b__ep5,34f07a04-eb37-45a3-95ec-189ed5f4a85b__ep5:qa:221,4420,Hold earbud case,Grasp cleaning bottle,200.0,200.0,0.0,139,False
34f07a04-eb37-45a3-95ec-189ed5f4a85b__ep5:future:00021:h5,test,34f07a04-eb37-45a3-95ec-189ed5f4a85b__ep5,34f07a04-eb37-45a3-95ec-189ed5f4a85b__ep5:qa:236,4720,Open earbud case,Grasp cleaning bottle,80.0,200.0,120.0,274,False
34f07a04-eb37-45a3-95ec-189ed5f4a85b__ep5:future:00022:h5,test,34f07a04-eb37-45a3-95ec-189ed5f4a85b__ep5,34f07a04-eb37-45a3-95ec-189ed5f4a85b__ep5:qa:237,4740,Open earbud case,Grasp cleaning bottle,60.0,200.0,140.0,334,False
34f07a04-eb37-45a3-95ec-189ed5f4a85b__ep5:future:00023:h5,test,34f07a04-eb37-45a3-95ec-189ed5f4a85b__ep5,34f07a04-eb37-45a3-95ec-189ed5f4a85b__ep5:qa:240,4800,Pick up smartphone,Grasp cleaning bottle,80.0,200.0,120.0,202,False
34f07a04-eb37-45a3-95ec-189ed5f4a85b__ep5:future:00024:h5,test,34f07a04-eb37-45a3-95ec-189ed5f4a85b__ep5,34f07a04-eb37-45a3-95ec-189ed5f4a85b__ep5:qa:241,4820,Pick up smartphone,Grasp cleaning bottle,60.0,200.0,140.0,239,False
34f07a04-eb37-45a3-95ec-189ed5f4a85b__ep5:future:00025:h5,test,34f07a04-eb37-45a3-95ec-189ed5f4a85b__ep5,34f07a04-eb37-45a3-95ec-189ed5f4a85b__ep5:qa:244,4880,Interact with smartphone,Grasp cleaning bottle,200.0,200.0,0.0,339,False
34f07a04-eb37-45a3-95ec-189ed5f4a85b__ep5:future:00026:h5,test,34f07a04-eb37-45a3-95ec-189ed5f4a85b__ep5,34f07a04-eb37-45a3-95ec-189ed5f4a85b__ep5:qa:245,4900,Interact with smartphone,Grasp cleaning bottle,200.0,200.0,0.0,355,False
4b02bb38-384a-438a-b5f9-6131d85c34b0__ep1:future:00000:h5,test,4b02bb38-384a-438a-b5f9-6131d85c34b0__ep1,4b02bb38-384a-438a-b5f9-6131d85c34b0__ep1:qa:16,320,Sort craft items,Walking towards door,80.0,80.0,0.0,138,False
4b02bb38-384a-438a-b5f9-6131d85c34b0__ep1:future:00001:h5,test,4b02bb38-384a-438a-b5f9-6131d85c34b0__ep1,4b02bb38-384a-438a-b5f9-6131d85c34b0__ep1:qa:20,400,Move smartphone,Move smartphone,200.0,20.0,180.0,1,True
4b02bb38-384a-438a-b5f9-6131d85c34b0__ep1:future:00002:h5,test,4b02bb38-384a-438a-b5f9-6131d85c34b0__ep1,4b02bb38-384a-438a-b5f9-6131d85c34b0__ep1:qa:21,420,Move smartphone,Adjust item on shelf,200.0,20.0,180.0,15,False
4b02bb38-384a-438a-b5f9-6131d85c34b0__ep1:future:00003:h5,test,4b02bb38-384a-438a-b5f9-6131d85c34b0__ep1,4b02bb38-384a-438a-b5f9-6131d85c34b0__ep1:qa:22,440,Move smartphone,Grasp cleaning bottle,200.0,200.0,0.0,324,False
4b02bb38-384a-438a-b5f9-6131d85c34b0__ep1:future:00004:h5,test,4b02bb38-384a-438a-b5f9-6131d85c34b0__ep1,4b02bb38-384a-438a-b5f9-6131d85c34b0__ep1:qa:32,640,Place hand on table,Grasp cleaning bottle,200.0,40.0,160.0,376,False
4b02bb38-384a-438a-b5f9-6131d85c34b0__ep1:future:00005:h5,test,4b02bb38-384a-438a-b5f9-6131d85c34b0__ep1,4b02bb38-384a-438a-b5f9-6131d85c34b0__ep1:qa:33,660,Place hand on table,Grasp cleaning bottle,200.0,20.0,180.0,323,False
4b02bb38-384a-438a-b5f9-6131d85c34b0__ep1:future:00006:h5,test,4b02bb38-384a-438a-b5f9-6131d85c34b0__ep1,4b02bb38-384a-438a-b5f9-6131d85c34b0__ep1:qa:34,680,Place hand on table,Move smartphone,200.0,200.0,0.0,47,False
4b02bb38-384a-438a-b5f9-6131d85c34b0__ep1:future:00007:h5,test,4b02bb38-384a-438a-b5f9-6131d85c34b0__ep1,4b02bb38-384a-438a-b5f9-6131d85c34b0__ep1:qa:50,1000,Use smartphone,Grasp cleaning bottle,200.0,200.0,0.0,262,False
4b02bb38-384a-438a-b5f9-6131d85c34b0__ep1:future:00008:h5,test,4b02bb38-384a-438a-b5f9-6131d85c34b0__ep1,4b02bb38-384a-438a-b5f9-6131d85c34b0__ep1:qa:51,1020,Use smartphone,Grasp cleaning bottle,200.0,200.0,0.0,247,False
4b02bb38-384a-438a-b5f9-6131d85c34b0__ep1:future:00009:h5,test,4b02bb38-384a-438a-b5f9-6131d85c34b0__ep1,4b02bb38-384a-438a-b5f9-6131d85c34b0__ep1:qa:70,1400,Browse smartphone screen,Place hand on table,200.0,20.0,180.0,50,False
4b02bb38-384a-438a-b5f9-6131d85c34b0__ep1:future:00010:h5,test,4b02bb38-384a-438a-b5f9-6131d85c34b0__ep1,4b02bb38-384a-438a-b5f9-6131d85c34b0__ep1:qa:71,1420,Browse smartphone screen,Grasp cleaning bottle,200.0,200.0,0.0,176,False
4b02bb38-384a-438a-b5f9-6131d85c34b0__ep1:future:00011:h5,test,4b02bb38-384a-438a-b5f9-6131d85c34b0__ep1,4b02bb38-384a-438a-b5f9-6131d85c34b0__ep1:qa:72,1440,Browse smartphone screen,Grasp cleaning bottle,200.0,200.0,0.0,348,False
4b02bb38-384a-438a-b5f9-6131d85c34b0__ep1:future:00012:h5,test,4b02bb38-384a-438a-b5f9-6131d85c34b0__ep1,4b02bb38-384a-438a-b5f9-6131d85c34b0__ep1:qa:100,2000,Scroll smartphone screen,Grasp cleaning bottle,200.0,200.0,0.0,353,False
4b02bb38-384a-438a-b5f9-6131d85c34b0__ep1:future:00013:h5,test,4b02bb38-384a-438a-b5f9-6131d85c34b0__ep1,4b02bb38-384a-438a-b5f9-6131d85c34b0__ep1:qa:101,2020,Scroll smartphone screen,Grasp cleaning bottle,200.0,200.0,0.0,328,False
4b02bb38-384a-438a-b5f9-6131d85c34b0__ep1:future:00014:h5,test,4b02bb38-384a-438a-b5f9-6131d85c34b0__ep1,4b02bb38-384a-438a-b5f9-6131d85c34b0__ep1:qa:102,2040,Scroll smartphone screen,Grasp cleaning bottle,200.0,200.0,0.0,336,False
4b02bb38-384a-438a-b5f9-6131d85c34b0__ep1:future:00015:h5,test,4b02bb38-384a-438a-b5f9-6131d85c34b0__ep1,4b02bb38-384a-438a-b5f9-6131d85c34b0__ep1:qa:132,2640,Put down smartphone,Grasp cleaning bottle,200.0,200.0,0.0,377,False
4b02bb38-384a-438a-b5f9-6131d85c34b0__ep1:future:00016:h5,test,4b02bb38-384a-438a-b5f9-6131d85c34b0__ep1,4b02bb38-384a-438a-b5f9-6131d85c34b0__ep1:qa:133,2660,Put down smartphone,Grasp cleaning bottle,200.0,200.0,0.0,369,False
4b02bb38-384a-438a-b5f9-6131d85c34b0__ep1:future:00017:h5,test,4b02bb38-384a-438a-b5f9-6131d85c34b0__ep1,4b02bb38-384a-438a-b5f9-6131d85c34b0__ep1:qa:134,2680,Put down smartphone,Grasp cleaning bottle,200.0,200.0,0.0,343,False
4b02bb38-384a-438a-b5f9-6131d85c34b0__ep1:future:00018:h5,test,4b02bb38-384a-438a-b5f9-6131d85c34b0__ep1,4b02bb38-384a-438a-b5f9-6131d85c34b0__ep1:qa:184,3680,Place smartphone down,Grasp cleaning bottle,200.0,40.0,160.0,359,False
4b02bb38-384a-438a-b5f9-6131d85c34b0__ep1:future:00019:h5,test,4b02bb38-384a-438a-b5f9-6131d85c34b0__ep1,4b02bb38-384a-438a-b5f9-6131d85c34b0__ep1:qa:185,3700,Place smartphone down,Grasp cleaning bottle,200.0,20.0,180.0,342,False
4b02bb38-384a-438a-b5f9-6131d85c34b0__ep1:future:00020:h5,test,4b02bb38-384a-438a-b5f9-6131d85c34b0__ep1,4b02bb38-384a-438a-b5f9-6131d85c34b0__ep1:qa:186,3720,Place smartphone down,Place hand on table,200.0,200.0,0.0,259,False
4b02bb38-384a-438a-b5f9-6131d85c34b0__ep1:future:00021:h5,test,4b02bb38-384a-438a-b5f9-6131d85c34b0__ep1,4b02bb38-384a-438a-b5f9-6131d85c34b0__ep1:qa:200,4000,Hold smartphone,Sort small craft pieces,200.0,20.0,180.0,195,False
4b02bb38-384a-438a-b5f9-6131d85c34b0__ep1:future:00022:h5,test,4b02bb38-384a-438a-b5f9-6131d85c34b0__ep1,4b02bb38-384a-438a-b5f9-6131d85c34b0__ep1:qa:201,4020,Hold smartphone,Grasp cleaning bottle,200.0,200.0,0.0,187,False
4b02bb38-384a-438a-b5f9-6131d85c34b0__ep1:future:00023:h5,test,4b02bb38-384a-438a-b5f9-6131d85c34b0__ep1,4b02bb38-384a-438a-b5f9-6131d85c34b0__ep1:qa:202,4040,Hold smartphone,Grasp cleaning bottle,200.0,200.0,0.0,234,False
4b02bb38-384a-438a-b5f9-6131d85c34b0__ep1:future:00024:h5,test,4b02bb38-384a-438a-b5f9-6131d85c34b0__ep1,4b02bb38-384a-438a-b5f9-6131d85c34b0__ep1:qa:220,4400,Manipulate paper strip,Grasp cleaning bottle,200.0,200.0,0.0,206,False
4b02bb38-384a-438a-b5f9-6131d85c34b0__ep1:future:00025:h5,test,4b02bb38-384a-438a-b5f9-6131d85c34b0__ep1,4b02bb38-384a-438a-b5f9-6131d85c34b0__ep1:qa:221,4420,Manipulate paper strip,Grasp cleaning bottle,200.0,200.0,0.0,203,False
4b02bb38-384a-438a-b5f9-6131d85c34b0__ep1:future:00026:h5,test,4b02bb38-384a-438a-b5f9-6131d85c34b0__ep1,4b02bb38-384a-438a-b5f9-6131d85c34b0__ep1:qa:222,4440,Manipulate paper strip,Grasp cleaning bottle,200.0,200.0,0.0,231,False
5399ef86-4df9-49bc-809f-8f4f92f9e659__ep6:future:00000:h5,test,5399ef86-4df9-49bc-809f-8f4f92f9e659__ep6,5399ef86-4df9-49bc-809f-8f4f92f9e659__ep6:qa:10,200,Place piece into puzzle,Grasp cleaning bottle,200.0,200.0,0.0,11,False
5399ef86-4df9-49bc-809f-8f4f92f9e659__ep6:future:00001:h5,test,5399ef86-4df9-49bc-809f-8f4f92f9e659__ep6,5399ef86-4df9-49bc-809f-8f4f92f9e659__ep6:qa:20,400,Manipulate puzzle piece,Grasp cleaning bottle,200.0,200.0,0.0,4,True
5399ef86-4df9-49bc-809f-8f4f92f9e659__ep6:future:00002:h5,test,5399ef86-4df9-49bc-809f-8f4f92f9e659__ep6,5399ef86-4df9-49bc-809f-8f4f92f9e659__ep6:qa:21,420,Manipulate puzzle piece,Grasp cleaning bottle,200.0,200.0,0.0,2,True
5399ef86-4df9-49bc-809f-8f4f92f9e659__ep6:future:00003:h5,test,5399ef86-4df9-49bc-809f-8f4f92f9e659__ep6,5399ef86-4df9-49bc-809f-8f4f92f9e659__ep6:qa:22,440,Manipulate puzzle piece,Grasp cleaning bottle,200.0,200.0,0.0,3,True
5399ef86-4df9-49bc-809f-8f4f92f9e659__ep6:future:00004:h5,test,5399ef86-4df9-49bc-809f-8f4f92f9e659__ep6,5399ef86-4df9-49bc-809f-8f4f92f9e659__ep6:qa:50,1000,Manipulate puzzle pieces,Grasp cleaning bottle,200.0,200.0,0.0,22,False
5399ef86-4df9-49bc-809f-8f4f92f9e659__ep6:future:00005:h5,test,5399ef86-4df9-49bc-809f-8f4f92f9e659__ep6,5399ef86-4df9-49bc-809f-8f4f92f9e659__ep6:qa:51,1020,Manipulate puzzle pieces,Grasp cleaning bottle,200.0,200.0,0.0,21,False
5399ef86-4df9-49bc-809f-8f4f92f9e659__ep6:future:00006:h5,test,5399ef86-4df9-49bc-809f-8f4f92f9e659__ep6,5399ef86-4df9-49bc-809f-8f4f92f9e659__ep6:qa:52,1040,Manipulate puzzle pieces,Grasp cleaning bottle,200.0,200.0,0.0,29,False
5399ef86-4df9-49bc-809f-8f4f92f9e659__ep6:future:00007:h5,test,5399ef86-4df9-49bc-809f-8f4f92f9e659__ep6,5399ef86-4df9-49bc-809f-8f4f92f9e659__ep6:qa:90,1800,Place puzzle piece,Grasp cleaning bottle,200.0,200.0,0.0,20,False
5399ef86-4df9-49bc-809f-8f4f92f9e659__ep6:future:00008:h5,test,5399ef86-4df9-49bc-809f-8f4f92f9e659__ep6,5399ef86-4df9-49bc-809f-8f4f92f9e659__ep6:qa:91,1820,Place puzzle piece,Grasp cleaning bottle,180.0,200.0,20.0,27,False
5399ef86-4df9-49bc-809f-8f4f92f9e659__ep6:future:00009:h5,test,5399ef86-4df9-49bc-809f-8f4f92f9e659__ep6,5399ef86-4df9-49bc-809f-8f4f92f9e659__ep6:qa:92,1840,Place puzzle piece,Grasp cleaning bottle,160.0,200.0,40.0,35,False
5399ef86-4df9-49bc-809f-8f4f92f9e659__ep6:future:00010:h5,test,5399ef86-4df9-49bc-809f-8f4f92f9e659__ep6,5399ef86-4df9-49bc-809f-8f4f92f9e659__ep6:qa:100,2000,Observe puzzle progress,Grasp cleaning bottle,200.0,200.0,0.0,6,False
5399ef86-4df9-49bc-809f-8f4f92f9e659__ep6:future:00011:h5,test,5399ef86-4df9-49bc-809f-8f4f92f9e659__ep6,5399ef86-4df9-49bc-809f-8f4f92f9e659__ep6:qa:101,2020,Observe puzzle progress,Grasp cleaning bottle,200.0,200.0,0.0,6,False
5399ef86-4df9-49bc-809f-8f4f92f9e659__ep6:future:00012:h5,test,5399ef86-4df9-49bc-809f-8f4f92f9e659__ep6,5399ef86-4df9-49bc-809f-8f4f92f9e659__ep6:qa:102,2040,Observe puzzle progress,Grasp cleaning bottle,200.0,200.0,0.0,10,False
5399ef86-4df9-49bc-809f-8f4f92f9e659__ep6:future:00013:h5,test,5399ef86-4df9-49bc-809f-8f4f92f9e659__ep6,5399ef86-4df9-49bc-809f-8f4f92f9e659__ep6:qa:120,2400,Search for puzzle piece,Grasp cleaning bottle,200.0,200.0,0.0,19,False
5399ef86-4df9-49bc-809f-8f4f92f9e659__ep6:future:00014:h5,test,5399ef86-4df9-49bc-809f-8f4f92f9e659__ep6,5399ef86-4df9-49bc-809f-8f4f92f9e659__ep6:qa:121,2420,Search for puzzle piece,Grasp cleaning bottle,200.0,200.0,0.0,15,False
5399ef86-4df9-49bc-809f-8f4f92f9e659__ep6:future:00015:h5,test,5399ef86-4df9-49bc-809f-8f4f92f9e659__ep6,5399ef86-4df9-49bc-809f-8f4f92f9e659__ep6:qa:140,2800,Release puzzle piece,Grasp cleaning bottle,80.0,200.0,120.0,14,False
5399ef86-4df9-49bc-809f-8f4f92f9e659__ep6:future:00016:h5,test,5399ef86-4df9-49bc-809f-8f4f92f9e659__ep6,5399ef86-4df9-49bc-809f-8f4f92f9e659__ep6:qa:141,2820,Release puzzle piece,Grasp cleaning bottle,60.0,200.0,140.0,9,False
5399ef86-4df9-49bc-809f-8f4f92f9e659__ep6:future:00017:h5,test,5399ef86-4df9-49bc-809f-8f4f92f9e659__ep6,5399ef86-4df9-49bc-809f-8f4f92f9e659__ep6:qa:144,2880,Adjust puzzle piece,Grasp cleaning bottle,120.0,200.0,80.0,26,False
5399ef86-4df9-49bc-809f-8f4f92f9e659__ep6:future:00018:h5,test,5399ef86-4df9-49bc-809f-8f4f92f9e659__ep6,5399ef86-4df9-49bc-809f-8f4f92f9e659__ep6:qa:145,2900,Adjust puzzle piece,Grasp cleaning bottle,100.0,200.0,100.0,25,False
5399ef86-4df9-49bc-809f-8f4f92f9e659__ep6:future:00019:h5,test,5399ef86-4df9-49bc-809f-8f4f92f9e659__ep6,5399ef86-4df9-49bc-809f-8f4f92f9e659__ep6:qa:146,2920,Adjust puzzle piece,Grasp cleaning bottle,80.0,200.0,120.0,23,False
5399ef86-4df9-49bc-809f-8f4f92f9e659__ep6:future:00020:h5,test,5399ef86-4df9-49bc-809f-8f4f92f9e659__ep6,5399ef86-4df9-49bc-809f-8f4f92f9e659__ep6:qa:150,3000,Reach for puzzle piece,Grasp cleaning bottle,200.0,200.0,0.0,18,False
5399ef86-4df9-49bc-809f-8f4f92f9e659__ep6:future:00021:h5,test,5399ef86-4df9-49bc-809f-8f4f92f9e659__ep6,5399ef86-4df9-49bc-809f-8f4f92f9e659__ep6:qa:151,3020,Reach for puzzle piece,Grasp cleaning bottle,180.0,200.0,20.0,12,False
5399ef86-4df9-49bc-809f-8f4f92f9e659__ep6:future:00022:h5,test,5399ef86-4df9-49bc-809f-8f4f92f9e659__ep6,5399ef86-4df9-49bc-809f-8f4f92f9e659__ep6:qa:160,3200,Attempt to fit puzzle piece,Grasp cleaning bottle,200.0,200.0,0.0,17,False
5399ef86-4df9-49bc-809f-8f4f92f9e659__ep6:future:00023:h5,test,5399ef86-4df9-49bc-809f-8f4f92f9e659__ep6,5399ef86-4df9-49bc-809f-8f4f92f9e659__ep6:qa:161,3220,Attempt to fit puzzle piece,Grasp cleaning bottle,200.0,200.0,0.0,13,False
5399ef86-4df9-49bc-809f-8f4f92f9e659__ep6:future:00024:h5,test,5399ef86-4df9-49bc-809f-8f4f92f9e659__ep6,5399ef86-4df9-49bc-809f-8f4f92f9e659__ep6:qa:162,3240,Attempt to fit puzzle piece,Grasp cleaning bottle,200.0,200.0,0.0,8,False
5399ef86-4df9-49bc-809f-8f4f92f9e659__ep6:future:00025:h5,test,5399ef86-4df9-49bc-809f-8f4f92f9e659__ep6,5399ef86-4df9-49bc-809f-8f4f92f9e659__ep6:qa:190,3800,Sort puzzle pieces,Grasp cleaning bottle,200.0,200.0,0.0,16,False
5399ef86-4df9-49bc-809f-8f4f92f9e659__ep6:future:00026:h5,test,5399ef86-4df9-49bc-809f-8f4f92f9e659__ep6,5399ef86-4df9-49bc-809f-8f4f92f9e659__ep6:qa:191,3820,Sort puzzle pieces,Grasp cleaning bottle,200.0,200.0,0.0,28,False
877779cd-25f3-4293-a3c4-39067dd9558c__ep4:future:00000:h5,test,877779cd-25f3-4293-a3c4-39067dd9558c__ep4,877779cd-25f3-4293-a3c4-39067dd9558c__ep4:qa:22,440,Arrange buttons,Grasp cleaning bottle,200.0,200.0,0.0,108,False
877779cd-25f3-4293-a3c4-39067dd9558c__ep4:future:00001:h5,test,877779cd-25f3-4293-a3c4-39067dd9558c__ep4,877779cd-25f3-4293-a3c4-39067dd9558c__ep4:qa:23,460,Arrange buttons,Grasp cleaning bottle,200.0,200.0,0.0,362,False
877779cd-25f3-4293-a3c4-39067dd9558c__ep4:future:00002:h5,test,877779cd-25f3-4293-a3c4-39067dd9558c__ep4,877779cd-25f3-4293-a3c4-39067dd9558c__ep4:qa:50,1000,Arrange buttons in a line,Grasp cleaning bottle,200.0,200.0,0.0,235,False
877779cd-25f3-4293-a3c4-39067dd9558c__ep4:future:00003:h5,test,877779cd-25f3-4293-a3c4-39067dd9558c__ep4,877779cd-25f3-4293-a3c4-39067dd9558c__ep4:qa:51,1020,Arrange buttons in a line,Grasp cleaning bottle,200.0,200.0,0.0,260,False
877779cd-25f3-4293-a3c4-39067dd9558c__ep4:future:00004:h5,test,877779cd-25f3-4293-a3c4-39067dd9558c__ep4,877779cd-25f3-4293-a3c4-39067dd9558c__ep4:qa:52,1040,Arrange buttons in a line,Grasp cleaning bottle,200.0,200.0,0.0,227,False
877779cd-25f3-4293-a3c4-39067dd9558c__ep4:future:00005:h5,test,877779cd-25f3-4293-a3c4-39067dd9558c__ep4,877779cd-25f3-4293-a3c4-39067dd9558c__ep4:qa:53,1060,Arrange buttons in a line,Grasp cleaning bottle,200.0,200.0,0.0,195,False
877779cd-25f3-4293-a3c4-39067dd9558c__ep4:future:00006:h5,test,877779cd-25f3-4293-a3c4-39067dd9558c__ep4,877779cd-25f3-4293-a3c4-39067dd9558c__ep4:qa:70,1400,Sort and arrange buttons,Grasp cleaning bottle,200.0,200.0,0.0,288,False
877779cd-25f3-4293-a3c4-39067dd9558c__ep4:future:00007:h5,test,877779cd-25f3-4293-a3c4-39067dd9558c__ep4,877779cd-25f3-4293-a3c4-39067dd9558c__ep4:qa:71,1420,Sort and arrange buttons,Grasp cleaning bottle,200.0,200.0,0.0,218,False
877779cd-25f3-4293-a3c4-39067dd9558c__ep4:future:00008:h5,test,877779cd-25f3-4293-a3c4-39067dd9558c__ep4,877779cd-25f3-4293-a3c4-39067dd9558c__ep4:qa:72,1440,Sort and arrange buttons,Grasp cleaning bottle,200.0,200.0,0.0,229,False
877779cd-25f3-4293-a3c4-39067dd9558c__ep4:future:00009:h5,test,877779cd-25f3-4293-a3c4-39067dd9558c__ep4,877779cd-25f3-4293-a3c4-39067dd9558c__ep4:qa:100,2000,Pick up button,Grasp cleaning bottle,160.0,200.0,40.0,2,True
877779cd-25f3-4293-a3c4-39067dd9558c__ep4:future:00010:h5,test,877779cd-25f3-4293-a3c4-39067dd9558c__ep4,877779cd-25f3-4293-a3c4-39067dd9558c__ep4:qa:101,2020,Pick up button,Grasp cleaning bottle,140.0,200.0,60.0,183,False
877779cd-25f3-4293-a3c4-39067dd9558c__ep4:future:00011:h5,test,877779cd-25f3-4293-a3c4-39067dd9558c__ep4,877779cd-25f3-4293-a3c4-39067dd9558c__ep4:qa:102,2040,Pick up button,Grasp cleaning bottle,120.0,200.0,80.0,128,False
877779cd-25f3-4293-a3c4-39067dd9558c__ep4:future:00012:h5,test,877779cd-25f3-4293-a3c4-39067dd9558c__ep4,877779cd-25f3-4293-a3c4-39067dd9558c__ep4:qa:108,2160,Place button,Grasp cleaning bottle,200.0,200.0,0.0,214,False
877779cd-25f3-4293-a3c4-39067dd9558c__ep4:future:00013:h5,test,877779cd-25f3-4293-a3c4-39067dd9558c__ep4,877779cd-25f3-4293-a3c4-39067dd9558c__ep4:qa:109,2180,Place button,Grasp cleaning bottle,200.0,200.0,0.0,161,False
877779cd-25f3-4293-a3c4-39067dd9558c__ep4:future:00014:h5,test,877779cd-25f3-4293-a3c4-39067dd9558c__ep4,877779cd-25f3-4293-a3c4-39067dd9558c__ep4:qa:110,2200,Place button,Grasp cleaning bottle,200.0,200.0,0.0,279,False
877779cd-25f3-4293-a3c4-39067dd9558c__ep4:future:00015:h5,test,877779cd-25f3-4293-a3c4-39067dd9558c__ep4,877779cd-25f3-4293-a3c4-39067dd9558c__ep4:qa:120,2400,Sort button,Grasp cleaning bottle,200.0,200.0,0.0,268,False
877779cd-25f3-4293-a3c4-39067dd9558c__ep4:future:00016:h5,test,877779cd-25f3-4293-a3c4-39067dd9558c__ep4,877779cd-25f3-4293-a3c4-39067dd9558c__ep4:qa:121,2420,Sort button,Grasp cleaning bottle,200.0,200.0,0.0,300,False
877779cd-25f3-4293-a3c4-39067dd9558c__ep4:future:00017:h5,test,877779cd-25f3-4293-a3c4-39067dd9558c__ep4,877779cd-25f3-4293-a3c4-39067dd9558c__ep4:qa:122,2440,Sort button,Grasp cleaning bottle,200.0,200.0,0.0,238,False
877779cd-25f3-4293-a3c4-39067dd9558c__ep4:future:00018:h5,test,877779cd-25f3-4293-a3c4-39067dd9558c__ep4,877779cd-25f3-4293-a3c4-39067dd9558c__ep4:qa:150,3000,Sort and adjust button line,Grasp cleaning bottle,200.0,200.0,0.0,68,False
877779cd-25f3-4293-a3c4-39067dd9558c__ep4:future:00019:h5,test,877779cd-25f3-4293-a3c4-39067dd9558c__ep4,877779cd-25f3-4293-a3c4-39067dd9558c__ep4:qa:151,3020,Sort and adjust button line,Grasp cleaning bottle,200.0,200.0,0.0,105,False
877779cd-25f3-4293-a3c4-39067dd9558c__ep4:future:00020:h5,test,877779cd-25f3-4293-a3c4-39067dd9558c__ep4,877779cd-25f3-4293-a3c4-39067dd9558c__ep4:qa:152,3040,Sort and adjust button line,Grasp cleaning bottle,200.0,200.0,0.0,275,False
877779cd-25f3-4293-a3c4-39067dd9558c__ep4:future:00021:h5,test,877779cd-25f3-4293-a3c4-39067dd9558c__ep4,877779cd-25f3-4293-a3c4-39067dd9558c__ep4:qa:170,3400,Use smartphone,Grasp cleaning bottle,200.0,200.0,0.0,59,False
877779cd-25f3-4293-a3c4-39067dd9558c__ep4:future:00022:h5,test,877779cd-25f3-4293-a3c4-39067dd9558c__ep4,877779cd-25f3-4293-a3c4-39067dd9558c__ep4:qa:171,3420,Use smartphone,Grasp cleaning bottle,200.0,200.0,0.0,47,False
877779cd-25f3-4293-a3c4-39067dd9558c__ep4:future:00023:h5,test,877779cd-25f3-4293-a3c4-39067dd9558c__ep4,877779cd-25f3-4293-a3c4-39067dd9558c__ep4:qa:172,3440,Use smartphone,Grasp cleaning bottle,200.0,200.0,0.0,44,False
877779cd-25f3-4293-a3c4-39067dd9558c__ep4:future:00024:h5,test,877779cd-25f3-4293-a3c4-39067dd9558c__ep4,877779cd-25f3-4293-a3c4-39067dd9558c__ep4:qa:200,4000,Sort and place buttons,Grasp cleaning bottle,200.0,200.0,0.0,289,False
877779cd-25f3-4293-a3c4-39067dd9558c__ep4:future:00025:h5,test,877779cd-25f3-4293-a3c4-39067dd9558c__ep4,877779cd-25f3-4293-a3c4-39067dd9558c__ep4:qa:201,4020,Sort and place buttons,Grasp cleaning bottle,200.0,200.0,0.0,270,False
877779cd-25f3-4293-a3c4-39067dd9558c__ep4:future:00026:h5,test,877779cd-25f3-4293-a3c4-39067dd9558c__ep4,877779cd-25f3-4293-a3c4-39067dd9558c__ep4:qa:202,4040,Sort and place buttons,Grasp cleaning bottle,200.0,200.0,0.0,294,False
8a8e1b3c-607e-4ada-b3fd-fa639727e92c__ep1:future:00000:h5,test,8a8e1b3c-607e-4ada-b3fd-fa639727e92c__ep1,8a8e1b3c-607e-4ada-b3fd-fa639727e92c__ep1:qa:70,1400,Hold container lid,Grasp cleaning bottle,200.0,200.0,0.0,33,False
8a8e1b3c-607e-4ada-b3fd-fa639727e92c__ep1:future:00001:h5,test,8a8e1b3c-607e-4ada-b3fd-fa639727e92c__ep1,8a8e1b3c-607e-4ada-b3fd-fa639727e92c__ep1:qa:71,1420,Hold container lid,Grasp cleaning bottle,200.0,200.0,0.0,36,False
8a8e1b3c-607e-4ada-b3fd-fa639727e92c__ep1:future:00002:h5,test,8a8e1b3c-607e-4ada-b3fd-fa639727e92c__ep1,8a8e1b3c-607e-4ada-b3fd-fa639727e92c__ep1:qa:90,1800,Move towards the stove,Grasp cleaning bottle,200.0,200.0,0.0,184,False
8a8e1b3c-607e-4ada-b3fd-fa639727e92c__ep1:future:00003:h5,test,8a8e1b3c-607e-4ada-b3fd-fa639727e92c__ep1,8a8e1b3c-607e-4ada-b3fd-fa639727e92c__ep1:qa:100,2000,Open stove pot lid,Grasp cleaning bottle,200.0,200.0,0.0,173,False
8a8e1b3c-607e-4ada-b3fd-fa639727e92c__ep1:future:00004:h5,test,8a8e1b3c-607e-4ada-b3fd-fa639727e92c__ep1,8a8e1b3c-607e-4ada-b3fd-fa639727e92c__ep1:qa:120,2400,Walking towards door,Grasp cleaning bottle,120.0,200.0,80.0,372,False
8a8e1b3c-607e-4ada-b3fd-fa639727e92c__ep1:future:00005:h5,test,8a8e1b3c-607e-4ada-b3fd-fa639727e92c__ep1,8a8e1b3c-607e-4ada-b3fd-fa639727e92c__ep1:qa:126,2520,Closing the door,Grasp cleaning bottle,160.0,200.0,40.0,110,False
8a8e1b3c-607e-4ada-b3fd-fa639727e92c__ep1:future:00006:h5,test,8a8e1b3c-607e-4ada-b3fd-fa639727e92c__ep1,8a8e1b3c-607e-4ada-b3fd-fa639727e92c__ep1:qa:127,2540,Closing the door,Grasp cleaning bottle,140.0,200.0,60.0,356,False
8a8e1b3c-607e-4ada-b3fd-fa639727e92c__ep1:future:00007:h5,test,8a8e1b3c-607e-4ada-b3fd-fa639727e92c__ep1,8a8e1b3c-607e-4ada-b3fd-fa639727e92c__ep1:qa:134,2680,Picking up bottle,Grasp cleaning bottle,120.0,200.0,80.0,161,False
8a8e1b3c-607e-4ada-b3fd-fa639727e92c__ep1:future:00008:h5,test,8a8e1b3c-607e-4ada-b3fd-fa639727e92c__ep1,8a8e1b3c-607e-4ada-b3fd-fa639727e92c__ep1:qa:140,2800,Wipe kitchen counter,Grasp cleaning bottle,200.0,200.0,0.0,292,False
8a8e1b3c-607e-4ada-b3fd-fa639727e92c__ep1:future:00009:h5,test,8a8e1b3c-607e-4ada-b3fd-fa639727e92c__ep1,8a8e1b3c-607e-4ada-b3fd-fa639727e92c__ep1:qa:150,3000,Rinse cloth in sink,Walking towards door,120.0,120.0,0.0,31,False
8a8e1b3c-607e-4ada-b3fd-fa639727e92c__ep1:future:00010:h5,test,8a8e1b3c-607e-4ada-b3fd-fa639727e92c__ep1,8a8e1b3c-607e-4ada-b3fd-fa639727e92c__ep1:qa:156,3120,Move towards kitchen area,Grasp cleaning bottle,200.0,200.0,0.0,185,False
8a8e1b3c-607e-4ada-b3fd-fa639727e92c__ep1:future:00011:h5,test,8a8e1b3c-607e-4ada-b3fd-fa639727e92c__ep1,8a8e1b3c-607e-4ada-b3fd-fa639727e92c__ep1:qa:166,3320,Place cloth on floor,Grasp cleaning bottle,80.0,200.0,120.0,19,False
8a8e1b3c-607e-4ada-b3fd-fa639727e92c__ep1:future:00012:h5,test,8a8e1b3c-607e-4ada-b3fd-fa639727e92c__ep1,8a8e1b3c-607e-4ada-b3fd-fa639727e92c__ep1:qa:170,3400,Reach for cleaning supplies,Grasp cleaning bottle,200.0,200.0,0.0,34,False
8a8e1b3c-607e-4ada-b3fd-fa639727e92c__ep1:future:00013:h5,test,8a8e1b3c-607e-4ada-b3fd-fa639727e92c__ep1,8a8e1b3c-607e-4ada-b3fd-fa639727e92c__ep1:qa:184,3680,Grasp cleaning bottle,Grasp cleaning bottle,160.0,200.0,40.0,1,True
8a8e1b3c-607e-4ada-b3fd-fa639727e92c__ep1:future:00014:h5,test,8a8e1b3c-607e-4ada-b3fd-fa639727e92c__ep1,8a8e1b3c-607e-4ada-b3fd-fa639727e92c__ep1:qa:185,3700,Grasp cleaning bottle,Grasp cleaning bottle,140.0,200.0,60.0,91,False
8a8e1b3c-607e-4ada-b3fd-fa639727e92c__ep1:future:00015:h5,test,8a8e1b3c-607e-4ada-b3fd-fa639727e92c__ep1,8a8e1b3c-607e-4ada-b3fd-fa639727e92c__ep1:qa:192,3840,Remove cleaning bottle,Grasp cleaning bottle,160.0,200.0,40.0,6,False
8a8e1b3c-607e-4ada-b3fd-fa639727e92c__ep1:future:00016:h5,test,8a8e1b3c-607e-4ada-b3fd-fa639727e92c__ep1,8a8e1b3c-607e-4ada-b3fd-fa639727e92c__ep1:qa:200,4000,Washing hands in sink,Grasp cleaning bottle,80.0,200.0,120.0,318,False
8a8e1b3c-607e-4ada-b3fd-fa639727e92c__ep1:future:00017:h5,test,8a8e1b3c-607e-4ada-b3fd-fa639727e92c__ep1,8a8e1b3c-607e-4ada-b3fd-fa639727e92c__ep1:qa:204,4080,Grasping cleaning cloth,Grasp cleaning bottle,160.0,200.0,40.0,275,False
8a8e1b3c-607e-4ada-b3fd-fa639727e92c__ep1:future:00018:h5,test,8a8e1b3c-607e-4ada-b3fd-fa639727e92c__ep1,8a8e1b3c-607e-4ada-b3fd-fa639727e92c__ep1:qa:205,4100,Grasping cleaning cloth,Grasp cleaning bottle,140.0,200.0,60.0,332,False
8a8e1b3c-607e-4ada-b3fd-fa639727e92c__ep1:future:00019:h5,test,8a8e1b3c-607e-4ada-b3fd-fa639727e92c__ep1,8a8e1b3c-607e-4ada-b3fd-fa639727e92c__ep1:qa:212,4240,Wiping countertop,Grasp cleaning bottle,160.0,200.0,40.0,333,False
8a8e1b3c-607e-4ada-b3fd-fa639727e92c__ep1:future:00020:h5,test,8a8e1b3c-607e-4ada-b3fd-fa639727e92c__ep1,8a8e1b3c-607e-4ada-b3fd-fa639727e92c__ep1:qa:220,4400,Lift pot lid,Grasp cleaning bottle,80.0,200.0,120.0,192,False
8a8e1b3c-607e-4ada-b3fd-fa639727e92c__ep1:future:00021:h5,test,8a8e1b3c-607e-4ada-b3fd-fa639727e92c__ep1,8a8e1b3c-607e-4ada-b3fd-fa639727e92c__ep1:qa:224,4480,Stir contents,Grasp cleaning bottle,160.0,200.0,40.0,351,False
8a8e1b3c-607e-4ada-b3fd-fa639727e92c__ep1:future:00022:h5,test,8a8e1b3c-607e-4ada-b3fd-fa639727e92c__ep1,8a8e1b3c-607e-4ada-b3fd-fa639727e92c__ep1:qa:232,4640,Place lid back,Grasp cleaning bottle,80.0,200.0,120.0,266,False
8a8e1b3c-607e-4ada-b3fd-fa639727e92c__ep1:future:00023:h5,test,8a8e1b3c-607e-4ada-b3fd-fa639727e92c__ep1,8a8e1b3c-607e-4ada-b3fd-fa639727e92c__ep1:qa:236,4720,Adjust pot position,Grasp cleaning bottle,80.0,200.0,120.0,298,False
8a8e1b3c-607e-4ada-b3fd-fa639727e92c__ep1:future:00024:h5,test,8a8e1b3c-607e-4ada-b3fd-fa639727e92c__ep1,8a8e1b3c-607e-4ada-b3fd-fa639727e92c__ep1:qa:237,4740,Adjust pot position,Grasp cleaning bottle,60.0,200.0,140.0,337,False
8a8e1b3c-607e-4ada-b3fd-fa639727e92c__ep1:future:00025:h5,test,8a8e1b3c-607e-4ada-b3fd-fa639727e92c__ep1,8a8e1b3c-607e-4ada-b3fd-fa639727e92c__ep1:qa:240,4800,Move pot,Grasp cleaning bottle,80.0,200.0,120.0,251,False
8a8e1b3c-607e-4ada-b3fd-fa639727e92c__ep1:future:00026:h5,test,8a8e1b3c-607e-4ada-b3fd-fa639727e92c__ep1,8a8e1b3c-607e-4ada-b3fd-fa639727e92c__ep1:qa:244,4880,Place towel,Grasp cleaning bottle,200.0,200.0,0.0,368,False
9c553886-83c5-4dc4-be5c-dcb269b3a771__ep2:future:00000:h5,test,9c553886-83c5-4dc4-be5c-dcb269b3a771__ep2,9c553886-83c5-4dc4-be5c-dcb269b3a771__ep2:qa:30,600,Pick up new cardboard piece,Grasp cleaning bottle,200.0,200.0,0.0,78,False
9c553886-83c5-4dc4-be5c-dcb269b3a771__ep2:future:00001:h5,test,9c553886-83c5-4dc4-be5c-dcb269b3a771__ep2,9c553886-83c5-4dc4-be5c-dcb269b3a771__ep2:qa:31,620,Pick up new cardboard piece,Grasp cleaning bottle,200.0,200.0,0.0,79,False
9c553886-83c5-4dc4-be5c-dcb269b3a771__ep2:future:00002:h5,test,9c553886-83c5-4dc4-be5c-dcb269b3a771__ep2,9c553886-83c5-4dc4-be5c-dcb269b3a771__ep2:qa:70,1400,Hold cardboard piece,Grasp cleaning bottle,200.0,200.0,0.0,191,False
9c553886-83c5-4dc4-be5c-dcb269b3a771__ep2:future:00003:h5,test,9c553886-83c5-4dc4-be5c-dcb269b3a771__ep2,9c553886-83c5-4dc4-be5c-dcb269b3a771__ep2:qa:71,1420,Hold cardboard piece,Grasp cleaning bottle,200.0,200.0,0.0,169,False
9c553886-83c5-4dc4-be5c-dcb269b3a771__ep2:future:00004:h5,test,9c553886-83c5-4dc4-be5c-dcb269b3a771__ep2,9c553886-83c5-4dc4-be5c-dcb269b3a771__ep2:qa:72,1440,Hold cardboard piece,Grasp cleaning bottle,200.0,200.0,0.0,320,False
9c553886-83c5-4dc4-be5c-dcb269b3a771__ep2:future:00005:h5,test,9c553886-83c5-4dc4-be5c-dcb269b3a771__ep2,9c553886-83c5-4dc4-be5c-dcb269b3a771__ep2:qa:90,1800,Organize cardboard pieces,Grasp cleaning bottle,200.0,200.0,0.0,305,False
9c553886-83c5-4dc4-be5c-dcb269b3a771__ep2:future:00006:h5,test,9c553886-83c5-4dc4-be5c-dcb269b3a771__ep2,9c553886-83c5-4dc4-be5c-dcb269b3a771__ep2:qa:91,1820,Organize cardboard pieces,Grasp cleaning bottle,200.0,200.0,0.0,155,False
9c553886-83c5-4dc4-be5c-dcb269b3a771__ep2:future:00007:h5,test,9c553886-83c5-4dc4-be5c-dcb269b3a771__ep2,9c553886-83c5-4dc4-be5c-dcb269b3a771__ep2:qa:110,2200,Cut cardboard piece,Grasp cleaning bottle,200.0,200.0,0.0,164,False
9c553886-83c5-4dc4-be5c-dcb269b3a771__ep2:future:00008:h5,test,9c553886-83c5-4dc4-be5c-dcb269b3a771__ep2,9c553886-83c5-4dc4-be5c-dcb269b3a771__ep2:qa:111,2220,Cut cardboard piece,Grasp cleaning bottle,200.0,200.0,0.0,283,False
9c553886-83c5-4dc4-be5c-dcb269b3a771__ep2:future:00009:h5,test,9c553886-83c5-4dc4-be5c-dcb269b3a771__ep2,9c553886-83c5-4dc4-be5c-dcb269b3a771__ep2:qa:112,2240,Cut cardboard piece,Grasp cleaning bottle,200.0,200.0,0.0,306,False
9c553886-83c5-4dc4-be5c-dcb269b3a771__ep2:future:00010:h5,test,9c553886-83c5-4dc4-be5c-dcb269b3a771__ep2,9c553886-83c5-4dc4-be5c-dcb269b3a771__ep2:qa:170,3400,Marking cardboard piece,Grasp cleaning bottle,200.0,200.0,0.0,149,False
9c553886-83c5-4dc4-be5c-dcb269b3a771__ep2:future:00011:h5,test,9c553886-83c5-4dc4-be5c-dcb269b3a771__ep2,9c553886-83c5-4dc4-be5c-dcb269b3a771__ep2:qa:171,3420,Marking cardboard piece,Grasp cleaning bottle,200.0,200.0,0.0,122,False
9c553886-83c5-4dc4-be5c-dcb269b3a771__ep2:future:00012:h5,test,9c553886-83c5-4dc4-be5c-dcb269b3a771__ep2,9c553886-83c5-4dc4-be5c-dcb269b3a771__ep2:qa:172,3440,Marking cardboard piece,Grasp cleaning bottle,200.0,200.0,0.0,114,False
9c553886-83c5-4dc4-be5c-dcb269b3a771__ep2:future:00013:h5,test,9c553886-83c5-4dc4-be5c-dcb269b3a771__ep2,9c553886-83c5-4dc4-be5c-dcb269b3a771__ep2:qa:230,4600,Release cardboard piece and gesture,Grasp cleaning bottle,200.0,200.0,0.0,178,False
9c553886-83c5-4dc4-be5c-dcb269b3a771__ep2:future:00014:h5,test,9c553886-83c5-4dc4-be5c-dcb269b3a771__ep2,9c553886-83c5-4dc4-be5c-dcb269b3a771__ep2:qa:231,4620,Release cardboard piece and gesture,Grasp cleaning bottle,200.0,200.0,0.0,101,False
9c553886-83c5-4dc4-be5c-dcb269b3a771__ep2:future:00015:h5,test,9c553886-83c5-4dc4-be5c-dcb269b3a771__ep2,9c553886-83c5-4dc4-be5c-dcb269b3a771__ep2:qa:276,5520,Move marker and adjust hand,Grasp cleaning bottle,120.0,200.0,80.0,129,False
9c553886-83c5-4dc4-be5c-dcb269b3a771__ep2:future:00016:h5,test,9c553886-83c5-4dc4-be5c-dcb269b3a771__ep2,9c553886-83c5-4dc4-be5c-dcb269b3a771__ep2:qa:277,5540,Move marker and adjust hand,Grasp cleaning bottle,100.0,200.0,100.0,154,False
9c553886-83c5-4dc4-be5c-dcb269b3a771__ep2:future:00017:h5,test,9c553886-83c5-4dc4-be5c-dcb269b3a771__ep2,9c553886-83c5-4dc4-be5c-dcb269b3a771__ep2:qa:278,5560,Move marker and adjust hand,Grasp cleaning bottle,80.0,200.0,120.0,223,False
9c553886-83c5-4dc4-be5c-dcb269b3a771__ep2:future:00018:h5,test,9c553886-83c5-4dc4-be5c-dcb269b3a771__ep2,9c553886-83c5-4dc4-be5c-dcb269b3a771__ep2:qa:282,5640,Identify next cardboard piece,Grasp cleaning bottle,160.0,200.0,40.0,71,False
9c553886-83c5-4dc4-be5c-dcb269b3a771__ep2:future:00019:h5,test,9c553886-83c5-4dc4-be5c-dcb269b3a771__ep2,9c553886-83c5-4dc4-be5c-dcb269b3a771__ep2:qa:283,5660,Identify next cardboard piece,Grasp cleaning bottle,140.0,200.0,60.0,144,False
9c553886-83c5-4dc4-be5c-dcb269b3a771__ep2:future:00020:h5,test,9c553886-83c5-4dc4-be5c-dcb269b3a771__ep2,9c553886-83c5-4dc4-be5c-dcb269b3a771__ep2:qa:284,5680,Identify next cardboard piece,Grasp cleaning bottle,120.0,200.0,80.0,91,False
9c553886-83c5-4dc4-be5c-dcb269b3a771__ep2:future:00021:h5,test,9c553886-83c5-4dc4-be5c-dcb269b3a771__ep2,9c553886-83c5-4dc4-be5c-dcb269b3a771__ep2:qa:290,5800,Observe and pause,Grasp cleaning bottle,40.0,200.0,160.0,308,False
9c553886-83c5-4dc4-be5c-dcb269b3a771__ep2:future:00022:h5,test,9c553886-83c5-4dc4-be5c-dcb269b3a771__ep2,9c553886-83c5-4dc4-be5c-dcb269b3a771__ep2:qa:291,5820,Observe and pause,Grasp cleaning bottle,20.0,200.0,180.0,120,False
9c553886-83c5-4dc4-be5c-dcb269b3a771__ep2:future:00023:h5,test,9c553886-83c5-4dc4-be5c-dcb269b3a771__ep2,9c553886-83c5-4dc4-be5c-dcb269b3a771__ep2:qa:292,5840,Gesturing,Grasp cleaning bottle,40.0,200.0,160.0,263,False
9c553886-83c5-4dc4-be5c-dcb269b3a771__ep2:future:00024:h5,test,9c553886-83c5-4dc4-be5c-dcb269b3a771__ep2,9c553886-83c5-4dc4-be5c-dcb269b3a771__ep2:qa:293,5860,Gesturing,Grasp cleaning bottle,20.0,200.0,180.0,115,False
9c553886-83c5-4dc4-be5c-dcb269b3a771__ep2:future:00025:h5,test,9c553886-83c5-4dc4-be5c-dcb269b3a771__ep2,9c553886-83c5-4dc4-be5c-dcb269b3a771__ep2:qa:294,5880,Resume observation,Grasp cleaning bottle,200.0,200.0,0.0,142,False
9c553886-83c5-4dc4-be5c-dcb269b3a771__ep2:future:00026:h5,test,9c553886-83c5-4dc4-be5c-dcb269b3a771__ep2,9c553886-83c5-4dc4-be5c-dcb269b3a771__ep2:qa:295,5900,Resume observation,Grasp cleaning bottle,200.0,200.0,0.0,137,False
a1012a57-385e-45a9-8a59-694a26fe92a5__ep1:future:00000:h5,test,a1012a57-385e-45a9-8a59-694a26fe92a5__ep1,a1012a57-385e-45a9-8a59-694a26fe92a5__ep1:qa:5,100,Move phone,Grasp cleaning bottle,140.0,200.0,60.0,125,False
a1012a57-385e-45a9-8a59-694a26fe92a5__ep1:future:00001:h5,test,a1012a57-385e-45a9-8a59-694a26fe92a5__ep1,a1012a57-385e-45a9-8a59-694a26fe92a5__ep1:qa:6,120,Move phone,Grasp cleaning bottle,120.0,200.0,80.0,129,False
a1012a57-385e-45a9-8a59-694a26fe92a5__ep1:future:00002:h5,test,a1012a57-385e-45a9-8a59-694a26fe92a5__ep1,a1012a57-385e-45a9-8a59-694a26fe92a5__ep1:qa:12,240,Pick up utility knife,Grasp cleaning bottle,120.0,200.0,80.0,30,False
a1012a57-385e-45a9-8a59-694a26fe92a5__ep1:future:00003:h5,test,a1012a57-385e-45a9-8a59-694a26fe92a5__ep1,a1012a57-385e-45a9-8a59-694a26fe92a5__ep1:qa:13,260,Pick up utility knife,Grasp cleaning bottle,100.0,200.0,100.0,9,False
a1012a57-385e-45a9-8a59-694a26fe92a5__ep1:future:00004:h5,test,a1012a57-385e-45a9-8a59-694a26fe92a5__ep1,a1012a57-385e-45a9-8a59-694a26fe92a5__ep1:qa:14,280,Pick up utility knife,Grasp cleaning bottle,80.0,200.0,120.0,147,False
a1012a57-385e-45a9-8a59-694a26fe92a5__ep1:future:00005:h5,test,a1012a57-385e-45a9-8a59-694a26fe92a5__ep1,a1012a57-385e-45a9-8a59-694a26fe92a5__ep1:qa:15,300,Pick up utility knife,Grasp cleaning bottle,60.0,200.0,140.0,192,False
a1012a57-385e-45a9-8a59-694a26fe92a5__ep1:future:00006:h5,test,a1012a57-385e-45a9-8a59-694a26fe92a5__ep1,a1012a57-385e-45a9-8a59-694a26fe92a5__ep1:qa:16,320,Pick up utility knife,Grasp cleaning bottle,40.0,200.0,160.0,239,False
a1012a57-385e-45a9-8a59-694a26fe92a5__ep1:future:00007:h5,test,a1012a57-385e-45a9-8a59-694a26fe92a5__ep1,a1012a57-385e-45a9-8a59-694a26fe92a5__ep1:qa:17,340,Pick up utility knife,Grasp cleaning bottle,20.0,200.0,180.0,127,False
a1012a57-385e-45a9-8a59-694a26fe92a5__ep1:future:00008:h5,test,a1012a57-385e-45a9-8a59-694a26fe92a5__ep1,a1012a57-385e-45a9-8a59-694a26fe92a5__ep1:qa:18,360,Start cutting,Grasp cleaning bottle,40.0,200.0,160.0,128,False
a1012a57-385e-45a9-8a59-694a26fe92a5__ep1:future:00009:h5,test,a1012a57-385e-45a9-8a59-694a26fe92a5__ep1,a1012a57-385e-45a9-8a59-694a26fe92a5__ep1:qa:19,380,Start cutting,Grasp cleaning bottle,20.0,200.0,180.0,114,False
a1012a57-385e-45a9-8a59-694a26fe92a5__ep1:future:00010:h5,test,a1012a57-385e-45a9-8a59-694a26fe92a5__ep1,a1012a57-385e-45a9-8a59-694a26fe92a5__ep1:qa:20,400,Cut cardboard,Grasp cleaning bottle,200.0,200.0,0.0,219,False
a1012a57-385e-45a9-8a59-694a26fe92a5__ep1:future:00011:h5,test,a1012a57-385e-45a9-8a59-694a26fe92a5__ep1,a1012a57-385e-45a9-8a59-694a26fe92a5__ep1:qa:21,420,Cut cardboard,Grasp cleaning bottle,200.0,200.0,0.0,196,False
a1012a57-385e-45a9-8a59-694a26fe92a5__ep1:future:00012:h5,test,a1012a57-385e-45a9-8a59-694a26fe92a5__ep1,a1012a57-385e-45a9-8a59-694a26fe92a5__ep1:qa:22,440,Cut cardboard,Grasp cleaning bottle,200.0,200.0,0.0,185,False
a1012a57-385e-45a9-8a59-694a26fe92a5__ep1:future:00013:h5,test,a1012a57-385e-45a9-8a59-694a26fe92a5__ep1,a1012a57-385e-45a9-8a59-694a26fe92a5__ep1:qa:23,460,Cut cardboard,Grasp cleaning bottle,200.0,200.0,0.0,243,False
a1012a57-385e-45a9-8a59-694a26fe92a5__ep1:future:00014:h5,test,a1012a57-385e-45a9-8a59-694a26fe92a5__ep1,a1012a57-385e-45a9-8a59-694a26fe92a5__ep1:qa:24,480,Cut cardboard,Grasp cleaning bottle,200.0,200.0,0.0,191,False
a1012a57-385e-45a9-8a59-694a26fe92a5__ep1:future:00015:h5,test,a1012a57-385e-45a9-8a59-694a26fe92a5__ep1,a1012a57-385e-45a9-8a59-694a26fe92a5__ep1:qa:25,500,Cut cardboard,Grasp cleaning bottle,200.0,200.0,0.0,237,False
a1012a57-385e-45a9-8a59-694a26fe92a5__ep1:future:00016:h5,test,a1012a57-385e-45a9-8a59-694a26fe92a5__ep1,a1012a57-385e-45a9-8a59-694a26fe92a5__ep1:qa:26,520,Cut cardboard,Grasp cleaning bottle,200.0,200.0,0.0,209,False
a1012a57-385e-45a9-8a59-694a26fe92a5__ep1:future:00017:h5,test,a1012a57-385e-45a9-8a59-694a26fe92a5__ep1,a1012a57-385e-45a9-8a59-694a26fe92a5__ep1:qa:250,5000,Cut along the marked line,Grasp cleaning bottle,200.0,200.0,0.0,43,False
a1012a57-385e-45a9-8a59-694a26fe92a5__ep1:future:00018:h5,test,a1012a57-385e-45a9-8a59-694a26fe92a5__ep1,a1012a57-385e-45a9-8a59-694a26fe92a5__ep1:qa:251,5020,Cut along the marked line,Grasp cleaning bottle,200.0,200.0,0.0,39,False
a1012a57-385e-45a9-8a59-694a26fe92a5__ep1:future:00019:h5,test,a1012a57-385e-45a9-8a59-694a26fe92a5__ep1,a1012a57-385e-45a9-8a59-694a26fe92a5__ep1:qa:252,5040,Cut along the marked line,Grasp cleaning bottle,200.0,200.0,0.0,35,False
a1012a57-385e-45a9-8a59-694a26fe92a5__ep1:future:00020:h5,test,a1012a57-385e-45a9-8a59-694a26fe92a5__ep1,a1012a57-385e-45a9-8a59-694a26fe92a5__ep1:qa:253,5060,Cut along the marked line,Grasp cleaning bottle,200.0,200.0,0.0,45,False
a1012a57-385e-45a9-8a59-694a26fe92a5__ep1:future:00021:h5,test,a1012a57-385e-45a9-8a59-694a26fe92a5__ep1,a1012a57-385e-45a9-8a59-694a26fe92a5__ep1:qa:254,5080,Cut along the marked line,Grasp cleaning bottle,200.0,200.0,0.0,51,False
a1012a57-385e-45a9-8a59-694a26fe92a5__ep1:future:00022:h5,test,a1012a57-385e-45a9-8a59-694a26fe92a5__ep1,a1012a57-385e-45a9-8a59-694a26fe92a5__ep1:qa:255,5100,Cut along the marked line,Grasp cleaning bottle,200.0,200.0,0.0,41,False
a1012a57-385e-45a9-8a59-694a26fe92a5__ep1:future:00023:h5,test,a1012a57-385e-45a9-8a59-694a26fe92a5__ep1,a1012a57-385e-45a9-8a59-694a26fe92a5__ep1:qa:256,5120,Cut along the marked line,Grasp cleaning bottle,200.0,200.0,0.0,18,False
a1012a57-385e-45a9-8a59-694a26fe92a5__ep1:future:00024:h5,test,a1012a57-385e-45a9-8a59-694a26fe92a5__ep1,a1012a57-385e-45a9-8a59-694a26fe92a5__ep1:qa:294,5880,Reposition hand,Grasp cleaning bottle,200.0,200.0,0.0,171,False
a1012a57-385e-45a9-8a59-694a26fe92a5__ep1:future:00025:h5,test,a1012a57-385e-45a9-8a59-694a26fe92a5__ep1,a1012a57-385e-45a9-8a59-694a26fe92a5__ep1:qa:295,5900,Reposition hand,Grasp cleaning bottle,200.0,200.0,0.0,161,False
a1012a57-385e-45a9-8a59-694a26fe92a5__ep1:future:00026:h5,test,a1012a57-385e-45a9-8a59-694a26fe92a5__ep1,a1012a57-385e-45a9-8a59-694a26fe92a5__ep1:qa:296,5920,Reposition hand,Grasp cleaning bottle,200.0,200.0,0.0,165,False
b6579cb5-0a71-4ca6-8808-1e2700be05c7__ep3:future:00000:h5,test,b6579cb5-0a71-4ca6-8808-1e2700be05c7__ep3,b6579cb5-0a71-4ca6-8808-1e2700be05c7__ep3:qa:100,2000,Counting and organizing beads,Grasp cleaning bottle,200.0,200.0,0.0,296,False
b6579cb5-0a71-4ca6-8808-1e2700be05c7__ep3:future:00001:h5,test,b6579cb5-0a71-4ca6-8808-1e2700be05c7__ep3,b6579cb5-0a71-4ca6-8808-1e2700be05c7__ep3:qa:101,2020,Counting and organizing beads,Grasp cleaning bottle,200.0,200.0,0.0,312,False
b6579cb5-0a71-4ca6-8808-1e2700be05c7__ep3:future:00002:h5,test,b6579cb5-0a71-4ca6-8808-1e2700be05c7__ep3,b6579cb5-0a71-4ca6-8808-1e2700be05c7__ep3:qa:120,2400,Pick up star bead,Grasp cleaning bottle,160.0,200.0,40.0,227,False
b6579cb5-0a71-4ca6-8808-1e2700be05c7__ep3:future:00003:h5,test,b6579cb5-0a71-4ca6-8808-1e2700be05c7__ep3,b6579cb5-0a71-4ca6-8808-1e2700be05c7__ep3:qa:121,2420,Pick up star bead,Grasp cleaning bottle,140.0,200.0,60.0,231,False
b6579cb5-0a71-4ca6-8808-1e2700be05c7__ep3:future:00004:h5,test,b6579cb5-0a71-4ca6-8808-1e2700be05c7__ep3,b6579cb5-0a71-4ca6-8808-1e2700be05c7__ep3:qa:128,2560,Place and count bead,Grasp cleaning bottle,200.0,200.0,0.0,241,False
b6579cb5-0a71-4ca6-8808-1e2700be05c7__ep3:future:00005:h5,test,b6579cb5-0a71-4ca6-8808-1e2700be05c7__ep3,b6579cb5-0a71-4ca6-8808-1e2700be05c7__ep3:qa:129,2580,Place and count bead,Grasp cleaning bottle,200.0,200.0,0.0,245,False
b6579cb5-0a71-4ca6-8808-1e2700be05c7__ep3:future:00006:h5,test,b6579cb5-0a71-4ca6-8808-1e2700be05c7__ep3,b6579cb5-0a71-4ca6-8808-1e2700be05c7__ep3:qa:150,3000,Sort star-shaped beads,Grasp cleaning bottle,200.0,200.0,0.0,291,False
b6579cb5-0a71-4ca6-8808-1e2700be05c7__ep3:future:00007:h5,test,b6579cb5-0a71-4ca6-8808-1e2700be05c7__ep3,b6579cb5-0a71-4ca6-8808-1e2700be05c7__ep3:qa:164,3280,Write count on paper,Grasp cleaning bottle,200.0,200.0,0.0,281,False
b6579cb5-0a71-4ca6-8808-1e2700be05c7__ep3:future:00008:h5,test,b6579cb5-0a71-4ca6-8808-1e2700be05c7__ep3,b6579cb5-0a71-4ca6-8808-1e2700be05c7__ep3:qa:180,3600,Hold beads,Grasp cleaning bottle,200.0,200.0,0.0,225,False
b6579cb5-0a71-4ca6-8808-1e2700be05c7__ep3:future:00009:h5,test,b6579cb5-0a71-4ca6-8808-1e2700be05c7__ep3,b6579cb5-0a71-4ca6-8808-1e2700be05c7__ep3:qa:181,3620,Hold beads,Grasp cleaning bottle,200.0,200.0,0.0,313,False
b6579cb5-0a71-4ca6-8808-1e2700be05c7__ep3:future:00010:h5,test,b6579cb5-0a71-4ca6-8808-1e2700be05c7__ep3,b6579cb5-0a71-4ca6-8808-1e2700be05c7__ep3:qa:200,4000,Arrange star beads,Grasp cleaning bottle,200.0,200.0,0.0,238,False
b6579cb5-0a71-4ca6-8808-1e2700be05c7__ep3:future:00011:h5,test,b6579cb5-0a71-4ca6-8808-1e2700be05c7__ep3,b6579cb5-0a71-4ca6-8808-1e2700be05c7__ep3:qa:201,4020,Arrange star beads,Grasp cleaning bottle,200.0,200.0,0.0,244,False
b6579cb5-0a71-4ca6-8808-1e2700be05c7__ep3:future:00012:h5,test,b6579cb5-0a71-4ca6-8808-1e2700be05c7__ep3,b6579cb5-0a71-4ca6-8808-1e2700be05c7__ep3:qa:212,4240,Pick up pen,Grasp cleaning bottle,160.0,200.0,40.0,280,False
b6579cb5-0a71-4ca6-8808-1e2700be05c7__ep3:future:00013:h5,test,b6579cb5-0a71-4ca6-8808-1e2700be05c7__ep3,b6579cb5-0a71-4ca6-8808-1e2700be05c7__ep3:qa:213,4260,Pick up pen,Grasp cleaning bottle,140.0,200.0,60.0,224,False
b6579cb5-0a71-4ca6-8808-1e2700be05c7__ep3:future:00014:h5,test,b6579cb5-0a71-4ca6-8808-1e2700be05c7__ep3,b6579cb5-0a71-4ca6-8808-1e2700be05c7__ep3:qa:220,4400,Counting star beads,Grasp cleaning bottle,200.0,200.0,0.0,323,False
b6579cb5-0a71-4ca6-8808-1e2700be05c7__ep3:future:00015:h5,test,b6579cb5-0a71-4ca6-8808-1e2700be05c7__ep3,b6579cb5-0a71-4ca6-8808-1e2700be05c7__ep3:qa:221,4420,Counting star beads,Grasp cleaning bottle,200.0,200.0,0.0,265,False
b6579cb5-0a71-4ca6-8808-1e2700be05c7__ep3:future:00016:h5,test,b6579cb5-0a71-4ca6-8808-1e2700be05c7__ep3,b6579cb5-0a71-4ca6-8808-1e2700be05c7__ep3:qa:232,4640,Retrieving more beads,Grasp cleaning bottle,160.0,200.0,40.0,257,False
b6579cb5-0a71-4ca6-8808-1e2700be05c7__ep3:future:00017:h5,test,b6579cb5-0a71-4ca6-8808-1e2700be05c7__ep3,b6579cb5-0a71-4ca6-8808-1e2700be05c7__ep3:qa:233,4660,Retrieving more beads,Grasp cleaning bottle,140.0,200.0,60.0,250,False
b6579cb5-0a71-4ca6-8808-1e2700be05c7__ep3:future:00018:h5,test,b6579cb5-0a71-4ca6-8808-1e2700be05c7__ep3,b6579cb5-0a71-4ca6-8808-1e2700be05c7__ep3:qa:240,4800,Write on paper,Grasp cleaning bottle,80.0,200.0,120.0,220,False
b6579cb5-0a71-4ca6-8808-1e2700be05c7__ep3:future:00019:h5,test,b6579cb5-0a71-4ca6-8808-1e2700be05c7__ep3,b6579cb5-0a71-4ca6-8808-1e2700be05c7__ep3:qa:244,4880,Adjust paper,Grasp cleaning bottle,120.0,200.0,80.0,200,False
b6579cb5-0a71-4ca6-8808-1e2700be05c7__ep3:future:00020:h5,test,b6579cb5-0a71-4ca6-8808-1e2700be05c7__ep3,b6579cb5-0a71-4ca6-8808-1e2700be05c7__ep3:qa:245,4900,Adjust paper,Grasp cleaning bottle,100.0,200.0,100.0,197,False
b6579cb5-0a71-4ca6-8808-1e2700be05c7__ep3:future:00021:h5,test,b6579cb5-0a71-4ca6-8808-1e2700be05c7__ep3,b6579cb5-0a71-4ca6-8808-1e2700be05c7__ep3:qa:250,5000,Gather star beads,Grasp cleaning bottle,120.0,200.0,80.0,290,False
b6579cb5-0a71-4ca6-8808-1e2700be05c7__ep3:future:00022:h5,test,b6579cb5-0a71-4ca6-8808-1e2700be05c7__ep3,b6579cb5-0a71-4ca6-8808-1e2700be05c7__ep3:qa:251,5020,Gather star beads,Grasp cleaning bottle,100.0,200.0,100.0,277,False
b6579cb5-0a71-4ca6-8808-1e2700be05c7__ep3:future:00023:h5,test,b6579cb5-0a71-4ca6-8808-1e2700be05c7__ep3,b6579cb5-0a71-4ca6-8808-1e2700be05c7__ep3:qa:256,5120,Arrange star beads for counting,Grasp cleaning bottle,160.0,200.0,40.0,234,False
b6579cb5-0a71-4ca6-8808-1e2700be05c7__ep3:future:00024:h5,test,b6579cb5-0a71-4ca6-8808-1e2700be05c7__ep3,b6579cb5-0a71-4ca6-8808-1e2700be05c7__ep3:qa:257,5140,Arrange star beads for counting,Grasp cleaning bottle,140.0,200.0,60.0,270,False
b6579cb5-0a71-4ca6-8808-1e2700be05c7__ep3:future:00025:h5,test,b6579cb5-0a71-4ca6-8808-1e2700be05c7__ep3,b6579cb5-0a71-4ca6-8808-1e2700be05c7__ep3:qa:264,5280,Sort and count beads,Grasp cleaning bottle,200.0,200.0,0.0,314,False
b6579cb5-0a71-4ca6-8808-1e2700be05c7__ep3:future:00026:h5,test,b6579cb5-0a71-4ca6-8808-1e2700be05c7__ep3,b6579cb5-0a71-4ca6-8808-1e2700be05c7__ep3:qa:265,5300,Sort and count beads,Grasp cleaning bottle,200.0,200.0,0.0,272,False
b750fab3-7fbb-43a0-b451-c64c4d4a64da__ep1:future:00000:h5,test,b750fab3-7fbb-43a0-b451-c64c4d4a64da__ep1,b750fab3-7fbb-43a0-b451-c64c4d4a64da__ep1:qa:34,680,Picking up crafting material,Grasp cleaning bottle,120.0,200.0,80.0,109,False
b750fab3-7fbb-43a0-b451-c64c4d4a64da__ep1:future:00001:h5,test,b750fab3-7fbb-43a0-b451-c64c4d4a64da__ep1,b750fab3-7fbb-43a0-b451-c64c4d4a64da__ep1:qa:35,700,Picking up crafting material,Grasp cleaning bottle,100.0,200.0,100.0,96,False
b750fab3-7fbb-43a0-b451-c64c4d4a64da__ep1:future:00002:h5,test,b750fab3-7fbb-43a0-b451-c64c4d4a64da__ep1,b750fab3-7fbb-43a0-b451-c64c4d4a64da__ep1:qa:40,800,Use phone,Grasp cleaning bottle,200.0,200.0,0.0,140,False
b750fab3-7fbb-43a0-b451-c64c4d4a64da__ep1:future:00003:h5,test,b750fab3-7fbb-43a0-b451-c64c4d4a64da__ep1,b750fab3-7fbb-43a0-b451-c64c4d4a64da__ep1:qa:41,820,Use phone,Grasp cleaning bottle,200.0,200.0,0.0,74,False
b750fab3-7fbb-43a0-b451-c64c4d4a64da__ep1:future:00004:h5,test,b750fab3-7fbb-43a0-b451-c64c4d4a64da__ep1,b750fab3-7fbb-43a0-b451-c64c4d4a64da__ep1:qa:70,1400,Pick up small piece of material,Grasp cleaning bottle,80.0,200.0,120.0,365,False
b750fab3-7fbb-43a0-b451-c64c4d4a64da__ep1:future:00005:h5,test,b750fab3-7fbb-43a0-b451-c64c4d4a64da__ep1,b750fab3-7fbb-43a0-b451-c64c4d4a64da__ep1:qa:71,1420,Pick up small piece of material,Grasp cleaning bottle,60.0,200.0,140.0,307,False
b750fab3-7fbb-43a0-b451-c64c4d4a64da__ep1:future:00006:h5,test,b750fab3-7fbb-43a0-b451-c64c4d4a64da__ep1,b750fab3-7fbb-43a0-b451-c64c4d4a64da__ep1:qa:74,1480,Manipulate material,Grasp cleaning bottle,160.0,200.0,40.0,304,False
b750fab3-7fbb-43a0-b451-c64c4d4a64da__ep1:future:00007:h5,test,b750fab3-7fbb-43a0-b451-c64c4d4a64da__ep1,b750fab3-7fbb-43a0-b451-c64c4d4a64da__ep1:qa:75,1500,Manipulate material,Grasp cleaning bottle,140.0,200.0,60.0,206,False
b750fab3-7fbb-43a0-b451-c64c4d4a64da__ep1:future:00008:h5,test,b750fab3-7fbb-43a0-b451-c64c4d4a64da__ep1,b750fab3-7fbb-43a0-b451-c64c4d4a64da__ep1:qa:82,1640,Place material,Grasp cleaning bottle,160.0,200.0,40.0,350,False
b750fab3-7fbb-43a0-b451-c64c4d4a64da__ep1:future:00009:h5,test,b750fab3-7fbb-43a0-b451-c64c4d4a64da__ep1,b750fab3-7fbb-43a0-b451-c64c4d4a64da__ep1:qa:83,1660,Place material,Grasp cleaning bottle,140.0,200.0,60.0,303,False
b750fab3-7fbb-43a0-b451-c64c4d4a64da__ep1:future:00010:h5,test,b750fab3-7fbb-43a0-b451-c64c4d4a64da__ep1,b750fab3-7fbb-43a0-b451-c64c4d4a64da__ep1:qa:90,1800,Manipulate yellow strip,Grasp cleaning bottle,200.0,200.0,0.0,211,False
b750fab3-7fbb-43a0-b451-c64c4d4a64da__ep1:future:00011:h5,test,b750fab3-7fbb-43a0-b451-c64c4d4a64da__ep1,b750fab3-7fbb-43a0-b451-c64c4d4a64da__ep1:qa:91,1820,Manipulate yellow strip,Grasp cleaning bottle,200.0,200.0,0.0,216,False
b750fab3-7fbb-43a0-b451-c64c4d4a64da__ep1:future:00012:h5,test,b750fab3-7fbb-43a0-b451-c64c4d4a64da__ep1,b750fab3-7fbb-43a0-b451-c64c4d4a64da__ep1:qa:120,2400,Manipulating paper strips,Grasp cleaning bottle,200.0,200.0,0.0,212,False
b750fab3-7fbb-43a0-b451-c64c4d4a64da__ep1:future:00013:h5,test,b750fab3-7fbb-43a0-b451-c64c4d4a64da__ep1,b750fab3-7fbb-43a0-b451-c64c4d4a64da__ep1:qa:121,2420,Manipulating paper strips,Grasp cleaning bottle,200.0,200.0,0.0,357,False
b750fab3-7fbb-43a0-b451-c64c4d4a64da__ep1:future:00014:h5,test,b750fab3-7fbb-43a0-b451-c64c4d4a64da__ep1,b750fab3-7fbb-43a0-b451-c64c4d4a64da__ep1:qa:150,3000,Manipulate paper strip,Grasp cleaning bottle,200.0,200.0,0.0,327,False
b750fab3-7fbb-43a0-b451-c64c4d4a64da__ep1:future:00015:h5,test,b750fab3-7fbb-43a0-b451-c64c4d4a64da__ep1,b750fab3-7fbb-43a0-b451-c64c4d4a64da__ep1:qa:151,3020,Manipulate paper strip,Grasp cleaning bottle,200.0,200.0,0.0,266,False
b750fab3-7fbb-43a0-b451-c64c4d4a64da__ep1:future:00016:h5,test,b750fab3-7fbb-43a0-b451-c64c4d4a64da__ep1,b750fab3-7fbb-43a0-b451-c64c4d4a64da__ep1:qa:190,3800,Manipulate bead,Grasp cleaning bottle,200.0,200.0,0.0,297,False
b750fab3-7fbb-43a0-b451-c64c4d4a64da__ep1:future:00017:h5,test,b750fab3-7fbb-43a0-b451-c64c4d4a64da__ep1,b750fab3-7fbb-43a0-b451-c64c4d4a64da__ep1:qa:191,3820,Manipulate bead,Grasp cleaning bottle,200.0,200.0,0.0,187,False
b750fab3-7fbb-43a0-b451-c64c4d4a64da__ep1:future:00018:h5,test,b750fab3-7fbb-43a0-b451-c64c4d4a64da__ep1,b750fab3-7fbb-43a0-b451-c64c4d4a64da__ep1:qa:220,4400,Manipulate beads,Grasp cleaning bottle,200.0,200.0,0.0,46,False
b750fab3-7fbb-43a0-b451-c64c4d4a64da__ep1:future:00019:h5,test,b750fab3-7fbb-43a0-b451-c64c4d4a64da__ep1,b750fab3-7fbb-43a0-b451-c64c4d4a64da__ep1:qa:221,4420,Manipulate beads,Grasp cleaning bottle,200.0,200.0,0.0,61,False
b750fab3-7fbb-43a0-b451-c64c4d4a64da__ep1:future:00020:h5,test,b750fab3-7fbb-43a0-b451-c64c4d4a64da__ep1,b750fab3-7fbb-43a0-b451-c64c4d4a64da__ep1:qa:240,4800,Use phone while crafting,Grasp cleaning bottle,120.0,200.0,80.0,173,False
b750fab3-7fbb-43a0-b451-c64c4d4a64da__ep1:future:00021:h5,test,b750fab3-7fbb-43a0-b451-c64c4d4a64da__ep1,b750fab3-7fbb-43a0-b451-c64c4d4a64da__ep1:qa:246,4920,Place phone down,Grasp cleaning bottle,80.0,200.0,120.0,53,False
b750fab3-7fbb-43a0-b451-c64c4d4a64da__ep1:future:00022:h5,test,b750fab3-7fbb-43a0-b451-c64c4d4a64da__ep1,b750fab3-7fbb-43a0-b451-c64c4d4a64da__ep1:qa:247,4940,Place phone down,Grasp cleaning bottle,60.0,200.0,140.0,52,False
b750fab3-7fbb-43a0-b451-c64c4d4a64da__ep1:future:00023:h5,test,b750fab3-7fbb-43a0-b451-c64c4d4a64da__ep1,b750fab3-7fbb-43a0-b451-c64c4d4a64da__ep1:qa:250,5000,Hold and manipulate paper strip,Grasp cleaning bottle,200.0,200.0,0.0,66,False
b750fab3-7fbb-43a0-b451-c64c4d4a64da__ep1:future:00024:h5,test,b750fab3-7fbb-43a0-b451-c64c4d4a64da__ep1,b750fab3-7fbb-43a0-b451-c64c4d4a64da__ep1:qa:251,5020,Hold and manipulate paper strip,Grasp cleaning bottle,200.0,200.0,0.0,37,False
b750fab3-7fbb-43a0-b451-c64c4d4a64da__ep1:future:00025:h5,test,b750fab3-7fbb-43a0-b451-c64c4d4a64da__ep1,b750fab3-7fbb-43a0-b451-c64c4d4a64da__ep1:qa:296,5920,Interact with smartphone,Grasp cleaning bottle,200.0,200.0,0.0,331,False
b750fab3-7fbb-43a0-b451-c64c4d4a64da__ep1:future:00026:h5,test,b750fab3-7fbb-43a0-b451-c64c4d4a64da__ep1,b750fab3-7fbb-43a0-b451-c64c4d4a64da__ep1:qa:297,5940,Interact with smartphone,Grasp cleaning bottle,200.0,200.0,0.0,93,False
b9dd769b-e31a-4fdb-945e-5a60db6487b0__ep2:future:00000:h5,test,b9dd769b-e31a-4fdb-945e-5a60db6487b0__ep2,b9dd769b-e31a-4fdb-945e-5a60db6487b0__ep2:qa:42,840,Manipulate craft piece,Grasp cleaning bottle,200.0,200.0,0.0,170,False
b9dd769b-e31a-4fdb-945e-5a60db6487b0__ep2:future:00001:h5,test,b9dd769b-e31a-4fdb-945e-5a60db6487b0__ep2,b9dd769b-e31a-4fdb-945e-5a60db6487b0__ep2:qa:43,860,Manipulate craft piece,Grasp cleaning bottle,200.0,200.0,0.0,70,False
b9dd769b-e31a-4fdb-945e-5a60db6487b0__ep2:future:00002:h5,test,b9dd769b-e31a-4fdb-945e-5a60db6487b0__ep2,b9dd769b-e31a-4fdb-945e-5a60db6487b0__ep2:qa:70,1400,Manipulate craft paper strips,Grasp cleaning bottle,200.0,200.0,0.0,63,False
b9dd769b-e31a-4fdb-945e-5a60db6487b0__ep2:future:00003:h5,test,b9dd769b-e31a-4fdb-945e-5a60db6487b0__ep2,b9dd769b-e31a-4fdb-945e-5a60db6487b0__ep2:qa:71,1420,Manipulate craft paper strips,Grasp cleaning bottle,200.0,200.0,0.0,44,False
b9dd769b-e31a-4fdb-945e-5a60db6487b0__ep2:future:00004:h5,test,b9dd769b-e31a-4fdb-945e-5a60db6487b0__ep2,b9dd769b-e31a-4fdb-945e-5a60db6487b0__ep2:qa:72,1440,Manipulate craft paper strips,Grasp cleaning bottle,200.0,200.0,0.0,65,False
b9dd769b-e31a-4fdb-945e-5a60db6487b0__ep2:future:00005:h5,test,b9dd769b-e31a-4fdb-945e-5a60db6487b0__ep2,b9dd769b-e31a-4fdb-945e-5a60db6487b0__ep2:qa:73,1460,Manipulate craft paper strips,Grasp cleaning bottle,200.0,200.0,0.0,76,False
b9dd769b-e31a-4fdb-945e-5a60db6487b0__ep2:future:00006:h5,test,b9dd769b-e31a-4fdb-945e-5a60db6487b0__ep2,b9dd769b-e31a-4fdb-945e-5a60db6487b0__ep2:qa:90,1800,Release scissors,Grasp cleaning bottle,80.0,200.0,120.0,83,False
b9dd769b-e31a-4fdb-945e-5a60db6487b0__ep2:future:00007:h5,test,b9dd769b-e31a-4fdb-945e-5a60db6487b0__ep2,b9dd769b-e31a-4fdb-945e-5a60db6487b0__ep2:qa:91,1820,Release scissors,Grasp cleaning bottle,60.0,200.0,140.0,48,False
b9dd769b-e31a-4fdb-945e-5a60db6487b0__ep2:future:00008:h5,test,b9dd769b-e31a-4fdb-945e-5a60db6487b0__ep2,b9dd769b-e31a-4fdb-945e-5a60db6487b0__ep2:qa:92,1840,Release scissors,Grasp cleaning bottle,40.0,200.0,160.0,94,False
b9dd769b-e31a-4fdb-945e-5a60db6487b0__ep2:future:00009:h5,test,b9dd769b-e31a-4fdb-945e-5a60db6487b0__ep2,b9dd769b-e31a-4fdb-945e-5a60db6487b0__ep2:qa:94,1880,Operate smartphone,Grasp cleaning bottle,200.0,200.0,0.0,67,False
b9dd769b-e31a-4fdb-945e-5a60db6487b0__ep2:future:00010:h5,test,b9dd769b-e31a-4fdb-945e-5a60db6487b0__ep2,b9dd769b-e31a-4fdb-945e-5a60db6487b0__ep2:qa:95,1900,Operate smartphone,Grasp cleaning bottle,200.0,200.0,0.0,62,False
b9dd769b-e31a-4fdb-945e-5a60db6487b0__ep2:future:00011:h5,test,b9dd769b-e31a-4fdb-945e-5a60db6487b0__ep2,b9dd769b-e31a-4fdb-945e-5a60db6487b0__ep2:qa:96,1920,Operate smartphone,Grasp cleaning bottle,200.0,200.0,0.0,51,False
b9dd769b-e31a-4fdb-945e-5a60db6487b0__ep2:future:00012:h5,test,b9dd769b-e31a-4fdb-945e-5a60db6487b0__ep2,b9dd769b-e31a-4fdb-945e-5a60db6487b0__ep2:qa:97,1940,Operate smartphone,Grasp cleaning bottle,200.0,200.0,0.0,71,False
b9dd769b-e31a-4fdb-945e-5a60db6487b0__ep2:future:00013:h5,test,b9dd769b-e31a-4fdb-945e-5a60db6487b0__ep2,b9dd769b-e31a-4fdb-945e-5a60db6487b0__ep2:qa:114,2280,Release smartphone,Grasp cleaning bottle,120.0,200.0,80.0,62,False
b9dd769b-e31a-4fdb-945e-5a60db6487b0__ep2:future:00014:h5,test,b9dd769b-e31a-4fdb-945e-5a60db6487b0__ep2,b9dd769b-e31a-4fdb-945e-5a60db6487b0__ep2:qa:115,2300,Release smartphone,Grasp cleaning bottle,100.0,200.0,100.0,88,False
b9dd769b-e31a-4fdb-945e-5a60db6487b0__ep2:future:00015:h5,test,b9dd769b-e31a-4fdb-945e-5a60db6487b0__ep2,b9dd769b-e31a-4fdb-945e-5a60db6487b0__ep2:qa:116,2320,Release smartphone,Grasp cleaning bottle,80.0,200.0,120.0,42,False
b9dd769b-e31a-4fdb-945e-5a60db6487b0__ep2:future:00016:h5,test,b9dd769b-e31a-4fdb-945e-5a60db6487b0__ep2,b9dd769b-e31a-4fdb-945e-5a60db6487b0__ep2:qa:120,2400,Manipulate paper strip,Grasp cleaning bottle,200.0,200.0,0.0,55,False
b9dd769b-e31a-4fdb-945e-5a60db6487b0__ep2:future:00017:h5,test,b9dd769b-e31a-4fdb-945e-5a60db6487b0__ep2,b9dd769b-e31a-4fdb-945e-5a60db6487b0__ep2:qa:121,2420,Manipulate paper strip,Grasp cleaning bottle,200.0,200.0,0.0,338,False
b9dd769b-e31a-4fdb-945e-5a60db6487b0__ep2:future:00018:h5,test,b9dd769b-e31a-4fdb-945e-5a60db6487b0__ep2,b9dd769b-e31a-4fdb-945e-5a60db6487b0__ep2:qa:122,2440,Manipulate paper strip,Grasp cleaning bottle,200.0,200.0,0.0,286,False
b9dd769b-e31a-4fdb-945e-5a60db6487b0__ep2:future:00019:h5,test,b9dd769b-e31a-4fdb-945e-5a60db6487b0__ep2,b9dd769b-e31a-4fdb-945e-5a60db6487b0__ep2:qa:123,2460,Manipulate paper strip,Grasp cleaning bottle,200.0,200.0,0.0,136,False
b9dd769b-e31a-4fdb-945e-5a60db6487b0__ep2:future:00020:h5,test,b9dd769b-e31a-4fdb-945e-5a60db6487b0__ep2,b9dd769b-e31a-4fdb-945e-5a60db6487b0__ep2:qa:144,2880,Release paper strip,Grasp cleaning bottle,200.0,200.0,0.0,277,False
b9dd769b-e31a-4fdb-945e-5a60db6487b0__ep2:future:00021:h5,test,b9dd769b-e31a-4fdb-945e-5a60db6487b0__ep2,b9dd769b-e31a-4fdb-945e-5a60db6487b0__ep2:qa:145,2900,Release paper strip,Grasp cleaning bottle,200.0,200.0,0.0,316,False
b9dd769b-e31a-4fdb-945e-5a60db6487b0__ep2:future:00022:h5,test,b9dd769b-e31a-4fdb-945e-5a60db6487b0__ep2,b9dd769b-e31a-4fdb-945e-5a60db6487b0__ep2:qa:146,2920,Release paper strip,Grasp cleaning bottle,200.0,200.0,0.0,335,False
b9dd769b-e31a-4fdb-945e-5a60db6487b0__ep2:future:00023:h5,test,b9dd769b-e31a-4fdb-945e-5a60db6487b0__ep2,b9dd769b-e31a-4fdb-945e-5a60db6487b0__ep2:qa:147,2940,Release paper strip,Grasp cleaning bottle,200.0,200.0,0.0,346,False
b9dd769b-e31a-4fdb-945e-5a60db6487b0__ep2:future:00024:h5,test,b9dd769b-e31a-4fdb-945e-5a60db6487b0__ep2,b9dd769b-e31a-4fdb-945e-5a60db6487b0__ep2:qa:190,3800,Sort small craft pieces,Grasp cleaning bottle,200.0,200.0,0.0,253,False
b9dd769b-e31a-4fdb-945e-5a60db6487b0__ep2:future:00025:h5,test,b9dd769b-e31a-4fdb-945e-5a60db6487b0__ep2,b9dd769b-e31a-4fdb-945e-5a60db6487b0__ep2:qa:191,3820,Sort small craft pieces,Grasp cleaning bottle,200.0,200.0,0.0,19,False
b9dd769b-e31a-4fdb-945e-5a60db6487b0__ep2:future:00026:h5,test,b9dd769b-e31a-4fdb-945e-5a60db6487b0__ep2,b9dd769b-e31a-4fdb-945e-5a60db6487b0__ep2:qa:192,3840,Sort small craft pieces,Grasp cleaning bottle,200.0,200.0,0.0,24,False
ba045ed4-ef25-404d-b756-8dcbd45b18fa__ep2:future:00000:h5,test,ba045ed4-ef25-404d-b756-8dcbd45b18fa__ep2,ba045ed4-ef25-404d-b756-8dcbd45b18fa__ep2:qa:31,620,Grasp lantern,Grasp cleaning bottle,180.0,200.0,20.0,213,False
ba045ed4-ef25-404d-b756-8dcbd45b18fa__ep2:future:00001:h5,test,ba045ed4-ef25-404d-b756-8dcbd45b18fa__ep2,ba045ed4-ef25-404d-b756-8dcbd45b18fa__ep2:qa:40,800,Grasp lantern component,Grasp cleaning bottle,200.0,200.0,0.0,301,False
ba045ed4-ef25-404d-b756-8dcbd45b18fa__ep2:future:00002:h5,test,ba045ed4-ef25-404d-b756-8dcbd45b18fa__ep2,ba045ed4-ef25-404d-b756-8dcbd45b18fa__ep2:qa:41,820,Grasp lantern component,Grasp cleaning bottle,200.0,200.0,0.0,247,False
ba045ed4-ef25-404d-b756-8dcbd45b18fa__ep2:future:00003:h5,test,ba045ed4-ef25-404d-b756-8dcbd45b18fa__ep2,ba045ed4-ef25-404d-b756-8dcbd45b18fa__ep2:qa:70,1400,Align paper lantern edges,Grasp cleaning bottle,200.0,200.0,0.0,87,False
ba045ed4-ef25-404d-b756-8dcbd45b18fa__ep2:future:00004:h5,test,ba045ed4-ef25-404d-b756-8dcbd45b18fa__ep2,ba045ed4-ef25-404d-b756-8dcbd45b18fa__ep2:qa:71,1420,Align paper lantern edges,Grasp cleaning bottle,200.0,200.0,0.0,118,False
ba045ed4-ef25-404d-b756-8dcbd45b18fa__ep2:future:00005:h5,test,ba045ed4-ef25-404d-b756-8dcbd45b18fa__ep2,ba045ed4-ef25-404d-b756-8dcbd45b18fa__ep2:qa:170,3400,Adjust lantern string,Grasp cleaning bottle,120.0,200.0,80.0,82,False
ba045ed4-ef25-404d-b756-8dcbd45b18fa__ep2:future:00006:h5,test,ba045ed4-ef25-404d-b756-8dcbd45b18fa__ep2,ba045ed4-ef25-404d-b756-8dcbd45b18fa__ep2:qa:171,3420,Adjust lantern string,Grasp cleaning bottle,100.0,200.0,100.0,136,False
ba045ed4-ef25-404d-b756-8dcbd45b18fa__ep2:future:00007:h5,test,ba045ed4-ef25-404d-b756-8dcbd45b18fa__ep2,ba045ed4-ef25-404d-b756-8dcbd45b18fa__ep2:qa:176,3520,Release lantern,Grasp cleaning bottle,120.0,200.0,80.0,130,False
ba045ed4-ef25-404d-b756-8dcbd45b18fa__ep2:future:00008:h5,test,ba045ed4-ef25-404d-b756-8dcbd45b18fa__ep2,ba045ed4-ef25-404d-b756-8dcbd45b18fa__ep2:qa:182,3640,Pick up packaged paper lantern component,Grasp cleaning bottle,160.0,200.0,40.0,73,False
ba045ed4-ef25-404d-b756-8dcbd45b18fa__ep2:future:00009:h5,test,ba045ed4-ef25-404d-b756-8dcbd45b18fa__ep2,ba045ed4-ef25-404d-b756-8dcbd45b18fa__ep2:qa:190,3800,Handle paper lantern component,Grasp cleaning bottle,200.0,200.0,0.0,60,False
ba045ed4-ef25-404d-b756-8dcbd45b18fa__ep2:future:00010:h5,test,ba045ed4-ef25-404d-b756-8dcbd45b18fa__ep2,ba045ed4-ef25-404d-b756-8dcbd45b18fa__ep2:qa:191,3820,Handle paper lantern component,Grasp cleaning bottle,180.0,200.0,20.0,93,False
ba045ed4-ef25-404d-b756-8dcbd45b18fa__ep2:future:00011:h5,test,ba045ed4-ef25-404d-b756-8dcbd45b18fa__ep2,ba045ed4-ef25-404d-b756-8dcbd45b18fa__ep2:qa:200,4000,Open folded paper lantern,Grasp cleaning bottle,200.0,200.0,0.0,80,False
ba045ed4-ef25-404d-b756-8dcbd45b18fa__ep2:future:00012:h5,test,ba045ed4-ef25-404d-b756-8dcbd45b18fa__ep2,ba045ed4-ef25-404d-b756-8dcbd45b18fa__ep2:qa:201,4020,Open folded paper lantern,Grasp cleaning bottle,200.0,200.0,0.0,54,False
ba045ed4-ef25-404d-b756-8dcbd45b18fa__ep2:future:00013:h5,test,ba045ed4-ef25-404d-b756-8dcbd45b18fa__ep2,ba045ed4-ef25-404d-b756-8dcbd45b18fa__ep2:qa:214,4280,Adjust lantern shape,Grasp cleaning bottle,120.0,200.0,80.0,364,False
ba045ed4-ef25-404d-b756-8dcbd45b18fa__ep2:future:00014:h5,test,ba045ed4-ef25-404d-b756-8dcbd45b18fa__ep2,ba045ed4-ef25-404d-b756-8dcbd45b18fa__ep2:qa:215,4300,Adjust lantern shape,Grasp cleaning bottle,100.0,200.0,100.0,367,False
ba045ed4-ef25-404d-b756-8dcbd45b18fa__ep2:future:00015:h5,test,ba045ed4-ef25-404d-b756-8dcbd45b18fa__ep2,ba045ed4-ef25-404d-b756-8dcbd45b18fa__ep2:qa:220,4400,Hold paper lantern,Grasp cleaning bottle,200.0,200.0,0.0,318,False
ba045ed4-ef25-404d-b756-8dcbd45b18fa__ep2:future:00016:h5,test,ba045ed4-ef25-404d-b756-8dcbd45b18fa__ep2,ba045ed4-ef25-404d-b756-8dcbd45b18fa__ep2:qa:221,4420,Hold paper lantern,Grasp cleaning bottle,180.0,200.0,20.0,317,False
ba045ed4-ef25-404d-b756-8dcbd45b18fa__ep2:future:00017:h5,test,ba045ed4-ef25-404d-b756-8dcbd45b18fa__ep2,ba045ed4-ef25-404d-b756-8dcbd45b18fa__ep2:qa:230,4600,Apply adhesive tape to lantern,Grasp cleaning bottle,200.0,200.0,0.0,141,False
ba045ed4-ef25-404d-b756-8dcbd45b18fa__ep2:future:00018:h5,test,ba045ed4-ef25-404d-b756-8dcbd45b18fa__ep2,ba045ed4-ef25-404d-b756-8dcbd45b18fa__ep2:qa:231,4620,Apply adhesive tape to lantern,Grasp cleaning bottle,180.0,200.0,20.0,176,False
ba045ed4-ef25-404d-b756-8dcbd45b18fa__ep2:future:00019:h5,test,ba045ed4-ef25-404d-b756-8dcbd45b18fa__ep2,ba045ed4-ef25-404d-b756-8dcbd45b18fa__ep2:qa:240,4800,Remove paper lantern part from packaging,Grasp cleaning bottle,200.0,200.0,0.0,339,False
ba045ed4-ef25-404d-b756-8dcbd45b18fa__ep2:future:00020:h5,test,ba045ed4-ef25-404d-b756-8dcbd45b18fa__ep2,ba045ed4-ef25-404d-b756-8dcbd45b18fa__ep2:qa:250,5000,Remove plastic packaging,Grasp cleaning bottle,160.0,200.0,40.0,70,False
ba045ed4-ef25-404d-b756-8dcbd45b18fa__ep2:future:00021:h5,test,ba045ed4-ef25-404d-b756-8dcbd45b18fa__ep2,ba045ed4-ef25-404d-b756-8dcbd45b18fa__ep2:qa:258,5160,Open paper lantern component,Grasp cleaning bottle,200.0,200.0,0.0,283,False
ba045ed4-ef25-404d-b756-8dcbd45b18fa__ep2:future:00022:h5,test,ba045ed4-ef25-404d-b756-8dcbd45b18fa__ep2,ba045ed4-ef25-404d-b756-8dcbd45b18fa__ep2:qa:259,5180,Open paper lantern component,Grasp cleaning bottle,200.0,200.0,0.0,158,False
ba045ed4-ef25-404d-b756-8dcbd45b18fa__ep2:future:00023:h5,test,ba045ed4-ef25-404d-b756-8dcbd45b18fa__ep2,ba045ed4-ef25-404d-b756-8dcbd45b18fa__ep2:qa:270,5400,Expand paper lantern,Grasp cleaning bottle,200.0,200.0,0.0,96,False
ba045ed4-ef25-404d-b756-8dcbd45b18fa__ep2:future:00024:h5,test,ba045ed4-ef25-404d-b756-8dcbd45b18fa__ep2,ba045ed4-ef25-404d-b756-8dcbd45b18fa__ep2:qa:271,5420,Expand paper lantern,Grasp cleaning bottle,200.0,200.0,0.0,93,False
ba045ed4-ef25-404d-b756-8dcbd45b18fa__ep2:future:00025:h5,test,ba045ed4-ef25-404d-b756-8dcbd45b18fa__ep2,ba045ed4-ef25-404d-b756-8dcbd45b18fa__ep2:qa:290,5800,Align edges of paper lantern,Grasp cleaning bottle,200.0,200.0,0.0,93,False
ba045ed4-ef25-404d-b756-8dcbd45b18fa__ep2:future:00026:h5,test,ba045ed4-ef25-404d-b756-8dcbd45b18fa__ep2,ba045ed4-ef25-404d-b756-8dcbd45b18fa__ep2:qa:291,5820,Align edges of paper lantern,Grasp cleaning bottle,200.0,200.0,0.0,65,False
ba18b7c1-21ff-45da-8452-41acce7fc8de__ep2:future:00000:h5,test,ba18b7c1-21ff-45da-8452-41acce7fc8de__ep2,ba18b7c1-21ff-45da-8452-41acce7fc8de__ep2:qa:40,800,Manipulate paper edge,Grasp cleaning bottle,200.0,40.0,160.0,149,False
ba18b7c1-21ff-45da-8452-41acce7fc8de__ep2:future:00001:h5,test,ba18b7c1-21ff-45da-8452-41acce7fc8de__ep2,ba18b7c1-21ff-45da-8452-41acce7fc8de__ep2:qa:41,820,Manipulate paper edge,Grasp cleaning bottle,200.0,20.0,180.0,123,False
ba18b7c1-21ff-45da-8452-41acce7fc8de__ep2:future:00002:h5,test,ba18b7c1-21ff-45da-8452-41acce7fc8de__ep2,ba18b7c1-21ff-45da-8452-41acce7fc8de__ep2:qa:42,840,Manipulate paper edge,Put down smartphone,200.0,20.0,180.0,311,False
ba18b7c1-21ff-45da-8452-41acce7fc8de__ep2:future:00003:h5,test,ba18b7c1-21ff-45da-8452-41acce7fc8de__ep2,ba18b7c1-21ff-45da-8452-41acce7fc8de__ep2:qa:43,860,Manipulate paper edge,Grasp cleaning bottle,200.0,200.0,0.0,44,False
ba18b7c1-21ff-45da-8452-41acce7fc8de__ep2:future:00004:h5,test,ba18b7c1-21ff-45da-8452-41acce7fc8de__ep2,ba18b7c1-21ff-45da-8452-41acce7fc8de__ep2:qa:44,880,Manipulate paper edge,Grasp cleaning bottle,200.0,200.0,0.0,40,False
ba18b7c1-21ff-45da-8452-41acce7fc8de__ep2:future:00005:h5,test,ba18b7c1-21ff-45da-8452-41acce7fc8de__ep2,ba18b7c1-21ff-45da-8452-41acce7fc8de__ep2:qa:60,1200,Placing paper strip,Grasp cleaning bottle,200.0,200.0,0.0,107,False
ba18b7c1-21ff-45da-8452-41acce7fc8de__ep2:future:00006:h5,test,ba18b7c1-21ff-45da-8452-41acce7fc8de__ep2,ba18b7c1-21ff-45da-8452-41acce7fc8de__ep2:qa:61,1220,Placing paper strip,Grasp cleaning bottle,200.0,200.0,0.0,66,False
ba18b7c1-21ff-45da-8452-41acce7fc8de__ep2:future:00007:h5,test,ba18b7c1-21ff-45da-8452-41acce7fc8de__ep2,ba18b7c1-21ff-45da-8452-41acce7fc8de__ep2:qa:62,1240,Placing paper strip,Grasp cleaning bottle,200.0,200.0,0.0,371,False
ba18b7c1-21ff-45da-8452-41acce7fc8de__ep2:future:00008:h5,test,ba18b7c1-21ff-45da-8452-41acce7fc8de__ep2,ba18b7c1-21ff-45da-8452-41acce7fc8de__ep2:qa:63,1260,Placing paper strip,Grasp cleaning bottle,200.0,200.0,0.0,374,False
ba18b7c1-21ff-45da-8452-41acce7fc8de__ep2:future:00009:h5,test,ba18b7c1-21ff-45da-8452-41acce7fc8de__ep2,ba18b7c1-21ff-45da-8452-41acce7fc8de__ep2:qa:90,1800,Manipulate paper strip,Grasp cleaning bottle,200.0,60.0,140.0,67,False
ba18b7c1-21ff-45da-8452-41acce7fc8de__ep2:future:00010:h5,test,ba18b7c1-21ff-45da-8452-41acce7fc8de__ep2,ba18b7c1-21ff-45da-8452-41acce7fc8de__ep2:qa:91,1820,Manipulate paper strip,Grasp cleaning bottle,200.0,40.0,160.0,57,False
ba18b7c1-21ff-45da-8452-41acce7fc8de__ep2:future:00011:h5,test,ba18b7c1-21ff-45da-8452-41acce7fc8de__ep2,ba18b7c1-21ff-45da-8452-41acce7fc8de__ep2:qa:92,1840,Manipulate paper strip,Grasp cleaning bottle,200.0,20.0,180.0,101,False
ba18b7c1-21ff-45da-8452-41acce7fc8de__ep2:future:00012:h5,test,ba18b7c1-21ff-45da-8452-41acce7fc8de__ep2,ba18b7c1-21ff-45da-8452-41acce7fc8de__ep2:qa:93,1860,Manipulate paper strip,Placing paper strip,200.0,200.0,0.0,237,False
ba18b7c1-21ff-45da-8452-41acce7fc8de__ep2:future:00013:h5,test,ba18b7c1-21ff-45da-8452-41acce7fc8de__ep2,ba18b7c1-21ff-45da-8452-41acce7fc8de__ep2:qa:94,1880,Manipulate paper strip,Placing paper strip,200.0,200.0,0.0,283,False
ba18b7c1-21ff-45da-8452-41acce7fc8de__ep2:future:00014:h5,test,ba18b7c1-21ff-45da-8452-41acce7fc8de__ep2,ba18b7c1-21ff-45da-8452-41acce7fc8de__ep2:qa:146,2920,Securing paper structure,Grasp cleaning bottle,200.0,200.0,0.0,62,False
ba18b7c1-21ff-45da-8452-41acce7fc8de__ep2:future:00015:h5,test,ba18b7c1-21ff-45da-8452-41acce7fc8de__ep2,ba18b7c1-21ff-45da-8452-41acce7fc8de__ep2:qa:147,2940,Securing paper structure,Grasp cleaning bottle,200.0,200.0,0.0,171,False
ba18b7c1-21ff-45da-8452-41acce7fc8de__ep2:future:00016:h5,test,ba18b7c1-21ff-45da-8452-41acce7fc8de__ep2,ba18b7c1-21ff-45da-8452-41acce7fc8de__ep2:qa:148,2960,Securing paper structure,Grasp cleaning bottle,200.0,200.0,0.0,137,False
ba18b7c1-21ff-45da-8452-41acce7fc8de__ep2:future:00017:h5,test,ba18b7c1-21ff-45da-8452-41acce7fc8de__ep2,ba18b7c1-21ff-45da-8452-41acce7fc8de__ep2:qa:149,2980,Securing paper structure,Grasp cleaning bottle,200.0,200.0,0.0,183,False
ba18b7c1-21ff-45da-8452-41acce7fc8de__ep2:future:00018:h5,test,ba18b7c1-21ff-45da-8452-41acce7fc8de__ep2,ba18b7c1-21ff-45da-8452-41acce7fc8de__ep2:qa:170,3400,Manipulate adhesive strip,Grasp cleaning bottle,200.0,200.0,0.0,106,False
ba18b7c1-21ff-45da-8452-41acce7fc8de__ep2:future:00019:h5,test,ba18b7c1-21ff-45da-8452-41acce7fc8de__ep2,ba18b7c1-21ff-45da-8452-41acce7fc8de__ep2:qa:171,3420,Manipulate adhesive strip,Grasp cleaning bottle,200.0,200.0,0.0,144,False
ba18b7c1-21ff-45da-8452-41acce7fc8de__ep2:future:00020:h5,test,ba18b7c1-21ff-45da-8452-41acce7fc8de__ep2,ba18b7c1-21ff-45da-8452-41acce7fc8de__ep2:qa:172,3440,Manipulate adhesive strip,Grasp cleaning bottle,200.0,200.0,0.0,151,False
ba18b7c1-21ff-45da-8452-41acce7fc8de__ep2:future:00021:h5,test,ba18b7c1-21ff-45da-8452-41acce7fc8de__ep2,ba18b7c1-21ff-45da-8452-41acce7fc8de__ep2:qa:173,3460,Manipulate adhesive strip,Grasp cleaning bottle,200.0,200.0,0.0,115,False
ba18b7c1-21ff-45da-8452-41acce7fc8de__ep2:future:00022:h5,test,ba18b7c1-21ff-45da-8452-41acce7fc8de__ep2,ba18b7c1-21ff-45da-8452-41acce7fc8de__ep2:qa:174,3480,Manipulate adhesive strip,Grasp cleaning bottle,200.0,200.0,0.0,116,False
ba18b7c1-21ff-45da-8452-41acce7fc8de__ep2:future:00023:h5,test,ba18b7c1-21ff-45da-8452-41acce7fc8de__ep2,ba18b7c1-21ff-45da-8452-41acce7fc8de__ep2:qa:240,4800,Secure paper edges with adhesive,Grasp cleaning bottle,200.0,200.0,0.0,138,False
ba18b7c1-21ff-45da-8452-41acce7fc8de__ep2:future:00024:h5,test,ba18b7c1-21ff-45da-8452-41acce7fc8de__ep2,ba18b7c1-21ff-45da-8452-41acce7fc8de__ep2:qa:241,4820,Secure paper edges with adhesive,Grasp cleaning bottle,200.0,200.0,0.0,127,False
ba18b7c1-21ff-45da-8452-41acce7fc8de__ep2:future:00025:h5,test,ba18b7c1-21ff-45da-8452-41acce7fc8de__ep2,ba18b7c1-21ff-45da-8452-41acce7fc8de__ep2:qa:242,4840,Secure paper edges with adhesive,Grasp cleaning bottle,200.0,200.0,0.0,141,False
ba18b7c1-21ff-45da-8452-41acce7fc8de__ep2:future:00026:h5,test,ba18b7c1-21ff-45da-8452-41acce7fc8de__ep2,ba18b7c1-21ff-45da-8452-41acce7fc8de__ep2:qa:243,4860,Secure paper edges with adhesive,Grasp cleaning bottle,200.0,200.0,0.0,164,False
