query_index,row_id,rank,top1_row_id
0,8a8e1b3c-607e-4ada-b3fd-fa639727e92c__ep1:qa:0,1,8a8e1b3c-607e-4ada-b3fd-fa639727e92c__ep1:qa:0
1,8a8e1b3c-607e-4ada-b3fd-fa639727e92c__ep1:qa:20,20,8a8e1b3c-607e-4ada-b3fd-fa639727e92c__ep1:qa:0
2,8a8e1b3c-607e-4ada-b3fd-fa639727e92c__ep1:qa:46,428,a1012a57-385e-45a9-8a59-694a26fe92a5__ep1:qa:12
3,8a8e1b3c-607e-4ada-b3fd-fa639727e92c__ep1:qa:50,427,5399ef86-4df9-49bc-809f-8f4f92f9e659__ep6:qa:0
4,8a8e1b3c-607e-4ada-b3fd-fa639727e92c__ep1:qa:62,426,5399ef86-4df9-49bc-809f-8f4f92f9e659__ep6:qa:0
5,8a8e1b3c-607e-4ada-b3fd-fa639727e92c__ep1:qa:70,391,5399ef86-4df9-49bc-809f-8f4f92f9e659__ep6:qa:146
6,8a8e1b3c-607e-4ada-b3fd-fa639727e92c__ep1:qa:71,392,5399ef86-4df9-49bc-809f-8f4f92f9e659__ep6:qa:146
7,8a8e1b3c-607e-4ada-b3fd-fa639727e92c__ep1:qa:90,430,a1012a57-385e-45a9-8a59-694a26fe92a5__ep1:qa:12
8,8a8e1b3c-607e-4ada-b3fd-fa639727e92c__ep1:qa:100,298,b750fab3-7fbb-43a0-b451-c64c4d4a64da__ep1:qa:150
9,8a8e1b3c-607e-4ada-b3fd-fa639727e92c__ep1:qa:120,421,5399ef86-4df9-49bc-809f-8f4f92f9e659__ep6:qa:0
10,8a8e1b3c-607e-4ada-b3fd-fa639727e92c__ep1:qa:126,420,5399ef86-4df9-49bc-809f-8f4f92f9e659__ep6:qa:0
11,8a8e1b3c-607e-4ada-b3fd-fa639727e92c__ep1:qa:127,419,5399ef86-4df9-49bc-809f-8f4f92f9e659__ep6:qa:0
12,8a8e1b3c-607e-4ada-b3fd-fa639727e92c__ep1:qa:134,372,a1012a57-385e-45a9-8a59-694a26fe92a5__ep1:qa:12
13,8a8e1b3c-607e-4ada-b3fd-fa639727e92c__ep1:qa:140,241,34f07a04-eb37-45a3-95ec-189ed5f4a85b__ep5:qa:245
14,8a8e1b3c-607e-4ada-b3fd-fa639727e92c__ep1:qa:150,18,8a8e1b3c-607e-4ada-b3fd-fa639727e92c__ep1:qa:0
15,8a8e1b3c-607e-4ada-b3fd-fa639727e92c__ep1:qa:156,23,8a8e1b3c-607e-4ada-b3fd-fa639727e92c__ep1:qa:0
16,8a8e1b3c-607e-4ada-b3fd-fa639727e92c__ep1:qa:166,16,8a8e1b3c-607e-4ada-b3fd-fa639727e92c__ep1:qa:0
17,8a8e1b3c-607e-4ada-b3fd-fa639727e92c__ep1:qa:170,385,ba045ed4-ef25-404d-b756-8dcbd45b18fa__ep2:qa:291
18,8a8e1b3c-607e-4ada-b3fd-fa639727e92c__ep1:qa:184,48,ba045ed4-ef25-404d-b756-8dcbd45b18fa__ep2:qa:291
19,8a8e1b3c-607e-4ada-b3fd-fa639727e92c__ep1:qa:185,47,ba045ed4-ef25-404d-b756-8dcbd45b18fa__ep2:qa:291
20,8a8e1b3c-607e-4ada-b3fd-fa639727e92c__ep1:qa:192,366,a1012a57-385e-45a9-8a59-694a26fe92a5__ep1:qa:251
21,8a8e1b3c-607e-4ada-b3fd-fa639727e92c__ep1:qa:200,11,8a8e1b3c-607e-4ada-b3fd-fa639727e92c__ep1:qa:0
22,8a8e1b3c-607e-4ada-b3fd-fa639727e92c__ep1:qa:204,392,a1012a57-385e-45a9-8a59-694a26fe92a5__ep1:qa:296
23,8a8e1b3c-607e-4ada-b3fd-fa639727e92c__ep1:qa:205,391,a1012a57-385e-45a9-8a59-694a26fe92a5__ep1:qa:296
24,8a8e1b3c-607e-4ada-b3fd-fa639727e92c__ep1:qa:212,218,a1012a57-385e-45a9-8a59-694a26fe92a5__ep1:qa:296
25,8a8e1b3c-607e-4ada-b3fd-fa639727e92c__ep1:qa:220,293,b750fab3-7fbb-43a0-b451-c64c4d4a64da__ep1:qa:150
26,8a8e1b3c-607e-4ada-b3fd-fa639727e92c__ep1:qa:224,308,b750fab3-7fbb-43a0-b451-c64c4d4a64da__ep1:qa:150
27,8a8e1b3c-607e-4ada-b3fd-fa639727e92c__ep1:qa:232,321,b750fab3-7fbb-43a0-b451-c64c4d4a64da__ep1:qa:150
28,8a8e1b3c-607e-4ada-b3fd-fa639727e92c__ep1:qa:236,444,b750fab3-7fbb-43a0-b451-c64c4d4a64da__ep1:qa:20
29,8a8e1b3c-607e-4ada-b3fd-fa639727e92c__ep1:qa:237,445,b750fab3-7fbb-43a0-b451-c64c4d4a64da__ep1:qa:20
30,8a8e1b3c-607e-4ada-b3fd-fa639727e92c__ep1:qa:240,36,b750fab3-7fbb-43a0-b451-c64c4d4a64da__ep1:qa:0
31,8a8e1b3c-607e-4ada-b3fd-fa639727e92c__ep1:qa:244,35,b750fab3-7fbb-43a0-b451-c64c4d4a64da__ep1:qa:0
32,a1012a57-385e-45a9-8a59-694a26fe92a5__ep1:qa:0,423,8a8e1b3c-607e-4ada-b3fd-fa639727e92c__ep1:qa:0
33,a1012a57-385e-45a9-8a59-694a26fe92a5__ep1:qa:1,428,8a8e1b3c-607e-4ada-b3fd-fa639727e92c__ep1:qa:0
34,a1012a57-385e-45a9-8a59-694a26fe92a5__ep1:qa:2,427,8a8e1b3c-607e-4ada-b3fd-fa639727e92c__ep1:qa:0
35,a1012a57-385e-45a9-8a59-694a26fe92a5__ep1:qa:3,426,8a8e1b3c-607e-4ada-b3fd-fa639727e92c__ep1:qa:0
36,a1012a57-385e-45a9-8a59-694a26fe92a5__ep1:qa:4,425,8a8e1b3c-607e-4ada-b3fd-fa639727e92c__ep1:qa:0
37,a1012a57-385e-45a9-8a59-694a26fe92a5__ep1:qa:5,424,8a8e1b3c-607e-4ada-b3fd-fa639727e92c__ep1:qa:0
38,a1012a57-385e-45a9-8a59-694a26fe92a5__ep1:qa:6,430,8a8e1b3c-607e-4ada-b3fd-fa639727e92c__ep1:qa:0
39,a1012a57-385e-45a9-8a59-694a26fe92a5__ep1:qa:12,422,8a8e1b3c-607e-4ada-b3fd-fa639727e92c__ep1:qa:0
40,a1012a57-385e-45a9-8a59-694a26fe92a5__ep1:qa:13,418,8a8e1b3c-607e-4ada-b3fd-fa639727e92c__ep1:qa:0
41,a1012a57-385e-45a9-8a59-694a26fe92a5__ep1:qa:14,421,8a8e1b3c-607e-4ada-b3fd-fa639727e92c__ep1:qa:0
42,a1012a57-385e-45a9-8a59-694a26fe92a5__ep1:qa:15,420,8a8e1b3c-607e-4ada-b3fd-fa639727e92c__ep1:qa:0
43,a1012a57-385e-45a9-8a59-694a26fe92a5__ep1:qa:16,419,8a8e1b3c-607e-4ada-b3fd-fa639727e92c__ep1:qa:0
44,a1012a57-385e-45a9-8a59-694a26fe92a5__ep1:qa:17,417,8a8e1b3c-607e-4ada-b3fd-fa639727e92c__ep1:qa:0
45,a1012a57-385e-45a9-8a59-694a26fe92a5__ep1:qa:18,429,8a8e1b3c-607e-4ada-b3fd-fa639727e92c__ep1:qa:0
46,a1012a57-385e-45a9-8a59-694a26fe92a5__ep1:qa:19,431,8a8e1b3c-607e-4ada-b3fd-fa639727e92c__ep1:qa:0
47,a1012a57-385e-45a9-8a59-694a26fe92a5__ep1:qa:20,15,a1012a57-385e-45a9-8a59-694a26fe92a5__ep1:qa:296
48,a1012a57-385e-45a9-8a59-694a26fe92a5__ep1:qa:21,16,a1012a57-385e-45a9-8a59-694a26fe92a5__ep1:qa:296
49,a1012a57-385e-45a9-8a59-694a26fe92a5__ep1:qa:22,17,a1012a57-385e-45a9-8a59-694a26fe92a5__ep1:qa:296
50,a1012a57-385e-45a9-8a59-694a26fe92a5__ep1:qa:23,18,a1012a57-385e-45a9-8a59-694a26fe92a5__ep1:qa:296
51,a1012a57-385e-45a9-8a59-694a26fe92a5__ep1:qa:24,19,a1012a57-385e-45a9-8a59-694a26fe92a5__ep1:qa:296
52,a1012a57-385e-45a9-8a59-694a26fe92a5__ep1:qa:25,20,a1012a57-385e-45a9-8a59-694a26fe92a5__ep1:qa:296
53,a1012a57-385e-45a9-8a59-694a26fe92a5__ep1:qa:26,21,a1012a57-385e-45a9-8a59-694a26fe92a5__ep1:qa:296
54,a1012a57-385e-45a9-8a59-694a26fe92a5__ep1:qa:250,416,8a8e1b3c-607e-4ada-b3fd-fa639727e92c__ep1:qa:0
55,a1012a57-385e-45a9-8a59-694a26fe92a5__ep1:qa:251,407,8a8e1b3c-607e-4ada-b3fd-fa639727e92c__ep1:qa:0
56,a1012a57-385e-45a9-8a59-694a26fe92a5__ep1:qa:252,413,8a8e1b3c-607e-4ada-b3fd-fa639727e92c__ep1:qa:0
57,a1012a57-385e-45a9-8a59-694a26fe92a5__ep1:qa:253,414,8a8e1b3c-607e-4ada-b3fd-fa639727e92c__ep1:qa:0
58,a1012a57-385e-45a9-8a59-694a26fe92a5__ep1:qa:254,406,8a8e1b3c-607e-4ada-b3fd-fa639727e92c__ep1:qa:0
59,a1012a57-385e-45a9-8a59-694a26fe92a5__ep1:qa:255,412,8a8e1b3c-607e-4ada-b3fd-fa639727e92c__ep1:qa:0
60,a1012a57-385e-45a9-8a59-694a26fe92a5__ep1:qa:256,411,8a8e1b3c-607e-4ada-b3fd-fa639727e92c__ep1:qa:0
61,a1012a57-385e-45a9-8a59-694a26fe92a5__ep1:qa:294,412,34f07a04-eb37-45a3-95ec-189ed5f4a85b__ep5:qa:12
62,a1012a57-385e-45a9-8a59-694a26fe92a5__ep1:qa:295,415,34f07a04-eb37-45a3-95ec-189ed5f4a85b__ep5:qa:12
63,a1012a57-385e-45a9-8a59-694a26fe92a5__ep1:qa:296,416,34f07a04-eb37-45a3-95ec-189ed5f4a85b__ep5:qa:12
64,33f7ae08-ac1d-4321-9cb9-eca79016b359__ep1:qa:0,32,33f7ae08-ac1d-4321-9cb9-eca79016b359__ep1:qa:77
65,33f7ae08-ac1d-4321-9cb9-eca79016b359__ep1:qa:1,30,33f7ae08-ac1d-4321-9cb9-eca79016b359__ep1:qa:77
66,33f7ae08-ac1d-4321-9cb9-eca79016b359__ep1:qa:16,84,a1012a57-385e-45a9-8a59-694a26fe92a5__ep1:qa:12
67,33f7ae08-ac1d-4321-9cb9-eca79016b359__ep1:qa:17,85,a1012a57-385e-45a9-8a59-694a26fe92a5__ep1:qa:12
68,33f7ae08-ac1d-4321-9cb9-eca79016b359__ep1:qa:20,86,a1012a57-385e-45a9-8a59-694a26fe92a5__ep1:qa:12
69,33f7ae08-ac1d-4321-9cb9-eca79016b359__ep1:qa:21,87,a1012a57-385e-45a9-8a59-694a26fe92a5__ep1:qa:12
70,33f7ae08-ac1d-4321-9cb9-eca79016b359__ep1:qa:46,25,33f7ae08-ac1d-4321-9cb9-eca79016b359__ep1:qa:244
71,33f7ae08-ac1d-4321-9cb9-eca79016b359__ep1:qa:47,24,33f7ae08-ac1d-4321-9cb9-eca79016b359__ep1:qa:244
72,33f7ae08-ac1d-4321-9cb9-eca79016b359__ep1:qa:50,90,a1012a57-385e-45a9-8a59-694a26fe92a5__ep1:qa:12
73,33f7ae08-ac1d-4321-9cb9-eca79016b359__ep1:qa:58,233,8a8e1b3c-607e-4ada-b3fd-fa639727e92c__ep1:qa:0
74,33f7ae08-ac1d-4321-9cb9-eca79016b359__ep1:qa:59,232,8a8e1b3c-607e-4ada-b3fd-fa639727e92c__ep1:qa:0
75,33f7ae08-ac1d-4321-9cb9-eca79016b359__ep1:qa:64,366,8a8e1b3c-607e-4ada-b3fd-fa639727e92c__ep1:qa:0
76,33f7ae08-ac1d-4321-9cb9-eca79016b359__ep1:qa:65,355,8a8e1b3c-607e-4ada-b3fd-fa639727e92c__ep1:qa:0
77,33f7ae08-ac1d-4321-9cb9-eca79016b359__ep1:qa:70,401,ba045ed4-ef25-404d-b756-8dcbd45b18fa__ep2:qa:291
78,33f7ae08-ac1d-4321-9cb9-eca79016b359__ep1:qa:76,386,b9dd769b-e31a-4fdb-945e-5a60db6487b0__ep2:qa:0
79,33f7ae08-ac1d-4321-9cb9-eca79016b359__ep1:qa:77,401,b9dd769b-e31a-4fdb-945e-5a60db6487b0__ep2:qa:0
80,33f7ae08-ac1d-4321-9cb9-eca79016b359__ep1:qa:100,80,a1012a57-385e-45a9-8a59-694a26fe92a5__ep1:qa:12
81,33f7ae08-ac1d-4321-9cb9-eca79016b359__ep1:qa:101,78,a1012a57-385e-45a9-8a59-694a26fe92a5__ep1:qa:12
82,33f7ae08-ac1d-4321-9cb9-eca79016b359__ep1:qa:126,65,a1012a57-385e-45a9-8a59-694a26fe92a5__ep1:qa:12
83,33f7ae08-ac1d-4321-9cb9-eca79016b359__ep1:qa:138,116,877779cd-25f3-4293-a3c4-39067dd9558c__ep4:qa:200
84,33f7ae08-ac1d-4321-9cb9-eca79016b359__ep1:qa:140,375,8a8e1b3c-607e-4ada-b3fd-fa639727e92c__ep1:qa:0
85,33f7ae08-ac1d-4321-9cb9-eca79016b359__ep1:qa:141,376,8a8e1b3c-607e-4ada-b3fd-fa639727e92c__ep1:qa:0
86,33f7ae08-ac1d-4321-9cb9-eca79016b359__ep1:qa:150,52,b9dd769b-e31a-4fdb-945e-5a60db6487b0__ep2:qa:94
87,33f7ae08-ac1d-4321-9cb9-eca79016b359__ep1:qa:151,53,b9dd769b-e31a-4fdb-945e-5a60db6487b0__ep2:qa:94
88,33f7ae08-ac1d-4321-9cb9-eca79016b359__ep1:qa:164,7,33f7ae08-ac1d-4321-9cb9-eca79016b359__ep1:qa:244
89,33f7ae08-ac1d-4321-9cb9-eca79016b359__ep1:qa:165,6,33f7ae08-ac1d-4321-9cb9-eca79016b359__ep1:qa:244
90,33f7ae08-ac1d-4321-9cb9-eca79016b359__ep1:qa:172,29,33f7ae08-ac1d-4321-9cb9-eca79016b359__ep1:qa:77
91,33f7ae08-ac1d-4321-9cb9-eca79016b359__ep1:qa:173,31,33f7ae08-ac1d-4321-9cb9-eca79016b359__ep1:qa:77
92,33f7ae08-ac1d-4321-9cb9-eca79016b359__ep1:qa:182,3,33f7ae08-ac1d-4321-9cb9-eca79016b359__ep1:qa:244
93,33f7ae08-ac1d-4321-9cb9-eca79016b359__ep1:qa:183,2,33f7ae08-ac1d-4321-9cb9-eca79016b359__ep1:qa:244
94,33f7ae08-ac1d-4321-9cb9-eca79016b359__ep1:qa:226,59,ba045ed4-ef25-404d-b756-8dcbd45b18fa__ep2:qa:291
95,33f7ae08-ac1d-4321-9cb9-eca79016b359__ep1:qa:244,60,ba045ed4-ef25-404d-b756-8dcbd45b18fa__ep2:qa:291
96,9c553886-83c5-4dc4-be5c-dcb269b3a771__ep2:qa:0,260,8a8e1b3c-607e-4ada-b3fd-fa639727e92c__ep1:qa:0
97,9c553886-83c5-4dc4-be5c-dcb269b3a771__ep2:qa:1,259,8a8e1b3c-607e-4ada-b3fd-fa639727e92c__ep1:qa:0
98,9c553886-83c5-4dc4-be5c-dcb269b3a771__ep2:qa:2,395,a1012a57-385e-45a9-8a59-694a26fe92a5__ep1:qa:12
99,9c553886-83c5-4dc4-be5c-dcb269b3a771__ep2:qa:26,331,a1012a57-385e-45a9-8a59-694a26fe92a5__ep1:qa:20
100,9c553886-83c5-4dc4-be5c-dcb269b3a771__ep2:qa:27,330,a1012a57-385e-45a9-8a59-694a26fe92a5__ep1:qa:20
101,9c553886-83c5-4dc4-be5c-dcb269b3a771__ep2:qa:30,393,a1012a57-385e-45a9-8a59-694a26fe92a5__ep1:qa:12
102,9c553886-83c5-4dc4-be5c-dcb269b3a771__ep2:qa:31,392,a1012a57-385e-45a9-8a59-694a26fe92a5__ep1:qa:12
103,9c553886-83c5-4dc4-be5c-dcb269b3a771__ep2:qa:70,398,1796b943-caad-43c6-b9bd-80b8d601f37d__ep1:qa:141
104,9c553886-83c5-4dc4-be5c-dcb269b3a771__ep2:qa:71,390,1796b943-caad-43c6-b9bd-80b8d601f37d__ep1:qa:141
105,9c553886-83c5-4dc4-be5c-dcb269b3a771__ep2:qa:72,389,1796b943-caad-43c6-b9bd-80b8d601f37d__ep1:qa:141
106,9c553886-83c5-4dc4-be5c-dcb269b3a771__ep2:qa:90,86,1796b943-caad-43c6-b9bd-80b8d601f37d__ep1:qa:41
107,9c553886-83c5-4dc4-be5c-dcb269b3a771__ep2:qa:91,85,1796b943-caad-43c6-b9bd-80b8d601f37d__ep1:qa:41
108,9c553886-83c5-4dc4-be5c-dcb269b3a771__ep2:qa:110,254,8a8e1b3c-607e-4ada-b3fd-fa639727e92c__ep1:qa:0
109,9c553886-83c5-4dc4-be5c-dcb269b3a771__ep2:qa:111,279,8a8e1b3c-607e-4ada-b3fd-fa639727e92c__ep1:qa:0
110,9c553886-83c5-4dc4-be5c-dcb269b3a771__ep2:qa:112,335,8a8e1b3c-607e-4ada-b3fd-fa639727e92c__ep1:qa:0
111,9c553886-83c5-4dc4-be5c-dcb269b3a771__ep2:qa:170,400,a1012a57-385e-45a9-8a59-694a26fe92a5__ep1:qa:12
112,9c553886-83c5-4dc4-be5c-dcb269b3a771__ep2:qa:171,406,a1012a57-385e-45a9-8a59-694a26fe92a5__ep1:qa:12
113,9c553886-83c5-4dc4-be5c-dcb269b3a771__ep2:qa:172,401,a1012a57-385e-45a9-8a59-694a26fe92a5__ep1:qa:12
114,9c553886-83c5-4dc4-be5c-dcb269b3a771__ep2:qa:230,364,33f7ae08-ac1d-4321-9cb9-eca79016b359__ep1:qa:77
115,9c553886-83c5-4dc4-be5c-dcb269b3a771__ep2:qa:231,353,33f7ae08-ac1d-4321-9cb9-eca79016b359__ep1:qa:77
116,9c553886-83c5-4dc4-be5c-dcb269b3a771__ep2:qa:276,413,33f7ae08-ac1d-4321-9cb9-eca79016b359__ep1:qa:77
117,9c553886-83c5-4dc4-be5c-dcb269b3a771__ep2:qa:277,412,33f7ae08-ac1d-4321-9cb9-eca79016b359__ep1:qa:77
118,9c553886-83c5-4dc4-be5c-dcb269b3a771__ep2:qa:278,411,33f7ae08-ac1d-4321-9cb9-eca79016b359__ep1:qa:77
119,9c553886-83c5-4dc4-be5c-dcb269b3a771__ep2:qa:282,71,1796b943-caad-43c6-b9bd-80b8d601f37d__ep1:qa:41
120,9c553886-83c5-4dc4-be5c-dcb269b3a771__ep2:qa:283,70,1796b943-caad-43c6-b9bd-80b8d601f37d__ep1:qa:41
121,9c553886-83c5-4dc4-be5c-dcb269b3a771__ep2:qa:284,69,1796b943-caad-43c6-b9bd-80b8d601f37d__ep1:qa:41
122,9c553886-83c5-4dc4-be5c-dcb269b3a771__ep2:qa:290,149,34f07a04-eb37-45a3-95ec-189ed5f4a85b__ep5:qa:0
123,9c553886-83c5-4dc4-be5c-dcb269b3a771__ep2:qa:291,148,34f07a04-eb37-45a3-95ec-189ed5f4a85b__ep5:qa:0
124,9c553886-83c5-4dc4-be5c-dcb269b3a771__ep2:qa:292,147,1796b943-caad-43c6-b9bd-80b8d601f37d__ep1:qa:141
125,9c553886-83c5-4dc4-be5c-dcb269b3a771__ep2:qa:293,153,1796b943-caad-43c6-b9bd-80b8d601f37d__ep1:qa:141
126,9c553886-83c5-4dc4-be5c-dcb269b3a771__ep2:qa:294,130,1796b943-caad-43c6-b9bd-80b8d601f37d__ep1:qa:141
127,9c553886-83c5-4dc4-be5c-dcb269b3a771__ep2:qa:295,154,1796b943-caad-43c6-b9bd-80b8d601f37d__ep1:qa:141
128,34f07a04-eb37-45a3-95ec-189ed5f4a85b__ep5:qa:0,257,8a8e1b3c-607e-4ada-b3fd-fa639727e92c__ep1:qa:0
129,34f07a04-eb37-45a3-95ec-189ed5f4a85b__ep5:qa:12,195,ba045ed4-ef25-404d-b756-8dcbd45b18fa__ep2:qa:291
130,34f07a04-eb37-45a3-95ec-189ed5f4a85b__ep5:qa:64,60,33f7ae08-ac1d-4321-9cb9-eca79016b359__ep1:qa:77
131,34f07a04-eb37-45a3-95ec-189ed5f4a85b__ep5:qa:65,59,33f7ae08-ac1d-4321-9cb9-eca79016b359__ep1:qa:77
132,34f07a04-eb37-45a3-95ec-189ed5f4a85b__ep5:qa:70,214,ba045ed4-ef25-404d-b756-8dcbd45b18fa__ep2:qa:291
133,34f07a04-eb37-45a3-95ec-189ed5f4a85b__ep5:qa:71,215,ba045ed4-ef25-404d-b756-8dcbd45b18fa__ep2:qa:291
134,34f07a04-eb37-45a3-95ec-189ed5f4a85b__ep5:qa:82,200,ba045ed4-ef25-404d-b756-8dcbd45b18fa__ep2:qa:291
135,34f07a04-eb37-45a3-95ec-189ed5f4a85b__ep5:qa:90,54,33f7ae08-ac1d-4321-9cb9-eca79016b359__ep1:qa:76
136,34f07a04-eb37-45a3-95ec-189ed5f4a85b__ep5:qa:91,53,33f7ae08-ac1d-4321-9cb9-eca79016b359__ep1:qa:76
137,34f07a04-eb37-45a3-95ec-189ed5f4a85b__ep5:qa:106,39,33f7ae08-ac1d-4321-9cb9-eca79016b359__ep1:qa:126
138,34f07a04-eb37-45a3-95ec-189ed5f4a85b__ep5:qa:140,277,8a8e1b3c-607e-4ada-b3fd-fa639727e92c__ep1:qa:0
139,34f07a04-eb37-45a3-95ec-189ed5f4a85b__ep5:qa:141,276,8a8e1b3c-607e-4ada-b3fd-fa639727e92c__ep1:qa:0
140,34f07a04-eb37-45a3-95ec-189ed5f4a85b__ep5:qa:154,217,ba045ed4-ef25-404d-b756-8dcbd45b18fa__ep2:qa:291
141,34f07a04-eb37-45a3-95ec-189ed5f4a85b__ep5:qa:160,303,b9dd769b-e31a-4fdb-945e-5a60db6487b0__ep2:qa:0
142,34f07a04-eb37-45a3-95ec-189ed5f4a85b__ep5:qa:166,287,8a8e1b3c-607e-4ada-b3fd-fa639727e92c__ep1:qa:0
143,34f07a04-eb37-45a3-95ec-189ed5f4a85b__ep5:qa:167,273,8a8e1b3c-607e-4ada-b3fd-fa639727e92c__ep1:qa:0
144,34f07a04-eb37-45a3-95ec-189ed5f4a85b__ep5:qa:190,78,33f7ae08-ac1d-4321-9cb9-eca79016b359__ep1:qa:77
145,34f07a04-eb37-45a3-95ec-189ed5f4a85b__ep5:qa:191,76,33f7ae08-ac1d-4321-9cb9-eca79016b359__ep1:qa:77
146,34f07a04-eb37-45a3-95ec-189ed5f4a85b__ep5:qa:198,74,b9dd769b-e31a-4fdb-945e-5a60db6487b0__ep2:qa:96
147,34f07a04-eb37-45a3-95ec-189ed5f4a85b__ep5:qa:199,73,b9dd769b-e31a-4fdb-945e-5a60db6487b0__ep2:qa:96
148,34f07a04-eb37-45a3-95ec-189ed5f4a85b__ep5:qa:206,338,8a8e1b3c-607e-4ada-b3fd-fa639727e92c__ep1:qa:0
149,34f07a04-eb37-45a3-95ec-189ed5f4a85b__ep5:qa:207,337,8a8e1b3c-607e-4ada-b3fd-fa639727e92c__ep1:qa:0
150,34f07a04-eb37-45a3-95ec-189ed5f4a85b__ep5:qa:218,134,a1012a57-385e-45a9-8a59-694a26fe92a5__ep1:qa:12
151,34f07a04-eb37-45a3-95ec-189ed5f4a85b__ep5:qa:219,129,a1012a57-385e-45a9-8a59-694a26fe92a5__ep1:qa:12
152,34f07a04-eb37-45a3-95ec-189ed5f4a85b__ep5:qa:220,435,1796b943-caad-43c6-b9bd-80b8d601f37d__ep1:qa:142
153,34f07a04-eb37-45a3-95ec-189ed5f4a85b__ep5:qa:221,434,1796b943-caad-43c6-b9bd-80b8d601f37d__ep1:qa:142
154,34f07a04-eb37-45a3-95ec-189ed5f4a85b__ep5:qa:236,433,1796b943-caad-43c6-b9bd-80b8d601f37d__ep1:qa:142
155,34f07a04-eb37-45a3-95ec-189ed5f4a85b__ep5:qa:237,432,1796b943-caad-43c6-b9bd-80b8d601f37d__ep1:qa:142
156,34f07a04-eb37-45a3-95ec-189ed5f4a85b__ep5:qa:240,139,a1012a57-385e-45a9-8a59-694a26fe92a5__ep1:qa:12
157,34f07a04-eb37-45a3-95ec-189ed5f4a85b__ep5:qa:241,140,a1012a57-385e-45a9-8a59-694a26fe92a5__ep1:qa:12
158,34f07a04-eb37-45a3-95ec-189ed5f4a85b__ep5:qa:244,335,8a8e1b3c-607e-4ada-b3fd-fa639727e92c__ep1:qa:0
159,34f07a04-eb37-45a3-95ec-189ed5f4a85b__ep5:qa:245,334,8a8e1b3c-607e-4ada-b3fd-fa639727e92c__ep1:qa:0
160,b9dd769b-e31a-4fdb-945e-5a60db6487b0__ep2:qa:0,388,8a8e1b3c-607e-4ada-b3fd-fa639727e92c__ep1:qa:0
161,b9dd769b-e31a-4fdb-945e-5a60db6487b0__ep2:qa:1,405,8a8e1b3c-607e-4ada-b3fd-fa639727e92c__ep1:qa:0
162,b9dd769b-e31a-4fdb-945e-5a60db6487b0__ep2:qa:2,406,8a8e1b3c-607e-4ada-b3fd-fa639727e92c__ep1:qa:0
163,b9dd769b-e31a-4fdb-945e-5a60db6487b0__ep2:qa:40,407,8a8e1b3c-607e-4ada-b3fd-fa639727e92c__ep1:qa:0
164,b9dd769b-e31a-4fdb-945e-5a60db6487b0__ep2:qa:41,408,8a8e1b3c-607e-4ada-b3fd-fa639727e92c__ep1:qa:0
165,b9dd769b-e31a-4fdb-945e-5a60db6487b0__ep2:qa:42,410,8a8e1b3c-607e-4ada-b3fd-fa639727e92c__ep1:qa:0
166,b9dd769b-e31a-4fdb-945e-5a60db6487b0__ep2:qa:43,409,8a8e1b3c-607e-4ada-b3fd-fa639727e92c__ep1:qa:0
167,b9dd769b-e31a-4fdb-945e-5a60db6487b0__ep2:qa:70,416,8a8e1b3c-607e-4ada-b3fd-fa639727e92c__ep1:qa:0
168,b9dd769b-e31a-4fdb-945e-5a60db6487b0__ep2:qa:71,411,8a8e1b3c-607e-4ada-b3fd-fa639727e92c__ep1:qa:0
169,b9dd769b-e31a-4fdb-945e-5a60db6487b0__ep2:qa:72,412,8a8e1b3c-607e-4ada-b3fd-fa639727e92c__ep1:qa:0
170,b9dd769b-e31a-4fdb-945e-5a60db6487b0__ep2:qa:73,413,8a8e1b3c-607e-4ada-b3fd-fa639727e92c__ep1:qa:0
171,b9dd769b-e31a-4fdb-945e-5a60db6487b0__ep2:qa:90,404,34f07a04-eb37-45a3-95ec-189ed5f4a85b__ep5:qa:12
172,b9dd769b-e31a-4fdb-945e-5a60db6487b0__ep2:qa:91,401,34f07a04-eb37-45a3-95ec-189ed5f4a85b__ep5:qa:12
173,b9dd769b-e31a-4fdb-945e-5a60db6487b0__ep2:qa:92,400,34f07a04-eb37-45a3-95ec-189ed5f4a85b__ep5:qa:12
174,b9dd769b-e31a-4fdb-945e-5a60db6487b0__ep2:qa:94,399,34f07a04-eb37-45a3-95ec-189ed5f4a85b__ep5:qa:12
175,b9dd769b-e31a-4fdb-945e-5a60db6487b0__ep2:qa:95,398,34f07a04-eb37-45a3-95ec-189ed5f4a85b__ep5:qa:12
176,b9dd769b-e31a-4fdb-945e-5a60db6487b0__ep2:qa:96,397,34f07a04-eb37-45a3-95ec-189ed5f4a85b__ep5:qa:12
177,b9dd769b-e31a-4fdb-945e-5a60db6487b0__ep2:qa:97,396,34f07a04-eb37-45a3-95ec-189ed5f4a85b__ep5:qa:12
178,b9dd769b-e31a-4fdb-945e-5a60db6487b0__ep2:qa:114,128,33f7ae08-ac1d-4321-9cb9-eca79016b359__ep1:qa:77
179,b9dd769b-e31a-4fdb-945e-5a60db6487b0__ep2:qa:115,126,33f7ae08-ac1d-4321-9cb9-eca79016b359__ep1:qa:77
180,b9dd769b-e31a-4fdb-945e-5a60db6487b0__ep2:qa:116,125,33f7ae08-ac1d-4321-9cb9-eca79016b359__ep1:qa:77
181,b9dd769b-e31a-4fdb-945e-5a60db6487b0__ep2:qa:120,396,8a8e1b3c-607e-4ada-b3fd-fa639727e92c__ep1:qa:0
182,b9dd769b-e31a-4fdb-945e-5a60db6487b0__ep2:qa:121,402,8a8e1b3c-607e-4ada-b3fd-fa639727e92c__ep1:qa:0
183,b9dd769b-e31a-4fdb-945e-5a60db6487b0__ep2:qa:122,395,8a8e1b3c-607e-4ada-b3fd-fa639727e92c__ep1:qa:0
184,b9dd769b-e31a-4fdb-945e-5a60db6487b0__ep2:qa:123,394,8a8e1b3c-607e-4ada-b3fd-fa639727e92c__ep1:qa:0
185,b9dd769b-e31a-4fdb-945e-5a60db6487b0__ep2:qa:144,389,34f07a04-eb37-45a3-95ec-189ed5f4a85b__ep5:qa:12
186,b9dd769b-e31a-4fdb-945e-5a60db6487b0__ep2:qa:145,388,34f07a04-eb37-45a3-95ec-189ed5f4a85b__ep5:qa:12
187,b9dd769b-e31a-4fdb-945e-5a60db6487b0__ep2:qa:146,385,34f07a04-eb37-45a3-95ec-189ed5f4a85b__ep5:qa:12
188,b9dd769b-e31a-4fdb-945e-5a60db6487b0__ep2:qa:147,387,34f07a04-eb37-45a3-95ec-189ed5f4a85b__ep5:qa:12
189,b9dd769b-e31a-4fdb-945e-5a60db6487b0__ep2:qa:190,410,34f07a04-eb37-45a3-95ec-189ed5f4a85b__ep5:qa:12
190,b9dd769b-e31a-4fdb-945e-5a60db6487b0__ep2:qa:191,386,34f07a04-eb37-45a3-95ec-189ed5f4a85b__ep5:qa:12
191,b9dd769b-e31a-4fdb-945e-5a60db6487b0__ep2:qa:192,405,34f07a04-eb37-45a3-95ec-189ed5f4a85b__ep5:qa:12
192,ba045ed4-ef25-404d-b756-8dcbd45b18fa__ep2:qa:0,35,a1012a57-385e-45a9-8a59-694a26fe92a5__ep1:qa:296
193,ba045ed4-ef25-404d-b756-8dcbd45b18fa__ep2:qa:1,36,a1012a57-385e-45a9-8a59-694a26fe92a5__ep1:qa:296
194,ba045ed4-ef25-404d-b756-8dcbd45b18fa__ep2:qa:20,212,33f7ae08-ac1d-4321-9cb9-eca79016b359__ep1:qa:77
195,ba045ed4-ef25-404d-b756-8dcbd45b18fa__ep2:qa:21,213,33f7ae08-ac1d-4321-9cb9-eca79016b359__ep1:qa:77
196,ba045ed4-ef25-404d-b756-8dcbd45b18fa__ep2:qa:30,214,33f7ae08-ac1d-4321-9cb9-eca79016b359__ep1:qa:77
197,ba045ed4-ef25-404d-b756-8dcbd45b18fa__ep2:qa:31,215,33f7ae08-ac1d-4321-9cb9-eca79016b359__ep1:qa:77
198,ba045ed4-ef25-404d-b756-8dcbd45b18fa__ep2:qa:40,234,8a8e1b3c-607e-4ada-b3fd-fa639727e92c__ep1:qa:0
199,ba045ed4-ef25-404d-b756-8dcbd45b18fa__ep2:qa:41,235,8a8e1b3c-607e-4ada-b3fd-fa639727e92c__ep1:qa:0
200,ba045ed4-ef25-404d-b756-8dcbd45b18fa__ep2:qa:70,218,a1012a57-385e-45a9-8a59-694a26fe92a5__ep1:qa:12
201,ba045ed4-ef25-404d-b756-8dcbd45b18fa__ep2:qa:71,219,a1012a57-385e-45a9-8a59-694a26fe92a5__ep1:qa:12
202,ba045ed4-ef25-404d-b756-8dcbd45b18fa__ep2:qa:170,11,ba045ed4-ef25-404d-b756-8dcbd45b18fa__ep2:qa:291
203,ba045ed4-ef25-404d-b756-8dcbd45b18fa__ep2:qa:171,12,ba045ed4-ef25-404d-b756-8dcbd45b18fa__ep2:qa:291
204,ba045ed4-ef25-404d-b756-8dcbd45b18fa__ep2:qa:176,77,33f7ae08-ac1d-4321-9cb9-eca79016b359__ep1:qa:77
205,ba045ed4-ef25-404d-b756-8dcbd45b18fa__ep2:qa:182,78,33f7ae08-ac1d-4321-9cb9-eca79016b359__ep1:qa:77
206,ba045ed4-ef25-404d-b756-8dcbd45b18fa__ep2:qa:190,209,a1012a57-385e-45a9-8a59-694a26fe92a5__ep1:qa:251
207,ba045ed4-ef25-404d-b756-8dcbd45b18fa__ep2:qa:191,217,a1012a57-385e-45a9-8a59-694a26fe92a5__ep1:qa:251
208,ba045ed4-ef25-404d-b756-8dcbd45b18fa__ep2:qa:200,96,33f7ae08-ac1d-4321-9cb9-eca79016b359__ep1:qa:77
209,ba045ed4-ef25-404d-b756-8dcbd45b18fa__ep2:qa:201,82,33f7ae08-ac1d-4321-9cb9-eca79016b359__ep1:qa:77
210,ba045ed4-ef25-404d-b756-8dcbd45b18fa__ep2:qa:214,31,ba045ed4-ef25-404d-b756-8dcbd45b18fa__ep2:qa:291
211,ba045ed4-ef25-404d-b756-8dcbd45b18fa__ep2:qa:215,30,ba045ed4-ef25-404d-b756-8dcbd45b18fa__ep2:qa:291
212,ba045ed4-ef25-404d-b756-8dcbd45b18fa__ep2:qa:220,235,9c553886-83c5-4dc4-be5c-dcb269b3a771__ep2:qa:170
213,ba045ed4-ef25-404d-b756-8dcbd45b18fa__ep2:qa:221,234,9c553886-83c5-4dc4-be5c-dcb269b3a771__ep2:qa:170
214,ba045ed4-ef25-404d-b756-8dcbd45b18fa__ep2:qa:230,256,9c553886-83c5-4dc4-be5c-dcb269b3a771__ep2:qa:294
215,ba045ed4-ef25-404d-b756-8dcbd45b18fa__ep2:qa:231,248,9c553886-83c5-4dc4-be5c-dcb269b3a771__ep2:qa:294
216,ba045ed4-ef25-404d-b756-8dcbd45b18fa__ep2:qa:240,206,b9dd769b-e31a-4fdb-945e-5a60db6487b0__ep2:qa:94
217,ba045ed4-ef25-404d-b756-8dcbd45b18fa__ep2:qa:250,352,33f7ae08-ac1d-4321-9cb9-eca79016b359__ep1:qa:47
218,ba045ed4-ef25-404d-b756-8dcbd45b18fa__ep2:qa:258,365,33f7ae08-ac1d-4321-9cb9-eca79016b359__ep1:qa:76
219,ba045ed4-ef25-404d-b756-8dcbd45b18fa__ep2:qa:259,374,33f7ae08-ac1d-4321-9cb9-eca79016b359__ep1:qa:76
220,ba045ed4-ef25-404d-b756-8dcbd45b18fa__ep2:qa:270,405,b9dd769b-e31a-4fdb-945e-5a60db6487b0__ep2:qa:1
221,ba045ed4-ef25-404d-b756-8dcbd45b18fa__ep2:qa:271,404,b9dd769b-e31a-4fdb-945e-5a60db6487b0__ep2:qa:1
222,ba045ed4-ef25-404d-b756-8dcbd45b18fa__ep2:qa:290,204,a1012a57-385e-45a9-8a59-694a26fe92a5__ep1:qa:12
223,ba045ed4-ef25-404d-b756-8dcbd45b18fa__ep2:qa:291,208,a1012a57-385e-45a9-8a59-694a26fe92a5__ep1:qa:12
224,4b02bb38-384a-438a-b5f9-6131d85c34b0__ep1:qa:0,242,33f7ae08-ac1d-4321-9cb9-eca79016b359__ep1:qa:77
225,4b02bb38-384a-438a-b5f9-6131d85c34b0__ep1:qa:1,243,33f7ae08-ac1d-4321-9cb9-eca79016b359__ep1:qa:77
226,4b02bb38-384a-438a-b5f9-6131d85c34b0__ep1:qa:2,244,33f7ae08-ac1d-4321-9cb9-eca79016b359__ep1:qa:77
227,4b02bb38-384a-438a-b5f9-6131d85c34b0__ep1:qa:14,262,34f07a04-eb37-45a3-95ec-189ed5f4a85b__ep5:qa:12
228,4b02bb38-384a-438a-b5f9-6131d85c34b0__ep1:qa:15,263,34f07a04-eb37-45a3-95ec-189ed5f4a85b__ep5:qa:12
229,4b02bb38-384a-438a-b5f9-6131d85c34b0__ep1:qa:16,264,34f07a04-eb37-45a3-95ec-189ed5f4a85b__ep5:qa:12
230,4b02bb38-384a-438a-b5f9-6131d85c34b0__ep1:qa:20,200,8a8e1b3c-607e-4ada-b3fd-fa639727e92c__ep1:qa:0
231,4b02bb38-384a-438a-b5f9-6131d85c34b0__ep1:qa:21,206,8a8e1b3c-607e-4ada-b3fd-fa639727e92c__ep1:qa:0
232,4b02bb38-384a-438a-b5f9-6131d85c34b0__ep1:qa:22,198,8a8e1b3c-607e-4ada-b3fd-fa639727e92c__ep1:qa:0
233,4b02bb38-384a-438a-b5f9-6131d85c34b0__ep1:qa:32,251,a1012a57-385e-45a9-8a59-694a26fe92a5__ep1:qa:12
234,4b02bb38-384a-438a-b5f9-6131d85c34b0__ep1:qa:33,252,a1012a57-385e-45a9-8a59-694a26fe92a5__ep1:qa:12
235,4b02bb38-384a-438a-b5f9-6131d85c34b0__ep1:qa:34,253,a1012a57-385e-45a9-8a59-694a26fe92a5__ep1:qa:12
236,4b02bb38-384a-438a-b5f9-6131d85c34b0__ep1:qa:50,254,33f7ae08-ac1d-4321-9cb9-eca79016b359__ep1:qa:77
237,4b02bb38-384a-438a-b5f9-6131d85c34b0__ep1:qa:51,256,33f7ae08-ac1d-4321-9cb9-eca79016b359__ep1:qa:77
238,4b02bb38-384a-438a-b5f9-6131d85c34b0__ep1:qa:70,273,33f7ae08-ac1d-4321-9cb9-eca79016b359__ep1:qa:244
239,4b02bb38-384a-438a-b5f9-6131d85c34b0__ep1:qa:71,274,33f7ae08-ac1d-4321-9cb9-eca79016b359__ep1:qa:244
240,4b02bb38-384a-438a-b5f9-6131d85c34b0__ep1:qa:72,257,33f7ae08-ac1d-4321-9cb9-eca79016b359__ep1:qa:244
241,4b02bb38-384a-438a-b5f9-6131d85c34b0__ep1:qa:100,225,ba18b7c1-21ff-45da-8452-41acce7fc8de__ep2:qa:90
242,4b02bb38-384a-438a-b5f9-6131d85c34b0__ep1:qa:101,226,ba18b7c1-21ff-45da-8452-41acce7fc8de__ep2:qa:90
243,4b02bb38-384a-438a-b5f9-6131d85c34b0__ep1:qa:102,227,ba18b7c1-21ff-45da-8452-41acce7fc8de__ep2:qa:90
244,4b02bb38-384a-438a-b5f9-6131d85c34b0__ep1:qa:132,170,8a8e1b3c-607e-4ada-b3fd-fa639727e92c__ep1:qa:0
245,4b02bb38-384a-438a-b5f9-6131d85c34b0__ep1:qa:133,169,8a8e1b3c-607e-4ada-b3fd-fa639727e92c__ep1:qa:0
246,4b02bb38-384a-438a-b5f9-6131d85c34b0__ep1:qa:134,102,8a8e1b3c-607e-4ada-b3fd-fa639727e92c__ep1:qa:0
247,4b02bb38-384a-438a-b5f9-6131d85c34b0__ep1:qa:184,167,8a8e1b3c-607e-4ada-b3fd-fa639727e92c__ep1:qa:0
248,4b02bb38-384a-438a-b5f9-6131d85c34b0__ep1:qa:185,166,8a8e1b3c-607e-4ada-b3fd-fa639727e92c__ep1:qa:0
249,4b02bb38-384a-438a-b5f9-6131d85c34b0__ep1:qa:186,165,8a8e1b3c-607e-4ada-b3fd-fa639727e92c__ep1:qa:0
250,4b02bb38-384a-438a-b5f9-6131d85c34b0__ep1:qa:200,218,8a8e1b3c-607e-4ada-b3fd-fa639727e92c__ep1:qa:0
251,4b02bb38-384a-438a-b5f9-6131d85c34b0__ep1:qa:201,219,8a8e1b3c-607e-4ada-b3fd-fa639727e92c__ep1:qa:0
252,4b02bb38-384a-438a-b5f9-6131d85c34b0__ep1:qa:202,220,8a8e1b3c-607e-4ada-b3fd-fa639727e92c__ep1:qa:0
253,4b02bb38-384a-438a-b5f9-6131d85c34b0__ep1:qa:220,221,8a8e1b3c-607e-4ada-b3fd-fa639727e92c__ep1:qa:0
254,4b02bb38-384a-438a-b5f9-6131d85c34b0__ep1:qa:221,222,8a8e1b3c-607e-4ada-b3fd-fa639727e92c__ep1:qa:0
255,4b02bb38-384a-438a-b5f9-6131d85c34b0__ep1:qa:222,207,8a8e1b3c-607e-4ada-b3fd-fa639727e92c__ep1:qa:0
256,5399ef86-4df9-49bc-809f-8f4f92f9e659__ep6:qa:0,150,33f7ae08-ac1d-4321-9cb9-eca79016b359__ep1:qa:77
257,5399ef86-4df9-49bc-809f-8f4f92f9e659__ep6:qa:1,158,33f7ae08-ac1d-4321-9cb9-eca79016b359__ep1:qa:77
258,5399ef86-4df9-49bc-809f-8f4f92f9e659__ep6:qa:2,157,33f7ae08-ac1d-4321-9cb9-eca79016b359__ep1:qa:77
259,5399ef86-4df9-49bc-809f-8f4f92f9e659__ep6:qa:8,156,33f7ae08-ac1d-4321-9cb9-eca79016b359__ep1:qa:77
260,5399ef86-4df9-49bc-809f-8f4f92f9e659__ep6:qa:9,155,33f7ae08-ac1d-4321-9cb9-eca79016b359__ep1:qa:77
261,5399ef86-4df9-49bc-809f-8f4f92f9e659__ep6:qa:10,154,33f7ae08-ac1d-4321-9cb9-eca79016b359__ep1:qa:77
262,5399ef86-4df9-49bc-809f-8f4f92f9e659__ep6:qa:20,101,8a8e1b3c-607e-4ada-b3fd-fa639727e92c__ep1:qa:0
263,5399ef86-4df9-49bc-809f-8f4f92f9e659__ep6:qa:21,100,8a8e1b3c-607e-4ada-b3fd-fa639727e92c__ep1:qa:0
264,5399ef86-4df9-49bc-809f-8f4f92f9e659__ep6:qa:22,99,8a8e1b3c-607e-4ada-b3fd-fa639727e92c__ep1:qa:0
265,5399ef86-4df9-49bc-809f-8f4f92f9e659__ep6:qa:50,128,a1012a57-385e-45a9-8a59-694a26fe92a5__ep1:qa:12
266,5399ef86-4df9-49bc-809f-8f4f92f9e659__ep6:qa:51,122,a1012a57-385e-45a9-8a59-694a26fe92a5__ep1:qa:12
267,5399ef86-4df9-49bc-809f-8f4f92f9e659__ep6:qa:52,123,a1012a57-385e-45a9-8a59-694a26fe92a5__ep1:qa:12
268,5399ef86-4df9-49bc-809f-8f4f92f9e659__ep6:qa:90,323,8a8e1b3c-607e-4ada-b3fd-fa639727e92c__ep1:qa:0
269,5399ef86-4df9-49bc-809f-8f4f92f9e659__ep6:qa:91,322,8a8e1b3c-607e-4ada-b3fd-fa639727e92c__ep1:qa:0
270,5399ef86-4df9-49bc-809f-8f4f92f9e659__ep6:qa:92,321,8a8e1b3c-607e-4ada-b3fd-fa639727e92c__ep1:qa:0
271,5399ef86-4df9-49bc-809f-8f4f92f9e659__ep6:qa:100,127,a1012a57-385e-45a9-8a59-694a26fe92a5__ep1:qa:12
272,5399ef86-4df9-49bc-809f-8f4f92f9e659__ep6:qa:101,113,a1012a57-385e-45a9-8a59-694a26fe92a5__ep1:qa:12
273,5399ef86-4df9-49bc-809f-8f4f92f9e659__ep6:qa:102,114,a1012a57-385e-45a9-8a59-694a26fe92a5__ep1:qa:12
274,5399ef86-4df9-49bc-809f-8f4f92f9e659__ep6:qa:120,171,ba045ed4-ef25-404d-b756-8dcbd45b18fa__ep2:qa:291
275,5399ef86-4df9-49bc-809f-8f4f92f9e659__ep6:qa:121,170,ba045ed4-ef25-404d-b756-8dcbd45b18fa__ep2:qa:291
276,5399ef86-4df9-49bc-809f-8f4f92f9e659__ep6:qa:140,169,33f7ae08-ac1d-4321-9cb9-eca79016b359__ep1:qa:77
277,5399ef86-4df9-49bc-809f-8f4f92f9e659__ep6:qa:141,168,33f7ae08-ac1d-4321-9cb9-eca79016b359__ep1:qa:77
278,5399ef86-4df9-49bc-809f-8f4f92f9e659__ep6:qa:144,167,ba045ed4-ef25-404d-b756-8dcbd45b18fa__ep2:qa:291
279,5399ef86-4df9-49bc-809f-8f4f92f9e659__ep6:qa:145,166,ba045ed4-ef25-404d-b756-8dcbd45b18fa__ep2:qa:291
280,5399ef86-4df9-49bc-809f-8f4f92f9e659__ep6:qa:146,161,ba045ed4-ef25-404d-b756-8dcbd45b18fa__ep2:qa:291
281,5399ef86-4df9-49bc-809f-8f4f92f9e659__ep6:qa:150,165,ba045ed4-ef25-404d-b756-8dcbd45b18fa__ep2:qa:291
282,5399ef86-4df9-49bc-809f-8f4f92f9e659__ep6:qa:151,164,ba045ed4-ef25-404d-b756-8dcbd45b18fa__ep2:qa:291
283,5399ef86-4df9-49bc-809f-8f4f92f9e659__ep6:qa:160,163,33f7ae08-ac1d-4321-9cb9-eca79016b359__ep1:qa:77
284,5399ef86-4df9-49bc-809f-8f4f92f9e659__ep6:qa:161,162,33f7ae08-ac1d-4321-9cb9-eca79016b359__ep1:qa:77
285,5399ef86-4df9-49bc-809f-8f4f92f9e659__ep6:qa:162,191,33f7ae08-ac1d-4321-9cb9-eca79016b359__ep1:qa:77
286,5399ef86-4df9-49bc-809f-8f4f92f9e659__ep6:qa:190,339,8a8e1b3c-607e-4ada-b3fd-fa639727e92c__ep1:qa:0
287,5399ef86-4df9-49bc-809f-8f4f92f9e659__ep6:qa:191,336,8a8e1b3c-607e-4ada-b3fd-fa639727e92c__ep1:qa:0
288,b750fab3-7fbb-43a0-b451-c64c4d4a64da__ep1:qa:0,19,8a8e1b3c-607e-4ada-b3fd-fa639727e92c__ep1:qa:0
289,b750fab3-7fbb-43a0-b451-c64c4d4a64da__ep1:qa:20,355,a1012a57-385e-45a9-8a59-694a26fe92a5__ep1:qa:12
290,b750fab3-7fbb-43a0-b451-c64c4d4a64da__ep1:qa:21,356,a1012a57-385e-45a9-8a59-694a26fe92a5__ep1:qa:12
291,b750fab3-7fbb-43a0-b451-c64c4d4a64da__ep1:qa:28,16,8a8e1b3c-607e-4ada-b3fd-fa639727e92c__ep1:qa:0
292,b750fab3-7fbb-43a0-b451-c64c4d4a64da__ep1:qa:29,15,8a8e1b3c-607e-4ada-b3fd-fa639727e92c__ep1:qa:0
293,b750fab3-7fbb-43a0-b451-c64c4d4a64da__ep1:qa:34,327,a1012a57-385e-45a9-8a59-694a26fe92a5__ep1:qa:12
294,b750fab3-7fbb-43a0-b451-c64c4d4a64da__ep1:qa:35,328,a1012a57-385e-45a9-8a59-694a26fe92a5__ep1:qa:12
295,b750fab3-7fbb-43a0-b451-c64c4d4a64da__ep1:qa:40,74,8a8e1b3c-607e-4ada-b3fd-fa639727e92c__ep1:qa:0
296,b750fab3-7fbb-43a0-b451-c64c4d4a64da__ep1:qa:41,75,8a8e1b3c-607e-4ada-b3fd-fa639727e92c__ep1:qa:0
297,b750fab3-7fbb-43a0-b451-c64c4d4a64da__ep1:qa:70,362,a1012a57-385e-45a9-8a59-694a26fe92a5__ep1:qa:12
298,b750fab3-7fbb-43a0-b451-c64c4d4a64da__ep1:qa:71,363,a1012a57-385e-45a9-8a59-694a26fe92a5__ep1:qa:12
299,b750fab3-7fbb-43a0-b451-c64c4d4a64da__ep1:qa:74,364,a1012a57-385e-45a9-8a59-694a26fe92a5__ep1:qa:12
300,b750fab3-7fbb-43a0-b451-c64c4d4a64da__ep1:qa:75,365,a1012a57-385e-45a9-8a59-694a26fe92a5__ep1:qa:12
301,b750fab3-7fbb-43a0-b451-c64c4d4a64da__ep1:qa:82,366,a1012a57-385e-45a9-8a59-694a26fe92a5__ep1:qa:12
302,b750fab3-7fbb-43a0-b451-c64c4d4a64da__ep1:qa:83,367,a1012a57-385e-45a9-8a59-694a26fe92a5__ep1:qa:12
303,b750fab3-7fbb-43a0-b451-c64c4d4a64da__ep1:qa:90,127,a1012a57-385e-45a9-8a59-694a26fe92a5__ep1:qa:296
304,b750fab3-7fbb-43a0-b451-c64c4d4a64da__ep1:qa:91,128,a1012a57-385e-45a9-8a59-694a26fe92a5__ep1:qa:296
305,b750fab3-7fbb-43a0-b451-c64c4d4a64da__ep1:qa:120,94,8a8e1b3c-607e-4ada-b3fd-fa639727e92c__ep1:qa:0
306,b750fab3-7fbb-43a0-b451-c64c4d4a64da__ep1:qa:121,93,8a8e1b3c-607e-4ada-b3fd-fa639727e92c__ep1:qa:0
307,b750fab3-7fbb-43a0-b451-c64c4d4a64da__ep1:qa:150,381,b6579cb5-0a71-4ca6-8808-1e2700be05c7__ep3:qa:265
308,b750fab3-7fbb-43a0-b451-c64c4d4a64da__ep1:qa:151,380,b6579cb5-0a71-4ca6-8808-1e2700be05c7__ep3:qa:265
309,b750fab3-7fbb-43a0-b451-c64c4d4a64da__ep1:qa:190,379,a1012a57-385e-45a9-8a59-694a26fe92a5__ep1:qa:12
310,b750fab3-7fbb-43a0-b451-c64c4d4a64da__ep1:qa:191,378,a1012a57-385e-45a9-8a59-694a26fe92a5__ep1:qa:12
311,b750fab3-7fbb-43a0-b451-c64c4d4a64da__ep1:qa:220,52,8a8e1b3c-607e-4ada-b3fd-fa639727e92c__ep1:qa:0
312,b750fab3-7fbb-43a0-b451-c64c4d4a64da__ep1:qa:221,51,8a8e1b3c-607e-4ada-b3fd-fa639727e92c__ep1:qa:0
313,b750fab3-7fbb-43a0-b451-c64c4d4a64da__ep1:qa:240,151,34f07a04-eb37-45a3-95ec-189ed5f4a85b__ep5:qa:12
314,b750fab3-7fbb-43a0-b451-c64c4d4a64da__ep1:qa:246,152,34f07a04-eb37-45a3-95ec-189ed5f4a85b__ep5:qa:12
315,b750fab3-7fbb-43a0-b451-c64c4d4a64da__ep1:qa:247,153,34f07a04-eb37-45a3-95ec-189ed5f4a85b__ep5:qa:12
316,b750fab3-7fbb-43a0-b451-c64c4d4a64da__ep1:qa:250,154,34f07a04-eb37-45a3-95ec-189ed5f4a85b__ep5:qa:12
317,b750fab3-7fbb-43a0-b451-c64c4d4a64da__ep1:qa:251,155,34f07a04-eb37-45a3-95ec-189ed5f4a85b__ep5:qa:12
318,b750fab3-7fbb-43a0-b451-c64c4d4a64da__ep1:qa:296,159,34f07a04-eb37-45a3-95ec-189ed5f4a85b__ep5:qa:12
319,b750fab3-7fbb-43a0-b451-c64c4d4a64da__ep1:qa:297,158,34f07a04-eb37-45a3-95ec-189ed5f4a85b__ep5:qa:12
320,877779cd-25f3-4293-a3c4-39067dd9558c__ep4:qa:0,129,8a8e1b3c-607e-4ada-b3fd-fa639727e92c__ep1:qa:0
321,877779cd-25f3-4293-a3c4-39067dd9558c__ep4:qa:1,130,8a8e1b3c-607e-4ada-b3fd-fa639727e92c__ep1:qa:0
322,877779cd-25f3-4293-a3c4-39067dd9558c__ep4:qa:2,148,8a8e1b3c-607e-4ada-b3fd-fa639727e92c__ep1:qa:0
323,877779cd-25f3-4293-a3c4-39067dd9558c__ep4:qa:20,313,a1012a57-385e-45a9-8a59-694a26fe92a5__ep1:qa:12
324,877779cd-25f3-4293-a3c4-39067dd9558c__ep4:qa:21,312,a1012a57-385e-45a9-8a59-694a26fe92a5__ep1:qa:12
325,877779cd-25f3-4293-a3c4-39067dd9558c__ep4:qa:22,311,a1012a57-385e-45a9-8a59-694a26fe92a5__ep1:qa:12
326,877779cd-25f3-4293-a3c4-39067dd9558c__ep4:qa:23,310,a1012a57-385e-45a9-8a59-694a26fe92a5__ep1:qa:12
327,877779cd-25f3-4293-a3c4-39067dd9558c__ep4:qa:50,152,8a8e1b3c-607e-4ada-b3fd-fa639727e92c__ep1:qa:0
328,877779cd-25f3-4293-a3c4-39067dd9558c__ep4:qa:51,153,8a8e1b3c-607e-4ada-b3fd-fa639727e92c__ep1:qa:0
329,877779cd-25f3-4293-a3c4-39067dd9558c__ep4:qa:52,160,8a8e1b3c-607e-4ada-b3fd-fa639727e92c__ep1:qa:0
330,877779cd-25f3-4293-a3c4-39067dd9558c__ep4:qa:53,155,8a8e1b3c-607e-4ada-b3fd-fa639727e92c__ep1:qa:0
331,877779cd-25f3-4293-a3c4-39067dd9558c__ep4:qa:70,202,33f7ae08-ac1d-4321-9cb9-eca79016b359__ep1:qa:244
332,877779cd-25f3-4293-a3c4-39067dd9558c__ep4:qa:71,203,33f7ae08-ac1d-4321-9cb9-eca79016b359__ep1:qa:244
333,877779cd-25f3-4293-a3c4-39067dd9558c__ep4:qa:72,204,33f7ae08-ac1d-4321-9cb9-eca79016b359__ep1:qa:244
334,877779cd-25f3-4293-a3c4-39067dd9558c__ep4:qa:100,317,33f7ae08-ac1d-4321-9cb9-eca79016b359__ep1:qa:77
335,877779cd-25f3-4293-a3c4-39067dd9558c__ep4:qa:101,302,33f7ae08-ac1d-4321-9cb9-eca79016b359__ep1:qa:77
336,877779cd-25f3-4293-a3c4-39067dd9558c__ep4:qa:102,300,33f7ae08-ac1d-4321-9cb9-eca79016b359__ep1:qa:77
337,877779cd-25f3-4293-a3c4-39067dd9558c__ep4:qa:108,299,33f7ae08-ac1d-4321-9cb9-eca79016b359__ep1:qa:77
338,877779cd-25f3-4293-a3c4-39067dd9558c__ep4:qa:109,298,33f7ae08-ac1d-4321-9cb9-eca79016b359__ep1:qa:77
339,877779cd-25f3-4293-a3c4-39067dd9558c__ep4:qa:110,297,33f7ae08-ac1d-4321-9cb9-eca79016b359__ep1:qa:77
340,877779cd-25f3-4293-a3c4-39067dd9558c__ep4:qa:120,178,ba18b7c1-21ff-45da-8452-41acce7fc8de__ep2:qa:90
341,877779cd-25f3-4293-a3c4-39067dd9558c__ep4:qa:121,179,ba18b7c1-21ff-45da-8452-41acce7fc8de__ep2:qa:90
342,877779cd-25f3-4293-a3c4-39067dd9558c__ep4:qa:122,180,ba18b7c1-21ff-45da-8452-41acce7fc8de__ep2:qa:90
343,877779cd-25f3-4293-a3c4-39067dd9558c__ep4:qa:150,314,33f7ae08-ac1d-4321-9cb9-eca79016b359__ep1:qa:151
344,877779cd-25f3-4293-a3c4-39067dd9558c__ep4:qa:151,315,33f7ae08-ac1d-4321-9cb9-eca79016b359__ep1:qa:151
345,877779cd-25f3-4293-a3c4-39067dd9558c__ep4:qa:152,316,33f7ae08-ac1d-4321-9cb9-eca79016b359__ep1:qa:151
346,877779cd-25f3-4293-a3c4-39067dd9558c__ep4:qa:170,291,a1012a57-385e-45a9-8a59-694a26fe92a5__ep1:qa:12
347,877779cd-25f3-4293-a3c4-39067dd9558c__ep4:qa:171,290,a1012a57-385e-45a9-8a59-694a26fe92a5__ep1:qa:12
348,877779cd-25f3-4293-a3c4-39067dd9558c__ep4:qa:172,320,a1012a57-385e-45a9-8a59-694a26fe92a5__ep1:qa:12
349,877779cd-25f3-4293-a3c4-39067dd9558c__ep4:qa:200,227,34f07a04-eb37-45a3-95ec-189ed5f4a85b__ep5:qa:0
350,877779cd-25f3-4293-a3c4-39067dd9558c__ep4:qa:201,226,34f07a04-eb37-45a3-95ec-189ed5f4a85b__ep5:qa:0
351,877779cd-25f3-4293-a3c4-39067dd9558c__ep4:qa:202,239,34f07a04-eb37-45a3-95ec-189ed5f4a85b__ep5:qa:0
352,1796b943-caad-43c6-b9bd-80b8d601f37d__ep1:qa:0,185,8a8e1b3c-607e-4ada-b3fd-fa639727e92c__ep1:qa:0
353,1796b943-caad-43c6-b9bd-80b8d601f37d__ep1:qa:1,168,8a8e1b3c-607e-4ada-b3fd-fa639727e92c__ep1:qa:0
354,1796b943-caad-43c6-b9bd-80b8d601f37d__ep1:qa:2,173,8a8e1b3c-607e-4ada-b3fd-fa639727e92c__ep1:qa:0
355,1796b943-caad-43c6-b9bd-80b8d601f37d__ep1:qa:10,202,34f07a04-eb37-45a3-95ec-189ed5f4a85b__ep5:qa:91
356,1796b943-caad-43c6-b9bd-80b8d601f37d__ep1:qa:11,201,34f07a04-eb37-45a3-95ec-189ed5f4a85b__ep5:qa:91
357,1796b943-caad-43c6-b9bd-80b8d601f37d__ep1:qa:12,200,34f07a04-eb37-45a3-95ec-189ed5f4a85b__ep5:qa:91
358,1796b943-caad-43c6-b9bd-80b8d601f37d__ep1:qa:13,206,34f07a04-eb37-45a3-95ec-189ed5f4a85b__ep5:qa:91
359,1796b943-caad-43c6-b9bd-80b8d601f37d__ep1:qa:20,277,a1012a57-385e-45a9-8a59-694a26fe92a5__ep1:qa:12
360,1796b943-caad-43c6-b9bd-80b8d601f37d__ep1:qa:21,270,a1012a57-385e-45a9-8a59-694a26fe92a5__ep1:qa:12
361,1796b943-caad-43c6-b9bd-80b8d601f37d__ep1:qa:22,276,a1012a57-385e-45a9-8a59-694a26fe92a5__ep1:qa:12
362,1796b943-caad-43c6-b9bd-80b8d601f37d__ep1:qa:28,275,a1012a57-385e-45a9-8a59-694a26fe92a5__ep1:qa:12
363,1796b943-caad-43c6-b9bd-80b8d601f37d__ep1:qa:29,274,a1012a57-385e-45a9-8a59-694a26fe92a5__ep1:qa:12
364,1796b943-caad-43c6-b9bd-80b8d601f37d__ep1:qa:30,273,a1012a57-385e-45a9-8a59-694a26fe92a5__ep1:qa:12
365,1796b943-caad-43c6-b9bd-80b8d601f37d__ep1:qa:40,163,8a8e1b3c-607e-4ada-b3fd-fa639727e92c__ep1:qa:0
366,1796b943-caad-43c6-b9bd-80b8d601f37d__ep1:qa:41,161,8a8e1b3c-607e-4ada-b3fd-fa639727e92c__ep1:qa:0
367,1796b943-caad-43c6-b9bd-80b8d601f37d__ep1:qa:42,174,8a8e1b3c-607e-4ada-b3fd-fa639727e92c__ep1:qa:0
368,1796b943-caad-43c6-b9bd-80b8d601f37d__ep1:qa:50,112,8a8e1b3c-607e-4ada-b3fd-fa639727e92c__ep1:qa:0
369,1796b943-caad-43c6-b9bd-80b8d601f37d__ep1:qa:51,110,8a8e1b3c-607e-4ada-b3fd-fa639727e92c__ep1:qa:0
370,1796b943-caad-43c6-b9bd-80b8d601f37d__ep1:qa:52,97,8a8e1b3c-607e-4ada-b3fd-fa639727e92c__ep1:qa:0
371,1796b943-caad-43c6-b9bd-80b8d601f37d__ep1:qa:70,98,8a8e1b3c-607e-4ada-b3fd-fa639727e92c__ep1:qa:0
372,1796b943-caad-43c6-b9bd-80b8d601f37d__ep1:qa:71,99,8a8e1b3c-607e-4ada-b3fd-fa639727e92c__ep1:qa:0
373,1796b943-caad-43c6-b9bd-80b8d601f37d__ep1:qa:72,100,8a8e1b3c-607e-4ada-b3fd-fa639727e92c__ep1:qa:0
374,1796b943-caad-43c6-b9bd-80b8d601f37d__ep1:qa:90,149,33f7ae08-ac1d-4321-9cb9-eca79016b359__ep1:qa:226
375,1796b943-caad-43c6-b9bd-80b8d601f37d__ep1:qa:91,150,33f7ae08-ac1d-4321-9cb9-eca79016b359__ep1:qa:226
376,1796b943-caad-43c6-b9bd-80b8d601f37d__ep1:qa:92,151,33f7ae08-ac1d-4321-9cb9-eca79016b359__ep1:qa:226
377,1796b943-caad-43c6-b9bd-80b8d601f37d__ep1:qa:100,264,33f7ae08-ac1d-4321-9cb9-eca79016b359__ep1:qa:0
378,1796b943-caad-43c6-b9bd-80b8d601f37d__ep1:qa:101,265,33f7ae08-ac1d-4321-9cb9-eca79016b359__ep1:qa:0
379,1796b943-caad-43c6-b9bd-80b8d601f37d__ep1:qa:102,263,33f7ae08-ac1d-4321-9cb9-eca79016b359__ep1:qa:0
380,1796b943-caad-43c6-b9bd-80b8d601f37d__ep1:qa:103,266,33f7ae08-ac1d-4321-9cb9-eca79016b359__ep1:qa:0
381,1796b943-caad-43c6-b9bd-80b8d601f37d__ep1:qa:140,267,a1012a57-385e-45a9-8a59-694a26fe92a5__ep1:qa:251
382,1796b943-caad-43c6-b9bd-80b8d601f37d__ep1:qa:141,268,a1012a57-385e-45a9-8a59-694a26fe92a5__ep1:qa:251
383,1796b943-caad-43c6-b9bd-80b8d601f37d__ep1:qa:142,262,a1012a57-385e-45a9-8a59-694a26fe92a5__ep1:qa:251
384,ba18b7c1-21ff-45da-8452-41acce7fc8de__ep2:qa:0,272,8a8e1b3c-607e-4ada-b3fd-fa639727e92c__ep1:qa:0
385,ba18b7c1-21ff-45da-8452-41acce7fc8de__ep2:qa:1,225,8a8e1b3c-607e-4ada-b3fd-fa639727e92c__ep1:qa:0
386,ba18b7c1-21ff-45da-8452-41acce7fc8de__ep2:qa:2,233,8a8e1b3c-607e-4ada-b3fd-fa639727e92c__ep1:qa:0
387,ba18b7c1-21ff-45da-8452-41acce7fc8de__ep2:qa:3,245,8a8e1b3c-607e-4ada-b3fd-fa639727e92c__ep1:qa:0
388,ba18b7c1-21ff-45da-8452-41acce7fc8de__ep2:qa:4,235,8a8e1b3c-607e-4ada-b3fd-fa639727e92c__ep1:qa:0
389,ba18b7c1-21ff-45da-8452-41acce7fc8de__ep2:qa:40,198,8a8e1b3c-607e-4ada-b3fd-fa639727e92c__ep1:qa:0
390,ba18b7c1-21ff-45da-8452-41acce7fc8de__ep2:qa:41,169,8a8e1b3c-607e-4ada-b3fd-fa639727e92c__ep1:qa:0
391,ba18b7c1-21ff-45da-8452-41acce7fc8de__ep2:qa:42,195,8a8e1b3c-607e-4ada-b3fd-fa639727e92c__ep1:qa:0
392,ba18b7c1-21ff-45da-8452-41acce7fc8de__ep2:qa:43,168,8a8e1b3c-607e-4ada-b3fd-fa639727e92c__ep1:qa:0
393,ba18b7c1-21ff-45da-8452-41acce7fc8de__ep2:qa:44,139,8a8e1b3c-607e-4ada-b3fd-fa639727e92c__ep1:qa:0
394,ba18b7c1-21ff-45da-8452-41acce7fc8de__ep2:qa:60,362,33f7ae08-ac1d-4321-9cb9-eca79016b359__ep1:qa:226
395,ba18b7c1-21ff-45da-8452-41acce7fc8de__ep2:qa:61,363,33f7ae08-ac1d-4321-9cb9-eca79016b359__ep1:qa:226
396,ba18b7c1-21ff-45da-8452-41acce7fc8de__ep2:qa:62,364,33f7ae08-ac1d-4321-9cb9-eca79016b359__ep1:qa:182
397,ba18b7c1-21ff-45da-8452-41acce7fc8de__ep2:qa:63,365,33f7ae08-ac1d-4321-9cb9-eca79016b359__ep1:qa:182
398,ba18b7c1-21ff-45da-8452-41acce7fc8de__ep2:qa:90,133,8a8e1b3c-607e-4ada-b3fd-fa639727e92c__ep1:qa:0
399,ba18b7c1-21ff-45da-8452-41acce7fc8de__ep2:qa:91,132,8a8e1b3c-607e-4ada-b3fd-fa639727e92c__ep1:qa:0
400,ba18b7c1-21ff-45da-8452-41acce7fc8de__ep2:qa:92,131,8a8e1b3c-607e-4ada-b3fd-fa639727e92c__ep1:qa:0
401,ba18b7c1-21ff-45da-8452-41acce7fc8de__ep2:qa:93,130,8a8e1b3c-607e-4ada-b3fd-fa639727e92c__ep1:qa:0
402,ba18b7c1-21ff-45da-8452-41acce7fc8de__ep2:qa:94,129,8a8e1b3c-607e-4ada-b3fd-fa639727e92c__ep1:qa:0
403,ba18b7c1-21ff-45da-8452-41acce7fc8de__ep2:qa:146,382,33f7ae08-ac1d-4321-9cb9-eca79016b359__ep1:qa:226
404,ba18b7c1-21ff-45da-8452-41acce7fc8de__ep2:qa:147,381,33f7ae08-ac1d-4321-9cb9-eca79016b359__ep1:qa:226
405,ba18b7c1-21ff-45da-8452-41acce7fc8de__ep2:qa:148,380,33f7ae08-ac1d-4321-9cb9-eca79016b359__ep1:qa:226
406,ba18b7c1-21ff-45da-8452-41acce7fc8de__ep2:qa:149,379,33f7ae08-ac1d-4321-9cb9-eca79016b359__ep1:qa:226
407,ba18b7c1-21ff-45da-8452-41acce7fc8de__ep2:qa:170,288,8a8e1b3c-607e-4ada-b3fd-fa639727e92c__ep1:qa:0
408,ba18b7c1-21ff-45da-8452-41acce7fc8de__ep2:qa:171,280,8a8e1b3c-607e-4ada-b3fd-fa639727e92c__ep1:qa:0
409,ba18b7c1-21ff-45da-8452-41acce7fc8de__ep2:qa:172,279,8a8e1b3c-607e-4ada-b3fd-fa639727e92c__ep1:qa:0
410,ba18b7c1-21ff-45da-8452-41acce7fc8de__ep2:qa:173,281,8a8e1b3c-607e-4ada-b3fd-fa639727e92c__ep1:qa:0
411,ba18b7c1-21ff-45da-8452-41acce7fc8de__ep2:qa:174,277,8a8e1b3c-607e-4ada-b3fd-fa639727e92c__ep1:qa:0
412,ba18b7c1-21ff-45da-8452-41acce7fc8de__ep2:qa:240,213,9c553886-83c5-4dc4-be5c-dcb269b3a771__ep2:qa:170
413,ba18b7c1-21ff-45da-8452-41acce7fc8de__ep2:qa:241,214,9c553886-83c5-4dc4-be5c-dcb269b3a771__ep2:qa:170
414,ba18b7c1-21ff-45da-8452-41acce7fc8de__ep2:qa:242,224,9c553886-83c5-4dc4-be5c-dcb269b3a771__ep2:qa:170
415,ba18b7c1-21ff-45da-8452-41acce7fc8de__ep2:qa:243,215,9c553886-83c5-4dc4-be5c-dcb269b3a771__ep2:qa:170
416,b6579cb5-0a71-4ca6-8808-1e2700be05c7__ep3:qa:0,302,33f7ae08-ac1d-4321-9cb9-eca79016b359__ep1:qa:0
417,b6579cb5-0a71-4ca6-8808-1e2700be05c7__ep3:qa:1,318,33f7ae08-ac1d-4321-9cb9-eca79016b359__ep1:qa:0
418,b6579cb5-0a71-4ca6-8808-1e2700be05c7__ep3:qa:14,294,33f7ae08-ac1d-4321-9cb9-eca79016b359__ep1:qa:182
419,b6579cb5-0a71-4ca6-8808-1e2700be05c7__ep3:qa:15,295,33f7ae08-ac1d-4321-9cb9-eca79016b359__ep1:qa:182
420,b6579cb5-0a71-4ca6-8808-1e2700be05c7__ep3:qa:50,291,33f7ae08-ac1d-4321-9cb9-eca79016b359__ep1:qa:0
421,b6579cb5-0a71-4ca6-8808-1e2700be05c7__ep3:qa:100,218,33f7ae08-ac1d-4321-9cb9-eca79016b359__ep1:qa:244
422,b6579cb5-0a71-4ca6-8808-1e2700be05c7__ep3:qa:101,217,33f7ae08-ac1d-4321-9cb9-eca79016b359__ep1:qa:244
423,b6579cb5-0a71-4ca6-8808-1e2700be05c7__ep3:qa:120,213,33f7ae08-ac1d-4321-9cb9-eca79016b359__ep1:qa:0
424,b6579cb5-0a71-4ca6-8808-1e2700be05c7__ep3:qa:121,212,33f7ae08-ac1d-4321-9cb9-eca79016b359__ep1:qa:0
425,b6579cb5-0a71-4ca6-8808-1e2700be05c7__ep3:qa:128,331,33f7ae08-ac1d-4321-9cb9-eca79016b359__ep1:qa:77
426,b6579cb5-0a71-4ca6-8808-1e2700be05c7__ep3:qa:129,332,33f7ae08-ac1d-4321-9cb9-eca79016b359__ep1:qa:77
427,b6579cb5-0a71-4ca6-8808-1e2700be05c7__ep3:qa:150,257,33f7ae08-ac1d-4321-9cb9-eca79016b359__ep1:qa:0
428,b6579cb5-0a71-4ca6-8808-1e2700be05c7__ep3:qa:164,264,33f7ae08-ac1d-4321-9cb9-eca79016b359__ep1:qa:0
429,b6579cb5-0a71-4ca6-8808-1e2700be05c7__ep3:qa:180,300,33f7ae08-ac1d-4321-9cb9-eca79016b359__ep1:qa:0
430,b6579cb5-0a71-4ca6-8808-1e2700be05c7__ep3:qa:181,301,33f7ae08-ac1d-4321-9cb9-eca79016b359__ep1:qa:0
431,b6579cb5-0a71-4ca6-8808-1e2700be05c7__ep3:qa:200,303,33f7ae08-ac1d-4321-9cb9-eca79016b359__ep1:qa:0
432,b6579cb5-0a71-4ca6-8808-1e2700be05c7__ep3:qa:201,317,33f7ae08-ac1d-4321-9cb9-eca79016b359__ep1:qa:0
433,b6579cb5-0a71-4ca6-8808-1e2700be05c7__ep3:qa:212,417,33f7ae08-ac1d-4321-9cb9-eca79016b359__ep1:qa:226
434,b6579cb5-0a71-4ca6-8808-1e2700be05c7__ep3:qa:213,419,33f7ae08-ac1d-4321-9cb9-eca79016b359__ep1:qa:226
435,b6579cb5-0a71-4ca6-8808-1e2700be05c7__ep3:qa:220,341,33f7ae08-ac1d-4321-9cb9-eca79016b359__ep1:qa:77
436,b6579cb5-0a71-4ca6-8808-1e2700be05c7__ep3:qa:221,350,33f7ae08-ac1d-4321-9cb9-eca79016b359__ep1:qa:77
437,b6579cb5-0a71-4ca6-8808-1e2700be05c7__ep3:qa:232,342,33f7ae08-ac1d-4321-9cb9-eca79016b359__ep1:qa:77
438,b6579cb5-0a71-4ca6-8808-1e2700be05c7__ep3:qa:233,343,33f7ae08-ac1d-4321-9cb9-eca79016b359__ep1:qa:77
439,b6579cb5-0a71-4ca6-8808-1e2700be05c7__ep3:qa:240,201,a1012a57-385e-45a9-8a59-694a26fe92a5__ep1:qa:296
440,b6579cb5-0a71-4ca6-8808-1e2700be05c7__ep3:qa:244,344,a1012a57-385e-45a9-8a59-694a26fe92a5__ep1:qa:19
441,b6579cb5-0a71-4ca6-8808-1e2700be05c7__ep3:qa:245,345,a1012a57-385e-45a9-8a59-694a26fe92a5__ep1:qa:19
442,b6579cb5-0a71-4ca6-8808-1e2700be05c7__ep3:qa:250,198,33f7ae08-ac1d-4321-9cb9-eca79016b359__ep1:qa:244
443,b6579cb5-0a71-4ca6-8808-1e2700be05c7__ep3:qa:251,197,33f7ae08-ac1d-4321-9cb9-eca79016b359__ep1:qa:244
444,b6579cb5-0a71-4ca6-8808-1e2700be05c7__ep3:qa:256,348,33f7ae08-ac1d-4321-9cb9-eca79016b359__ep1:qa:77
445,b6579cb5-0a71-4ca6-8808-1e2700be05c7__ep3:qa:257,321,33f7ae08-ac1d-4321-9cb9-eca79016b359__ep1:qa:77
446,b6579cb5-0a71-4ca6-8808-1e2700be05c7__ep3:qa:264,430,33f7ae08-ac1d-4321-9cb9-eca79016b359__ep1:qa:172
447,b6579cb5-0a71-4ca6-8808-1e2700be05c7__ep3:qa:265,448,33f7ae08-ac1d-4321-9cb9-eca79016b359__ep1:qa:172
