episode_id,first_id,second_id,true_order,predicted_order,confidence,correct
8a8e1b3c-607e-4ada-b3fd-fa639727e92c__ep1,8a8e1b3c-607e-4ada-b3fd-fa639727e92c__ep1:qa:20,8a8e1b3c-607e-4ada-b3fd-fa639727e92c__ep1:qa:0,0,0,1.0,1
8a8e1b3c-607e-4ada-b3fd-fa639727e92c__ep1,8a8e1b3c-607e-4ada-b3fd-fa639727e92c__ep1:qa:20,8a8e1b3c-607e-4ada-b3fd-fa639727e92c__ep1:qa:46,1,0,1.0,0
8a8e1b3c-607e-4ada-b3fd-fa639727e92c__ep1,8a8e1b3c-607e-4ada-b3fd-fa639727e92c__ep1:qa:46,8a8e1b3c-607e-4ada-b3fd-fa639727e92c__ep1:qa:50,1,0,1.0,0
8a8e1b3c-607e-4ada-b3fd-fa639727e92c__ep1,8a8e1b3c-607e-4ada-b3fd-fa639727e92c__ep1:qa:62,8a8e1b3c-607e-4ada-b3fd-fa639727e92c__ep1:qa:50,0,0,1.0,1
8a8e1b3c-607e-4ada-b3fd-fa639727e92c__ep1,8a8e1b3c-607e-4ada-b3fd-fa639727e92c__ep1:qa:70,8a8e1b3c-607e-4ada-b3fd-fa639727e92c__ep1:qa:62,0,0,1.0,1
8a8e1b3c-607e-4ada-b3fd-fa639727e92c__ep1,8a8e1b3c-607e-4ada-b3fd-fa639727e92c__ep1:qa:70,8a8e1b3c-607e-4ada-b3fd-fa639727e92c__ep1:qa:71,1,0,1.0,0
8a8e1b3c-607e-4ada-b3fd-fa639727e92c__ep1,8a8e1b3c-607e-4ada-b3fd-fa639727e92c__ep1:qa:71,8a8e1b3c-607e-4ada-b3fd-fa639727e92c__ep1:qa:90,1,0,1.0,0
8a8e1b3c-607e-4ada-b3fd-fa639727e92c__ep1,8a8e1b3c-607e-4ada-b3fd-fa639727e92c__ep1:qa:90,8a8e1b3c-607e-4ada-b3fd-fa639727e92c__ep1:qa:100,1,0,1.0,0
8a8e1b3c-607e-4ada-b3fd-fa639727e92c__ep1,8a8e1b3c-607e-4ada-b3fd-fa639727e92c__ep1:qa:120,8a8e1b3c-607e-4ada-b3fd-fa639727e92c__ep1:qa:100,0,0,1.0,1
8a8e1b3c-607e-4ada-b3fd-fa639727e92c__ep1,8a8e1b3c-607e-4ada-b3fd-fa639727e92c__ep1:qa:126,8a8e1b3c-607e-4ada-b3fd-fa639727e92c__ep1:qa:120,0,0,1.0,1
8a8e1b3c-607e-4ada-b3fd-fa639727e92c__ep1,8a8e1b3c-607e-4ada-b3fd-fa639727e92c__ep1:qa:127,8a8e1b3c-607e-4ada-b3fd-fa639727e92c__ep1:qa:126,0,0,1.0,1
8a8e1b3c-607e-4ada-b3fd-fa639727e92c__ep1,8a8e1b3c-607e-4ada-b3fd-fa639727e92c__ep1:qa:134,8a8e1b3c-607e-4ada-b3fd-fa639727e92c__ep1:qa:127,0,0,1.0,1
8a8e1b3c-607e-4ada-b3fd-fa639727e92c__ep1,8a8e1b3c-607e-4ada-b3fd-fa639727e92c__ep1:qa:140,8a8e1b3c-607e-4ada-b3fd-fa639727e92c__ep1:qa:134,0,0,1.0,1
8a8e1b3c-607e-4ada-b3fd-fa639727e92c__ep1,8a8e1b3c-607e-4ada-b3fd-fa639727e92c__ep1:qa:140,8a8e1b3c-607e-4ada-b3fd-fa639727e92c__ep1:qa:150,1,0,1.0,0
8a8e1b3c-607e-4ada-b3fd-fa639727e92c__ep1,8a8e1b3c-607e-4ada-b3fd-fa639727e92c__ep1:qa:156,8a8e1b3c-607e-4ada-b3fd-fa639727e92c__ep1:qa:150,0,0,1.0,1
8a8e1b3c-607e-4ada-b3fd-fa639727e92c__ep1,8a8e1b3c-607e-4ada-b3fd-fa639727e92c__ep1:qa:156,8a8e1b3c-607e-4ada-b3fd-fa639727e92c__ep1:qa:166,1,0,1.0,0
8a8e1b3c-607e-4ada-b3fd-fa639727e92c__ep1,8a8e1b3c-607e-4ada-b3fd-fa639727e92c__ep1:qa:170,8a8e1b3c-607e-4ada-b3fd-fa639727e92c__ep1:qa:166,0,0,1.0,1
8a8e1b3c-607e-4ada-b3fd-fa639727e92c__ep1,8a8e1b3c-607e-4ada-b3fd-fa639727e92c__ep1:qa:170,8a8e1b3c-607e-4ada-b3fd-fa639727e92c__ep1:qa:184,1,0,1.0,0
8a8e1b3c-607e-4ada-b3fd-fa639727e92c__ep1,8a8e1b3c-607e-4ada-b3fd-fa639727e92c__ep1:qa:184,8a8e1b3c-607e-4ada-b3fd-fa639727e92c__ep1:qa:185,1,0,1.0,0
8a8e1b3c-607e-4ada-b3fd-fa639727e92c__ep1,8a8e1b3c-607e-4ada-b3fd-fa639727e92c__ep1:qa:192,8a8e1b3c-607e-4ada-b3fd-fa639727e92c__ep1:qa:185,0,0,1.0,1
8a8e1b3c-607e-4ada-b3fd-fa639727e92c__ep1,8a8e1b3c-607e-4ada-b3fd-fa639727e92c__ep1:qa:192,8a8e1b3c-607e-4ada-b3fd-fa639727e92c__ep1:qa:200,1,0,1.0,0
8a8e1b3c-607e-4ada-b3fd-fa639727e92c__ep1,8a8e1b3c-607e-4ada-b3fd-fa639727e92c__ep1:qa:204,8a8e1b3c-607e-4ada-b3fd-fa639727e92c__ep1:qa:200,0,0,1.0,1
8a8e1b3c-607e-4ada-b3fd-fa639727e92c__ep1,8a8e1b3c-607e-4ada-b3fd-fa639727e92c__ep1:qa:205,8a8e1b3c-607e-4ada-b3fd-fa639727e92c__ep1:qa:204,0,0,1.0,1
8a8e1b3c-607e-4ada-b3fd-fa639727e92c__ep1,8a8e1b3c-607e-4ada-b3fd-fa639727e92c__ep1:qa:212,8a8e1b3c-607e-4ada-b3fd-fa639727e92c__ep1:qa:205,0,0,1.0,1
8a8e1b3c-607e-4ada-b3fd-fa639727e92c__ep1,8a8e1b3c-607e-4ada-b3fd-fa639727e92c__ep1:qa:212,8a8e1b3c-607e-4ada-b3fd-fa639727e92c__ep1:qa:220,1,0,1.0,0
8a8e1b3c-607e-4ada-b3fd-fa639727e92c__ep1,8a8e1b3c-607e-4ada-b3fd-fa639727e92c__ep1:qa:224,8a8e1b3c-607e-4ada-b3fd-fa639727e92c__ep1:qa:220,0,0,1.0,1
8a8e1b3c-607e-4ada-b3fd-fa639727e92c__ep1,8a8e1b3c-607e-4ada-b3fd-fa639727e92c__ep1:qa:232,8a8e1b3c-607e-4ada-b3fd-fa639727e92c__ep1:qa:224,0,0,1.0,1
8a8e1b3c-607e-4ada-b3fd-fa639727e92c__ep1,8a8e1b3c-607e-4ada-b3fd-fa639727e92c__ep1:qa:232,8a8e1b3c-607e-4ada-b3fd-fa639727e92c__ep1:qa:236,1,0,1.0,0
8a8e1b3c-607e-4ada-b3fd-fa639727e92c__ep1,8a8e1b3c-607e-4ada-b3fd-fa639727e92c__ep1:qa:237,8a8e1b3c-607e-4ada-b3fd-fa639727e92c__ep1:qa:236,0,0,1.0,1
8a8e1b3c-607e-4ada-b3fd-fa639727e92c__ep1,8a8e1b3c-607e-4ada-b3fd-fa639727e92c__ep1:qa:237,8a8e1b3c-607e-4ada-b3fd-fa639727e92c__ep1:qa:240,1,0,1.0,0
8a8e1b3c-607e-4ada-b3fd-fa639727e92c__ep1,8a8e1b3c-607e-4ada-b3fd-fa639727e92c__ep1:qa:240,8a8e1b3c-607e-4ada-b3fd-fa639727e92c__ep1:qa:244,1,0,1.0,0
a1012a57-385e-45a9-8a59-694a26fe92a5__ep1,a1012a57-385e-45a9-8a59-694a26fe92a5__ep1:qa:0,a1012a57-385e-45a9-8a59-694a26fe92a5__ep1:qa:1,1,0,1.0,0
a1012a57-385e-45a9-8a59-694a26fe92a5__ep1,a1012a57-385e-45a9-8a59-694a26fe92a5__ep1:qa:1,a1012a57-385e-45a9-8a59-694a26fe92a5__ep1:qa:2,1,0,1.0,0
a1012a57-385e-45a9-8a59-694a26fe92a5__ep1,a1012a57-385e-45a9-8a59-694a26fe92a5__ep1:qa:3,a1012a57-385e-45a9-8a59-694a26fe92a5__ep1:qa:2,0,0,1.0,1
a1012a57-385e-45a9-8a59-694a26fe92a5__ep1,a1012a57-385e-45a9-8a59-694a26fe92a5__ep1:qa:4,a1012a57-385e-45a9-8a59-694a26fe92a5__ep1:qa:3,0,0,1.0,1
a1012a57-385e-45a9-8a59-694a26fe92a5__ep1,a1012a57-385e-45a9-8a59-694a26fe92a5__ep1:qa:4,a1012a57-385e-45a9-8a59-694a26fe92a5__ep1:qa:5,1,0,1.0,0
a1012a57-385e-45a9-8a59-694a26fe92a5__ep1,a1012a57-385e-45a9-8a59-694a26fe92a5__ep1:qa:5,a1012a57-385e-45a9-8a59-694a26fe92a5__ep1:qa:6,1,0,1.0,0
a1012a57-385e-45a9-8a59-694a26fe92a5__ep1,a1012a57-385e-45a9-8a59-694a26fe92a5__ep1:qa:12,a1012a57-385e-45a9-8a59-694a26fe92a5__ep1:qa:6,0,0,1.0,1
a1012a57-385e-45a9-8a59-694a26fe92a5__ep1,a1012a57-385e-45a9-8a59-694a26fe92a5__ep1:qa:12,a1012a57-385e-45a9-8a59-694a26fe92a5__ep1:qa:13,1,0,1.0,0
a1012a57-385e-45a9-8a59-694a26fe92a5__ep1,a1012a57-385e-45a9-8a59-694a26fe92a5__ep1:qa:13,a1012a57-385e-45a9-8a59-694a26fe92a5__ep1:qa:14,1,0,1.0,0
a1012a57-385e-45a9-8a59-694a26fe92a5__ep1,a1012a57-385e-45a9-8a59-694a26fe92a5__ep1:qa:15,a1012a57-385e-45a9-8a59-694a26fe92a5__ep1:qa:14,0,0,1.0,1
a1012a57-385e-45a9-8a59-694a26fe92a5__ep1,a1012a57-385e-45a9-8a59-694a26fe92a5__ep1:qa:16,a1012a57-385e-45a9-8a59-694a26fe92a5__ep1:qa:15,0,0,1.0,1
a1012a57-385e-45a9-8a59-694a26fe92a5__ep1,a1012a57-385e-45a9-8a59-694a26fe92a5__ep1:qa:17,a1012a57-385e-45a9-8a59-694a26fe92a5__ep1:qa:16,0,0,1.0,1
a1012a57-385e-45a9-8a59-694a26fe92a5__ep1,a1012a57-385e-45a9-8a59-694a26fe92a5__ep1:qa:18,a1012a57-385e-45a9-8a59-694a26fe92a5__ep1:qa:17,0,0,1.0,1
a1012a57-385e-45a9-8a59-694a26fe92a5__ep1,a1012a57-385e-45a9-8a59-694a26fe92a5__ep1:qa:18,a1012a57-385e-45a9-8a59-694a26fe92a5__ep1:qa:19,1,0,1.0,0
a1012a57-385e-45a9-8a59-694a26fe92a5__ep1,a1012a57-385e-45a9-8a59-694a26fe92a5__ep1:qa:19,a1012a57-385e-45a9-8a59-694a26fe92a5__ep1:qa:20,1,0,1.0,0
a1012a57-385e-45a9-8a59-694a26fe92a5__ep1,a1012a57-385e-45a9-8a59-694a26fe92a5__ep1:qa:21,a1012a57-385e-45a9-8a59-694a26fe92a5__ep1:qa:20,0,0,1.0,1
a1012a57-385e-45a9-8a59-694a26fe92a5__ep1,a1012a57-385e-45a9-8a59-694a26fe92a5__ep1:qa:22,a1012a57-385e-45a9-8a59-694a26fe92a5__ep1:qa:21,0,0,1.0,1
a1012a57-385e-45a9-8a59-694a26fe92a5__ep1,a1012a57-385e-45a9-8a59-694a26fe92a5__ep1:qa:22,a1012a57-385e-45a9-8a59-694a26fe92a5__ep1:qa:23,1,0,1.0,0
a1012a57-385e-45a9-8a59-694a26fe92a5__ep1,a1012a57-385e-45a9-8a59-694a26fe92a5__ep1:qa:24,a1012a57-385e-45a9-8a59-694a26fe92a5__ep1:qa:23,0,0,1.0,1
a1012a57-385e-45a9-8a59-694a26fe92a5__ep1,a1012a57-385e-45a9-8a59-694a26fe92a5__ep1:qa:24,a1012a57-385e-45a9-8a59-694a26fe92a5__ep1:qa:25,1,0,1.0,0
a1012a57-385e-45a9-8a59-694a26fe92a5__ep1,a1012a57-385e-45a9-8a59-694a26fe92a5__ep1:qa:25,a1012a57-385e-45a9-8a59-694a26fe92a5__ep1:qa:26,1,0,1.0,0
a1012a57-385e-45a9-8a59-694a26fe92a5__ep1,a1012a57-385e-45a9-8a59-694a26fe92a5__ep1:qa:26,a1012a57-385e-45a9-8a59-694a26fe92a5__ep1:qa:250,1,0,1.0,0
a1012a57-385e-45a9-8a59-694a26fe92a5__ep1,a1012a57-385e-45a9-8a59-694a26fe92a5__ep1:qa:250,a1012a57-385e-45a9-8a59-694a26fe92a5__ep1:qa:251,1,0,1.0,0
a1012a57-385e-45a9-8a59-694a26fe92a5__ep1,a1012a57-385e-45a9-8a59-694a26fe92a5__ep1:qa:251,a1012a57-385e-45a9-8a59-694a26fe92a5__ep1:qa:252,1,0,1.0,0
a1012a57-385e-45a9-8a59-694a26fe92a5__ep1,a1012a57-385e-45a9-8a59-694a26fe92a5__ep1:qa:252,a1012a57-385e-45a9-8a59-694a26fe92a5__ep1:qa:253,1,0,1.0,0
a1012a57-385e-45a9-8a59-694a26fe92a5__ep1,a1012a57-385e-45a9-8a59-694a26fe92a5__ep1:qa:254,a1012a57-385e-45a9-8a59-694a26fe92a5__ep1:qa:253,0,0,1.0,1
a1012a57-385e-45a9-8a59-694a26fe92a5__ep1,a1012a57-385e-45a9-8a59-694a26fe92a5__ep1:qa:254,a1012a57-385e-45a9-8a59-694a26fe92a5__ep1:qa:255,1,0,1.0,0
a1012a57-385e-45a9-8a59-694a26fe92a5__ep1,a1012a57-385e-45a9-8a59-694a26fe92a5__ep1:qa:256,a1012a57-385e-45a9-8a59-694a26fe92a5__ep1:qa:255,0,0,1.0,1
a1012a57-385e-45a9-8a59-694a26fe92a5__ep1,a1012a57-385e-45a9-8a59-694a26fe92a5__ep1:qa:294,a1012a57-385e-45a9-8a59-694a26fe92a5__ep1:qa:256,0,0,1.0,1
a1012a57-385e-45a9-8a59-694a26fe92a5__ep1,a1012a57-385e-45a9-8a59-694a26fe92a5__ep1:qa:295,a1012a57-385e-45a9-8a59-694a26fe92a5__ep1:qa:294,0,0,1.0,1
a1012a57-385e-45a9-8a59-694a26fe92a5__ep1,a1012a57-385e-45a9-8a59-694a26fe92a5__ep1:qa:295,a1012a57-385e-45a9-8a59-694a26fe92a5__ep1:qa:296,1,0,1.0,0
33f7ae08-ac1d-4321-9cb9-eca79016b359__ep1,33f7ae08-ac1d-4321-9cb9-eca79016b359__ep1:qa:1,33f7ae08-ac1d-4321-9cb9-eca79016b359__ep1:qa:0,0,0,1.0,1
33f7ae08-ac1d-4321-9cb9-eca79016b359__ep1,33f7ae08-ac1d-4321-9cb9-eca79016b359__ep1:qa:1,33f7ae08-ac1d-4321-9cb9-eca79016b359__ep1:qa:16,1,0,1.0,0
33f7ae08-ac1d-4321-9cb9-eca79016b359__ep1,33f7ae08-ac1d-4321-9cb9-eca79016b359__ep1:qa:17,33f7ae08-ac1d-4321-9cb9-eca79016b359__ep1:qa:16,0,0,1.0,1
33f7ae08-ac1d-4321-9cb9-eca79016b359__ep1,33f7ae08-ac1d-4321-9cb9-eca79016b359__ep1:qa:20,33f7ae08-ac1d-4321-9cb9-eca79016b359__ep1:qa:17,0,0,1.0,1
33f7ae08-ac1d-4321-9cb9-eca79016b359__ep1,33f7ae08-ac1d-4321-9cb9-eca79016b359__ep1:qa:20,33f7ae08-ac1d-4321-9cb9-eca79016b359__ep1:qa:21,1,0,1.0,0
33f7ae08-ac1d-4321-9cb9-eca79016b359__ep1,33f7ae08-ac1d-4321-9cb9-eca79016b359__ep1:qa:21,33f7ae08-ac1d-4321-9cb9-eca79016b359__ep1:qa:46,1,0,1.0,0
33f7ae08-ac1d-4321-9cb9-eca79016b359__ep1,33f7ae08-ac1d-4321-9cb9-eca79016b359__ep1:qa:47,33f7ae08-ac1d-4321-9cb9-eca79016b359__ep1:qa:46,0,0,1.0,1
33f7ae08-ac1d-4321-9cb9-eca79016b359__ep1,33f7ae08-ac1d-4321-9cb9-eca79016b359__ep1:qa:47,33f7ae08-ac1d-4321-9cb9-eca79016b359__ep1:qa:50,1,0,1.0,0
33f7ae08-ac1d-4321-9cb9-eca79016b359__ep1,33f7ae08-ac1d-4321-9cb9-eca79016b359__ep1:qa:58,33f7ae08-ac1d-4321-9cb9-eca79016b359__ep1:qa:50,0,0,1.0,1
33f7ae08-ac1d-4321-9cb9-eca79016b359__ep1,33f7ae08-ac1d-4321-9cb9-eca79016b359__ep1:qa:58,33f7ae08-ac1d-4321-9cb9-eca79016b359__ep1:qa:59,1,0,1.0,0
33f7ae08-ac1d-4321-9cb9-eca79016b359__ep1,33f7ae08-ac1d-4321-9cb9-eca79016b359__ep1:qa:59,33f7ae08-ac1d-4321-9cb9-eca79016b359__ep1:qa:64,1,0,1.0,0
33f7ae08-ac1d-4321-9cb9-eca79016b359__ep1,33f7ae08-ac1d-4321-9cb9-eca79016b359__ep1:qa:65,33f7ae08-ac1d-4321-9cb9-eca79016b359__ep1:qa:64,0,0,1.0,1
33f7ae08-ac1d-4321-9cb9-eca79016b359__ep1,33f7ae08-ac1d-4321-9cb9-eca79016b359__ep1:qa:70,33f7ae08-ac1d-4321-9cb9-eca79016b359__ep1:qa:65,0,0,1.0,1
33f7ae08-ac1d-4321-9cb9-eca79016b359__ep1,33f7ae08-ac1d-4321-9cb9-eca79016b359__ep1:qa:76,33f7ae08-ac1d-4321-9cb9-eca79016b359__ep1:qa:70,0,0,1.0,1
33f7ae08-ac1d-4321-9cb9-eca79016b359__ep1,33f7ae08-ac1d-4321-9cb9-eca79016b359__ep1:qa:76,33f7ae08-ac1d-4321-9cb9-eca79016b359__ep1:qa:77,1,0,1.0,0
33f7ae08-ac1d-4321-9cb9-eca79016b359__ep1,33f7ae08-ac1d-4321-9cb9-eca79016b359__ep1:qa:77,33f7ae08-ac1d-4321-9cb9-eca79016b359__ep1:qa:100,1,0,1.0,0
33f7ae08-ac1d-4321-9cb9-eca79016b359__ep1,33f7ae08-ac1d-4321-9cb9-eca79016b359__ep1:qa:101,33f7ae08-ac1d-4321-9cb9-eca79016b359__ep1:qa:100,0,0,1.0,1
33f7ae08-ac1d-4321-9cb9-eca79016b359__ep1,33f7ae08-ac1d-4321-9cb9-eca79016b359__ep1:qa:101,33f7ae08-ac1d-4321-9cb9-eca79016b359__ep1:qa:126,1,0,1.0,0
33f7ae08-ac1d-4321-9cb9-eca79016b359__ep1,33f7ae08-ac1d-4321-9cb9-eca79016b359__ep1:qa:126,33f7ae08-ac1d-4321-9cb9-eca79016b359__ep1:qa:138,1,0,1.0,0
33f7ae08-ac1d-4321-9cb9-eca79016b359__ep1,33f7ae08-ac1d-4321-9cb9-eca79016b359__ep1:qa:140,33f7ae08-ac1d-4321-9cb9-eca79016b359__ep1:qa:138,0,0,1.0,1
33f7ae08-ac1d-4321-9cb9-eca79016b359__ep1,33f7ae08-ac1d-4321-9cb9-eca79016b359__ep1:qa:141,33f7ae08-ac1d-4321-9cb9-eca79016b359__ep1:qa:140,0,0,1.0,1
33f7ae08-ac1d-4321-9cb9-eca79016b359__ep1,33f7ae08-ac1d-4321-9cb9-eca79016b359__ep1:qa:150,33f7ae08-ac1d-4321-9cb9-eca79016b359__ep1:qa:141,0,0,1.0,1
33f7ae08-ac1d-4321-9cb9-eca79016b359__ep1,33f7ae08-ac1d-4321-9cb9-eca79016b359__ep1:qa:151,33f7ae08-ac1d-4321-9cb9-eca79016b359__ep1:qa:150,0,0,1.0,1
33f7ae08-ac1d-4321-9cb9-eca79016b359__ep1,33f7ae08-ac1d-4321-9cb9-eca79016b359__ep1:qa:164,33f7ae08-ac1d-4321-9cb9-eca79016b359__ep1:qa:151,0,0,1.0,1
33f7ae08-ac1d-4321-9cb9-eca79016b359__ep1,33f7ae08-ac1d-4321-9cb9-eca79016b359__ep1:qa:165,33f7ae08-ac1d-4321-9cb9-eca79016b359__ep1:qa:164,0,0,1.0,1
33f7ae08-ac1d-4321-9cb9-eca79016b359__ep1,33f7ae08-ac1d-4321-9cb9-eca79016b359__ep1:qa:172,33f7ae08-ac1d-4321-9cb9-eca79016b359__ep1:qa:165,0,0,1.0,1
33f7ae08-ac1d-4321-9cb9-eca79016b359__ep1,33f7ae08-ac1d-4321-9cb9-eca79016b359__ep1:qa:173,33f7ae08-ac1d-4321-9cb9-eca79016b359__ep1:qa:172,0,0,1.0,1
33f7ae08-ac1d-4321-9cb9-eca79016b359__ep1,33f7ae08-ac1d-4321-9cb9-eca79016b359__ep1:qa:182,33f7ae08-ac1d-4321-9cb9-eca79016b359__ep1:qa:173,0,0,1.0,1
33f7ae08-ac1d-4321-9cb9-eca79016b359__ep1,33f7ae08-ac1d-4321-9cb9-eca79016b359__ep1:qa:183,33f7ae08-ac1d-4321-9cb9-eca79016b359__ep1:qa:182,0,0,1.0,1
33f7ae08-ac1d-4321-9cb9-eca79016b359__ep1,33f7ae08-ac1d-4321-9cb9-eca79016b359__ep1:qa:183,33f7ae08-ac1d-4321-9cb9-eca79016b359__ep1:qa:226,1,0,1.0,0
33f7ae08-ac1d-4321-9cb9-eca79016b359__ep1,33f7ae08-ac1d-4321-9cb9-eca79016b359__ep1:qa:226,33f7ae08-ac1d-4321-9cb9-eca79016b359__ep1:qa:244,1,0,1.0,0
9c553886-83c5-4dc4-be5c-dcb269b3a771__ep2,9c553886-83c5-4dc4-be5c-dcb269b3a771__ep2:qa:1,9c553886-83c5-4dc4-be5c-dcb269b3a771__ep2:qa:0,0,0,1.0,1
9c553886-83c5-4dc4-be5c-dcb269b3a771__ep2,9c553886-83c5-4dc4-be5c-dcb269b3a771__ep2:qa:1,9c553886-83c5-4dc4-be5c-dcb269b3a771__ep2:qa:2,1,0,1.0,0
9c553886-83c5-4dc4-be5c-dcb269b3a771__ep2,9c553886-83c5-4dc4-be5c-dcb269b3a771__ep2:qa:26,9c553886-83c5-4dc4-be5c-dcb269b3a771__ep2:qa:2,0,0,1.0,1
9c553886-83c5-4dc4-be5c-dcb269b3a771__ep2,9c553886-83c5-4dc4-be5c-dcb269b3a771__ep2:qa:26,9c553886-83c5-4dc4-be5c-dcb269b3a771__ep2:qa:27,1,0,1.0,0
9c553886-83c5-4dc4-be5c-dcb269b3a771__ep2,9c553886-83c5-4dc4-be5c-dcb269b3a771__ep2:qa:27,9c553886-83c5-4dc4-be5c-dcb269b3a771__ep2:qa:30,1,0,1.0,0
9c553886-83c5-4dc4-be5c-dcb269b3a771__ep2,9c553886-83c5-4dc4-be5c-dcb269b3a771__ep2:qa:30,9c553886-83c5-4dc4-be5c-dcb269b3a771__ep2:qa:31,1,0,1.0,0
9c553886-83c5-4dc4-be5c-dcb269b3a771__ep2,9c553886-83c5-4dc4-be5c-dcb269b3a771__ep2:qa:31,9c553886-83c5-4dc4-be5c-dcb269b3a771__ep2:qa:70,1,0,1.0,0
9c553886-83c5-4dc4-be5c-dcb269b3a771__ep2,9c553886-83c5-4dc4-be5c-dcb269b3a771__ep2:qa:70,9c553886-83c5-4dc4-be5c-dcb269b3a771__ep2:qa:71,1,0,1.0,0
9c553886-83c5-4dc4-be5c-dcb269b3a771__ep2,9c553886-83c5-4dc4-be5c-dcb269b3a771__ep2:qa:71,9c553886-83c5-4dc4-be5c-dcb269b3a771__ep2:qa:72,1,0,1.0,0
9c553886-83c5-4dc4-be5c-dcb269b3a771__ep2,9c553886-83c5-4dc4-be5c-dcb269b3a771__ep2:qa:90,9c553886-83c5-4dc4-be5c-dcb269b3a771__ep2:qa:72,0,0,1.0,1
9c553886-83c5-4dc4-be5c-dcb269b3a771__ep2,9c553886-83c5-4dc4-be5c-dcb269b3a771__ep2:qa:90,9c553886-83c5-4dc4-be5c-dcb269b3a771__ep2:qa:91,1,0,1.0,0
9c553886-83c5-4dc4-be5c-dcb269b3a771__ep2,9c553886-83c5-4dc4-be5c-dcb269b3a771__ep2:qa:91,9c553886-83c5-4dc4-be5c-dcb269b3a771__ep2:qa:110,1,0,1.0,0
9c553886-83c5-4dc4-be5c-dcb269b3a771__ep2,9c553886-83c5-4dc4-be5c-dcb269b3a771__ep2:qa:111,9c553886-83c5-4dc4-be5c-dcb269b3a771__ep2:qa:110,0,0,1.0,1
9c553886-83c5-4dc4-be5c-dcb269b3a771__ep2,9c553886-83c5-4dc4-be5c-dcb269b3a771__ep2:qa:112,9c553886-83c5-4dc4-be5c-dcb269b3a771__ep2:qa:111,0,0,1.0,1
9c553886-83c5-4dc4-be5c-dcb269b3a771__ep2,9c553886-83c5-4dc4-be5c-dcb269b3a771__ep2:qa:112,9c553886-83c5-4dc4-be5c-dcb269b3a771__ep2:qa:170,1,0,1.0,0
9c553886-83c5-4dc4-be5c-dcb269b3a771__ep2,9c553886-83c5-4dc4-be5c-dcb269b3a771__ep2:qa:170,9c553886-83c5-4dc4-be5c-dcb269b3a771__ep2:qa:171,1,0,1.0,0
9c553886-83c5-4dc4-be5c-dcb269b3a771__ep2,9c553886-83c5-4dc4-be5c-dcb269b3a771__ep2:qa:172,9c553886-83c5-4dc4-be5c-dcb269b3a771__ep2:qa:171,0,0,1.0,1
9c553886-83c5-4dc4-be5c-dcb269b3a771__ep2,9c553886-83c5-4dc4-be5c-dcb269b3a771__ep2:qa:172,9c553886-83c5-4dc4-be5c-dcb269b3a771__ep2:qa:230,1,0,1.0,0
9c553886-83c5-4dc4-be5c-dcb269b3a771__ep2,9c553886-83c5-4dc4-be5c-dcb269b3a771__ep2:qa:230,9c553886-83c5-4dc4-be5c-dcb269b3a771__ep2:qa:231,1,0,1.0,0
9c553886-83c5-4dc4-be5c-dcb269b3a771__ep2,9c553886-83c5-4dc4-be5c-dcb269b3a771__ep2:qa:276,9c553886-83c5-4dc4-be5c-dcb269b3a771__ep2:qa:231,0,0,1.0,1
9c553886-83c5-4dc4-be5c-dcb269b3a771__ep2,9c553886-83c5-4dc4-be5c-dcb269b3a771__ep2:qa:276,9c553886-83c5-4dc4-be5c-dcb269b3a771__ep2:qa:277,1,0,1.0,0
9c553886-83c5-4dc4-be5c-dcb269b3a771__ep2,9c553886-83c5-4dc4-be5c-dcb269b3a771__ep2:qa:277,9c553886-83c5-4dc4-be5c-dcb269b3a771__ep2:qa:278,1,0,1.0,0
9c553886-83c5-4dc4-be5c-dcb269b3a771__ep2,9c553886-83c5-4dc4-be5c-dcb269b3a771__ep2:qa:282,9c553886-83c5-4dc4-be5c-dcb269b3a771__ep2:qa:278,0,0,1.0,1
9c553886-83c5-4dc4-be5c-dcb269b3a771__ep2,9c553886-83c5-4dc4-be5c-dcb269b3a771__ep2:qa:283,9c553886-83c5-4dc4-be5c-dcb269b3a771__ep2:qa:282,0,0,1.0,1
9c553886-83c5-4dc4-be5c-dcb269b3a771__ep2,9c553886-83c5-4dc4-be5c-dcb269b3a771__ep2:qa:283,9c553886-83c5-4dc4-be5c-dcb269b3a771__ep2:qa:284,1,0,1.0,0
9c553886-83c5-4dc4-be5c-dcb269b3a771__ep2,9c553886-83c5-4dc4-be5c-dcb269b3a771__ep2:qa:284,9c553886-83c5-4dc4-be5c-dcb269b3a771__ep2:qa:290,1,0,1.0,0
9c553886-83c5-4dc4-be5c-dcb269b3a771__ep2,9c553886-83c5-4dc4-be5c-dcb269b3a771__ep2:qa:290,9c553886-83c5-4dc4-be5c-dcb269b3a771__ep2:qa:291,1,0,1.0,0
9c553886-83c5-4dc4-be5c-dcb269b3a771__ep2,9c553886-83c5-4dc4-be5c-dcb269b3a771__ep2:qa:292,9c553886-83c5-4dc4-be5c-dcb269b3a771__ep2:qa:291,0,0,1.0,1
9c553886-83c5-4dc4-be5c-dcb269b3a771__ep2,9c553886-83c5-4dc4-be5c-dcb269b3a771__ep2:qa:292,9c553886-83c5-4dc4-be5c-dcb269b3a771__ep2:qa:293,1,0,1.0,0
9c553886-83c5-4dc4-be5c-dcb269b3a771__ep2,9c553886-83c5-4dc4-be5c-dcb269b3a771__ep2:qa:293,9c553886-83c5-4dc4-be5c-dcb269b3a771__ep2:qa:294,1,0,1.0,0
9c553886-83c5-4dc4-be5c-dcb269b3a771__ep2,9c553886-83c5-4dc4-be5c-dcb269b3a771__ep2:qa:294,9c553886-83c5-4dc4-be5c-dcb269b3a771__ep2:qa:295,1,0,1.0,0
34f07a04-eb37-45a3-95ec-189ed5f4a85b__ep5,34f07a04-eb37-45a3-95ec-189ed5f4a85b__ep5:qa:12,34f07a04-eb37-45a3-95ec-189ed5f4a85b__ep5:qa:0,0,0,1.0,1
34f07a04-eb37-45a3-95ec-189ed5f4a85b__ep5,34f07a04-eb37-45a3-95ec-189ed5f4a85b__ep5:qa:64,34f07a04-eb37-45a3-95ec-189ed5f4a85b__ep5:qa:12,0,0,1.0,1
34f07a04-eb37-45a3-95ec-189ed5f4a85b__ep5,34f07a04-eb37-45a3-95ec-189ed5f4a85b__ep5:qa:64,34f07a04-eb37-45a3-95ec-189ed5f4a85b__ep5:qa:65,1,0,1.0,0
34f07a04-eb37-45a3-95ec-189ed5f4a85b__ep5,34f07a04-eb37-45a3-95ec-189ed5f4a85b__ep5:qa:70,34f07a04-eb37-45a3-95ec-189ed5f4a85b__ep5:qa:65,0,0,1.0,1
34f07a04-eb37-45a3-95ec-189ed5f4a85b__ep5,34f07a04-eb37-45a3-95ec-189ed5f4a85b__ep5:qa:71,34f07a04-eb37-45a3-95ec-189ed5f4a85b__ep5:qa:70,0,0,1.0,1
34f07a04-eb37-45a3-95ec-189ed5f4a85b__ep5,34f07a04-eb37-45a3-95ec-189ed5f4a85b__ep5:qa:71,34f07a04-eb37-45a3-95ec-189ed5f4a85b__ep5:qa:82,1,0,1.0,0
34f07a04-eb37-45a3-95ec-189ed5f4a85b__ep5,34f07a04-eb37-45a3-95ec-189ed5f4a85b__ep5:qa:90,34f07a04-eb37-45a3-95ec-189ed5f4a85b__ep5:qa:82,0,0,1.0,1
34f07a04-eb37-45a3-95ec-189ed5f4a85b__ep5,34f07a04-eb37-45a3-95ec-189ed5f4a85b__ep5:qa:90,34f07a04-eb37-45a3-95ec-189ed5f4a85b__ep5:qa:91,1,0,1.0,0
34f07a04-eb37-45a3-95ec-189ed5f4a85b__ep5,34f07a04-eb37-45a3-95ec-189ed5f4a85b__ep5:qa:106,34f07a04-eb37-45a3-95ec-189ed5f4a85b__ep5:qa:91,0,0,1.0,1
34f07a04-eb37-45a3-95ec-189ed5f4a85b__ep5,34f07a04-eb37-45a3-95ec-189ed5f4a85b__ep5:qa:106,34f07a04-eb37-45a3-95ec-189ed5f4a85b__ep5:qa:140,1,0,1.0,0
34f07a04-eb37-45a3-95ec-189ed5f4a85b__ep5,34f07a04-eb37-45a3-95ec-189ed5f4a85b__ep5:qa:140,34f07a04-eb37-45a3-95ec-189ed5f4a85b__ep5:qa:141,1,0,1.0,0
34f07a04-eb37-45a3-95ec-189ed5f4a85b__ep5,34f07a04-eb37-45a3-95ec-189ed5f4a85b__ep5:qa:154,34f07a04-eb37-45a3-95ec-189ed5f4a85b__ep5:qa:141,0,0,1.0,1
34f07a04-eb37-45a3-95ec-189ed5f4a85b__ep5,34f07a04-eb37-45a3-95ec-189ed5f4a85b__ep5:qa:160,34f07a04-eb37-45a3-95ec-189ed5f4a85b__ep5:qa:154,0,0,1.0,1
34f07a04-eb37-45a3-95ec-189ed5f4a85b__ep5,34f07a04-eb37-45a3-95ec-189ed5f4a85b__ep5:qa:166,34f07a04-eb37-45a3-95ec-189ed5f4a85b__ep5:qa:160,0,0,1.0,1
34f07a04-eb37-45a3-95ec-189ed5f4a85b__ep5,34f07a04-eb37-45a3-95ec-189ed5f4a85b__ep5:qa:167,34f07a04-eb37-45a3-95ec-189ed5f4a85b__ep5:qa:166,0,0,1.0,1
34f07a04-eb37-45a3-95ec-189ed5f4a85b__ep5,34f07a04-eb37-45a3-95ec-189ed5f4a85b__ep5:qa:167,34f07a04-eb37-45a3-95ec-189ed5f4a85b__ep5:qa:190,1,0,1.0,0
34f07a04-eb37-45a3-95ec-189ed5f4a85b__ep5,34f07a04-eb37-45a3-95ec-189ed5f4a85b__ep5:qa:190,34f07a04-eb37-45a3-95ec-189ed5f4a85b__ep5:qa:191,1,0,1.0,0
34f07a04-eb37-45a3-95ec-189ed5f4a85b__ep5,34f07a04-eb37-45a3-95ec-189ed5f4a85b__ep5:qa:191,34f07a04-eb37-45a3-95ec-189ed5f4a85b__ep5:qa:198,1,0,1.0,0
34f07a04-eb37-45a3-95ec-189ed5f4a85b__ep5,34f07a04-eb37-45a3-95ec-189ed5f4a85b__ep5:qa:199,34f07a04-eb37-45a3-95ec-189ed5f4a85b__ep5:qa:198,0,0,1.0,1
34f07a04-eb37-45a3-95ec-189ed5f4a85b__ep5,34f07a04-eb37-45a3-95ec-189ed5f4a85b__ep5:qa:206,34f07a04-eb37-45a3-95ec-189ed5f4a85b__ep5:qa:199,0,0,1.0,1
34f07a04-eb37-45a3-95ec-189ed5f4a85b__ep5,34f07a04-eb37-45a3-95ec-189ed5f4a85b__ep5:qa:206,34f07a04-eb37-45a3-95ec-189ed5f4a85b__ep5:qa:207,1,0,1.0,0
34f07a04-eb37-45a3-95ec-189ed5f4a85b__ep5,34f07a04-eb37-45a3-95ec-189ed5f4a85b__ep5:qa:207,34f07a04-eb37-45a3-95ec-189ed5f4a85b__ep5:qa:218,1,0,1.0,0
34f07a04-eb37-45a3-95ec-189ed5f4a85b__ep5,34f07a04-eb37-45a3-95ec-189ed5f4a85b__ep5:qa:219,34f07a04-eb37-45a3-95ec-189ed5f4a85b__ep5:qa:218,0,0,1.0,1
34f07a04-eb37-45a3-95ec-189ed5f4a85b__ep5,34f07a04-eb37-45a3-95ec-189ed5f4a85b__ep5:qa:219,34f07a04-eb37-45a3-95ec-189ed5f4a85b__ep5:qa:220,1,0,1.0,0
34f07a04-eb37-45a3-95ec-189ed5f4a85b__ep5,34f07a04-eb37-45a3-95ec-189ed5f4a85b__ep5:qa:221,34f07a04-eb37-45a3-95ec-189ed5f4a85b__ep5:qa:220,0,0,1.0,1
34f07a04-eb37-45a3-95ec-189ed5f4a85b__ep5,34f07a04-eb37-45a3-95ec-189ed5f4a85b__ep5:qa:236,34f07a04-eb37-45a3-95ec-189ed5f4a85b__ep5:qa:221,0,0,1.0,1
34f07a04-eb37-45a3-95ec-189ed5f4a85b__ep5,34f07a04-eb37-45a3-95ec-189ed5f4a85b__ep5:qa:236,34f07a04-eb37-45a3-95ec-189ed5f4a85b__ep5:qa:237,1,0,1.0,0
34f07a04-eb37-45a3-95ec-189ed5f4a85b__ep5,34f07a04-eb37-45a3-95ec-189ed5f4a85b__ep5:qa:240,34f07a04-eb37-45a3-95ec-189ed5f4a85b__ep5:qa:237,0,0,1.0,1
34f07a04-eb37-45a3-95ec-189ed5f4a85b__ep5,34f07a04-eb37-45a3-95ec-189ed5f4a85b__ep5:qa:240,34f07a04-eb37-45a3-95ec-189ed5f4a85b__ep5:qa:241,1,0,1.0,0
34f07a04-eb37-45a3-95ec-189ed5f4a85b__ep5,34f07a04-eb37-45a3-95ec-189ed5f4a85b__ep5:qa:241,34f07a04-eb37-45a3-95ec-189ed5f4a85b__ep5:qa:244,1,0,1.0,0
34f07a04-eb37-45a3-95ec-189ed5f4a85b__ep5,34f07a04-eb37-45a3-95ec-189ed5f4a85b__ep5:qa:244,34f07a04-eb37-45a3-95ec-189ed5f4a85b__ep5:qa:245,1,0,1.0,0
b9dd769b-e31a-4fdb-945e-5a60db6487b0__ep2,b9dd769b-e31a-4fdb-945e-5a60db6487b0__ep2:qa:0,b9dd769b-e31a-4fdb-945e-5a60db6487b0__ep2:qa:1,1,0,0.9495890736579895,0
b9dd769b-e31a-4fdb-945e-5a60db6487b0__ep2,b9dd769b-e31a-4fdb-945e-5a60db6487b0__ep2:qa:1,b9dd769b-e31a-4fdb-945e-5a60db6487b0__ep2:qa:2,1,0,0.949672281742096,0
b9dd769b-e31a-4fdb-945e-5a60db6487b0__ep2,b9dd769b-e31a-4fdb-945e-5a60db6487b0__ep2:qa:2,b9dd769b-e31a-4fdb-945e-5a60db6487b0__ep2:qa:40,1,0,0.5816607475280762,0
b9dd769b-e31a-4fdb-945e-5a60db6487b0__ep2,b9dd769b-e31a-4fdb-945e-5a60db6487b0__ep2:qa:41,b9dd769b-e31a-4fdb-945e-5a60db6487b0__ep2:qa:40,0,0,0.9567314386367798,1
b9dd769b-e31a-4fdb-945e-5a60db6487b0__ep2,b9dd769b-e31a-4fdb-945e-5a60db6487b0__ep2:qa:41,b9dd769b-e31a-4fdb-945e-5a60db6487b0__ep2:qa:42,1,0,0.9524030685424805,0
b9dd769b-e31a-4fdb-945e-5a60db6487b0__ep2,b9dd769b-e31a-4fdb-945e-5a60db6487b0__ep2:qa:43,b9dd769b-e31a-4fdb-945e-5a60db6487b0__ep2:qa:42,0,0,0.956902801990509,1
b9dd769b-e31a-4fdb-945e-5a60db6487b0__ep2,b9dd769b-e31a-4fdb-945e-5a60db6487b0__ep2:qa:70,b9dd769b-e31a-4fdb-945e-5a60db6487b0__ep2:qa:43,0,0,0.980672299861908,1
b9dd769b-e31a-4fdb-945e-5a60db6487b0__ep2,b9dd769b-e31a-4fdb-945e-5a60db6487b0__ep2:qa:71,b9dd769b-e31a-4fdb-945e-5a60db6487b0__ep2:qa:70,0,0,0.9592351317405701,1
b9dd769b-e31a-4fdb-945e-5a60db6487b0__ep2,b9dd769b-e31a-4fdb-945e-5a60db6487b0__ep2:qa:72,b9dd769b-e31a-4fdb-945e-5a60db6487b0__ep2:qa:71,0,0,0.959316074848175,1
b9dd769b-e31a-4fdb-945e-5a60db6487b0__ep2,b9dd769b-e31a-4fdb-945e-5a60db6487b0__ep2:qa:73,b9dd769b-e31a-4fdb-945e-5a60db6487b0__ep2:qa:72,0,0,0.95939701795578,1
b9dd769b-e31a-4fdb-945e-5a60db6487b0__ep2,b9dd769b-e31a-4fdb-945e-5a60db6487b0__ep2:qa:90,b9dd769b-e31a-4fdb-945e-5a60db6487b0__ep2:qa:73,0,0,0.9752012491226196,1
b9dd769b-e31a-4fdb-945e-5a60db6487b0__ep2,b9dd769b-e31a-4fdb-945e-5a60db6487b0__ep2:qa:91,b9dd769b-e31a-4fdb-945e-5a60db6487b0__ep2:qa:90,0,0,0.9608264565467834,1
b9dd769b-e31a-4fdb-945e-5a60db6487b0__ep2,b9dd769b-e31a-4fdb-945e-5a60db6487b0__ep2:qa:92,b9dd769b-e31a-4fdb-945e-5a60db6487b0__ep2:qa:91,0,0,0.9609045386314392,1
b9dd769b-e31a-4fdb-945e-5a60db6487b0__ep2,b9dd769b-e31a-4fdb-945e-5a60db6487b0__ep2:qa:92,b9dd769b-e31a-4fdb-945e-5a60db6487b0__ep2:qa:94,1,0,0.9539879560470581,0
b9dd769b-e31a-4fdb-945e-5a60db6487b0__ep2,b9dd769b-e31a-4fdb-945e-5a60db6487b0__ep2:qa:94,b9dd769b-e31a-4fdb-945e-5a60db6487b0__ep2:qa:95,1,0,0.9571452736854553,0
b9dd769b-e31a-4fdb-945e-5a60db6487b0__ep2,b9dd769b-e31a-4fdb-945e-5a60db6487b0__ep2:qa:95,b9dd769b-e31a-4fdb-945e-5a60db6487b0__ep2:qa:96,1,0,0.957230269908905,0
b9dd769b-e31a-4fdb-945e-5a60db6487b0__ep2,b9dd769b-e31a-4fdb-945e-5a60db6487b0__ep2:qa:96,b9dd769b-e31a-4fdb-945e-5a60db6487b0__ep2:qa:97,1,0,0.9573150277137756,0
b9dd769b-e31a-4fdb-945e-5a60db6487b0__ep2,b9dd769b-e31a-4fdb-945e-5a60db6487b0__ep2:qa:97,b9dd769b-e31a-4fdb-945e-5a60db6487b0__ep2:qa:114,1,0,0.8795807957649231,0
b9dd769b-e31a-4fdb-945e-5a60db6487b0__ep2,b9dd769b-e31a-4fdb-945e-5a60db6487b0__ep2:qa:115,b9dd769b-e31a-4fdb-945e-5a60db6487b0__ep2:qa:114,0,0,0.962657630443573,1
b9dd769b-e31a-4fdb-945e-5a60db6487b0__ep2,b9dd769b-e31a-4fdb-945e-5a60db6487b0__ep2:qa:116,b9dd769b-e31a-4fdb-945e-5a60db6487b0__ep2:qa:115,0,0,0.9627320766448975,1
b9dd769b-e31a-4fdb-945e-5a60db6487b0__ep2,b9dd769b-e31a-4fdb-945e-5a60db6487b0__ep2:qa:116,b9dd769b-e31a-4fdb-945e-5a60db6487b0__ep2:qa:120,1,0,0.9498381018638611,0
b9dd769b-e31a-4fdb-945e-5a60db6487b0__ep2,b9dd769b-e31a-4fdb-945e-5a60db6487b0__ep2:qa:121,b9dd769b-e31a-4fdb-945e-5a60db6487b0__ep2:qa:120,0,0,0.9631023406982422,1
b9dd769b-e31a-4fdb-945e-5a60db6487b0__ep2,b9dd769b-e31a-4fdb-945e-5a60db6487b0__ep2:qa:121,b9dd769b-e31a-4fdb-945e-5a60db6487b0__ep2:qa:122,1,0,0.9593842029571533,0
b9dd769b-e31a-4fdb-945e-5a60db6487b0__ep2,b9dd769b-e31a-4fdb-945e-5a60db6487b0__ep2:qa:123,b9dd769b-e31a-4fdb-945e-5a60db6487b0__ep2:qa:122,0,0,0.9632494449615479,1
b9dd769b-e31a-4fdb-945e-5a60db6487b0__ep2,b9dd769b-e31a-4fdb-945e-5a60db6487b0__ep2:qa:144,b9dd769b-e31a-4fdb-945e-5a60db6487b0__ep2:qa:123,0,0,0.980205774307251,1
b9dd769b-e31a-4fdb-945e-5a60db6487b0__ep2,b9dd769b-e31a-4fdb-945e-5a60db6487b0__ep2:qa:145,b9dd769b-e31a-4fdb-945e-5a60db6487b0__ep2:qa:144,0,0,0.9648309350013733,1
b9dd769b-e31a-4fdb-945e-5a60db6487b0__ep2,b9dd769b-e31a-4fdb-945e-5a60db6487b0__ep2:qa:145,b9dd769b-e31a-4fdb-945e-5a60db6487b0__ep2:qa:146,1,0,0.9612799882888794,0
b9dd769b-e31a-4fdb-945e-5a60db6487b0__ep2,b9dd769b-e31a-4fdb-945e-5a60db6487b0__ep2:qa:147,b9dd769b-e31a-4fdb-945e-5a60db6487b0__ep2:qa:146,0,0,0.9649714827537537,1
b9dd769b-e31a-4fdb-945e-5a60db6487b0__ep2,b9dd769b-e31a-4fdb-945e-5a60db6487b0__ep2:qa:147,b9dd769b-e31a-4fdb-945e-5a60db6487b0__ep2:qa:190,1,0,0.5660699605941772,0
b9dd769b-e31a-4fdb-945e-5a60db6487b0__ep2,b9dd769b-e31a-4fdb-945e-5a60db6487b0__ep2:qa:190,b9dd769b-e31a-4fdb-945e-5a60db6487b0__ep2:qa:191,1,0,0.9646080732345581,0
b9dd769b-e31a-4fdb-945e-5a60db6487b0__ep2,b9dd769b-e31a-4fdb-945e-5a60db6487b0__ep2:qa:192,b9dd769b-e31a-4fdb-945e-5a60db6487b0__ep2:qa:191,0,0,0.9679927825927734,1
ba045ed4-ef25-404d-b756-8dcbd45b18fa__ep2,ba045ed4-ef25-404d-b756-8dcbd45b18fa__ep2:qa:0,ba045ed4-ef25-404d-b756-8dcbd45b18fa__ep2:qa:1,1,0,1.0,0
ba045ed4-ef25-404d-b756-8dcbd45b18fa__ep2,ba045ed4-ef25-404d-b756-8dcbd45b18fa__ep2:qa:1,ba045ed4-ef25-404d-b756-8dcbd45b18fa__ep2:qa:20,1,0,1.0,0
ba045ed4-ef25-404d-b756-8dcbd45b18fa__ep2,ba045ed4-ef25-404d-b756-8dcbd45b18fa__ep2:qa:21,ba045ed4-ef25-404d-b756-8dcbd45b18fa__ep2:qa:20,0,0,1.0,1
ba045ed4-ef25-404d-b756-8dcbd45b18fa__ep2,ba045ed4-ef25-404d-b756-8dcbd45b18fa__ep2:qa:21,ba045ed4-ef25-404d-b756-8dcbd45b18fa__ep2:qa:30,1,0,1.0,0
ba045ed4-ef25-404d-b756-8dcbd45b18fa__ep2,ba045ed4-ef25-404d-b756-8dcbd45b18fa__ep2:qa:31,ba045ed4-ef25-404d-b756-8dcbd45b18fa__ep2:qa:30,0,0,1.0,1
ba045ed4-ef25-404d-b756-8dcbd45b18fa__ep2,ba045ed4-ef25-404d-b756-8dcbd45b18fa__ep2:qa:40,ba045ed4-ef25-404d-b756-8dcbd45b18fa__ep2:qa:31,0,0,1.0,1
ba045ed4-ef25-404d-b756-8dcbd45b18fa__ep2,ba045ed4-ef25-404d-b756-8dcbd45b18fa__ep2:qa:40,ba045ed4-ef25-404d-b756-8dcbd45b18fa__ep2:qa:41,1,0,1.0,0
ba045ed4-ef25-404d-b756-8dcbd45b18fa__ep2,ba045ed4-ef25-404d-b756-8dcbd45b18fa__ep2:qa:70,ba045ed4-ef25-404d-b756-8dcbd45b18fa__ep2:qa:41,0,0,1.0,1
ba045ed4-ef25-404d-b756-8dcbd45b18fa__ep2,ba045ed4-ef25-404d-b756-8dcbd45b18fa__ep2:qa:71,ba045ed4-ef25-404d-b756-8dcbd45b18fa__ep2:qa:70,0,0,1.0,1
ba045ed4-ef25-404d-b756-8dcbd45b18fa__ep2,ba045ed4-ef25-404d-b756-8dcbd45b18fa__ep2:qa:170,ba045ed4-ef25-404d-b756-8dcbd45b18fa__ep2:qa:71,0,0,1.0,1
ba045ed4-ef25-404d-b756-8dcbd45b18fa__ep2,ba045ed4-ef25-404d-b756-8dcbd45b18fa__ep2:qa:171,ba045ed4-ef25-404d-b756-8dcbd45b18fa__ep2:qa:170,0,0,1.0,1
ba045ed4-ef25-404d-b756-8dcbd45b18fa__ep2,ba045ed4-ef25-404d-b756-8dcbd45b18fa__ep2:qa:176,ba045ed4-ef25-404d-b756-8dcbd45b18fa__ep2:qa:171,0,0,1.0,1
ba045ed4-ef25-404d-b756-8dcbd45b18fa__ep2,ba045ed4-ef25-404d-b756-8dcbd45b18fa__ep2:qa:176,ba045ed4-ef25-404d-b756-8dcbd45b18fa__ep2:qa:182,1,0,1.0,0
ba045ed4-ef25-404d-b756-8dcbd45b18fa__ep2,ba045ed4-ef25-404d-b756-8dcbd45b18fa__ep2:qa:190,ba045ed4-ef25-404d-b756-8dcbd45b18fa__ep2:qa:182,0,0,1.0,1
ba045ed4-ef25-404d-b756-8dcbd45b18fa__ep2,ba045ed4-ef25-404d-b756-8dcbd45b18fa__ep2:qa:190,ba045ed4-ef25-404d-b756-8dcbd45b18fa__ep2:qa:191,1,0,1.0,0
ba045ed4-ef25-404d-b756-8dcbd45b18fa__ep2,ba045ed4-ef25-404d-b756-8dcbd45b18fa__ep2:qa:191,ba045ed4-ef25-404d-b756-8dcbd45b18fa__ep2:qa:200,1,0,1.0,0
ba045ed4-ef25-404d-b756-8dcbd45b18fa__ep2,ba045ed4-ef25-404d-b756-8dcbd45b18fa__ep2:qa:200,ba045ed4-ef25-404d-b756-8dcbd45b18fa__ep2:qa:201,1,0,1.0,0
ba045ed4-ef25-404d-b756-8dcbd45b18fa__ep2,ba045ed4-ef25-404d-b756-8dcbd45b18fa__ep2:qa:201,ba045ed4-ef25-404d-b756-8dcbd45b18fa__ep2:qa:214,1,0,1.0,0
ba045ed4-ef25-404d-b756-8dcbd45b18fa__ep2,ba045ed4-ef25-404d-b756-8dcbd45b18fa__ep2:qa:215,ba045ed4-ef25-404d-b756-8dcbd45b18fa__ep2:qa:214,0,0,1.0,1
ba045ed4-ef25-404d-b756-8dcbd45b18fa__ep2,ba045ed4-ef25-404d-b756-8dcbd45b18fa__ep2:qa:220,ba045ed4-ef25-404d-b756-8dcbd45b18fa__ep2:qa:215,0,0,1.0,1
ba045ed4-ef25-404d-b756-8dcbd45b18fa__ep2,ba045ed4-ef25-404d-b756-8dcbd45b18fa__ep2:qa:220,ba045ed4-ef25-404d-b756-8dcbd45b18fa__ep2:qa:221,1,0,1.0,0
ba045ed4-ef25-404d-b756-8dcbd45b18fa__ep2,ba045ed4-ef25-404d-b756-8dcbd45b18fa__ep2:qa:230,ba045ed4-ef25-404d-b756-8dcbd45b18fa__ep2:qa:221,0,0,1.0,1
ba045ed4-ef25-404d-b756-8dcbd45b18fa__ep2,ba045ed4-ef25-404d-b756-8dcbd45b18fa__ep2:qa:230,ba045ed4-ef25-404d-b756-8dcbd45b18fa__ep2:qa:231,1,0,1.0,0
ba045ed4-ef25-404d-b756-8dcbd45b18fa__ep2,ba045ed4-ef25-404d-b756-8dcbd45b18fa__ep2:qa:240,ba045ed4-ef25-404d-b756-8dcbd45b18fa__ep2:qa:231,0,0,1.0,1
ba045ed4-ef25-404d-b756-8dcbd45b18fa__ep2,ba045ed4-ef25-404d-b756-8dcbd45b18fa__ep2:qa:240,ba045ed4-ef25-404d-b756-8dcbd45b18fa__ep2:qa:250,1,0,1.0,0
ba045ed4-ef25-404d-b756-8dcbd45b18fa__ep2,ba045ed4-ef25-404d-b756-8dcbd45b18fa__ep2:qa:258,ba045ed4-ef25-404d-b756-8dcbd45b18fa__ep2:qa:250,0,0,1.0,1
ba045ed4-ef25-404d-b756-8dcbd45b18fa__ep2,ba045ed4-ef25-404d-b756-8dcbd45b18fa__ep2:qa:259,ba045ed4-ef25-404d-b756-8dcbd45b18fa__ep2:qa:258,0,0,1.0,1
ba045ed4-ef25-404d-b756-8dcbd45b18fa__ep2,ba045ed4-ef25-404d-b756-8dcbd45b18fa__ep2:qa:259,ba045ed4-ef25-404d-b756-8dcbd45b18fa__ep2:qa:270,1,0,1.0,0
ba045ed4-ef25-404d-b756-8dcbd45b18fa__ep2,ba045ed4-ef25-404d-b756-8dcbd45b18fa__ep2:qa:270,ba045ed4-ef25-404d-b756-8dcbd45b18fa__ep2:qa:271,1,0,1.0,0
ba045ed4-ef25-404d-b756-8dcbd45b18fa__ep2,ba045ed4-ef25-404d-b756-8dcbd45b18fa__ep2:qa:271,ba045ed4-ef25-404d-b756-8dcbd45b18fa__ep2:qa:290,1,0,1.0,0
ba045ed4-ef25-404d-b756-8dcbd45b18fa__ep2,ba045ed4-ef25-404d-b756-8dcbd45b18fa__ep2:qa:291,ba045ed4-ef25-404d-b756-8dcbd45b18fa__ep2:qa:290,0,0,1.0,1
4b02bb38-384a-438a-b5f9-6131d85c34b0__ep1,4b02bb38-384a-438a-b5f9-6131d85c34b0__ep1:qa:0,4b02bb38-384a-438a-b5f9-6131d85c34b0__ep1:qa:1,1,0,1.0,0
4b02bb38-384a-438a-b5f9-6131d85c34b0__ep1,4b02bb38-384a-438a-b5f9-6131d85c34b0__ep1:qa:2,4b02bb38-384a-438a-b5f9-6131d85c34b0__ep1:qa:1,0,0,1.0,1
4b02bb38-384a-438a-b5f9-6131d85c34b0__ep1,4b02bb38-384a-438a-b5f9-6131d85c34b0__ep1:qa:2,4b02bb38-384a-438a-b5f9-6131d85c34b0__ep1:qa:14,1,0,1.0,0
4b02bb38-384a-438a-b5f9-6131d85c34b0__ep1,4b02bb38-384a-438a-b5f9-6131d85c34b0__ep1:qa:15,4b02bb38-384a-438a-b5f9-6131d85c34b0__ep1:qa:14,0,0,1.0,1
4b02bb38-384a-438a-b5f9-6131d85c34b0__ep1,4b02bb38-384a-438a-b5f9-6131d85c34b0__ep1:qa:16,4b02bb38-384a-438a-b5f9-6131d85c34b0__ep1:qa:15,0,0,1.0,1
4b02bb38-384a-438a-b5f9-6131d85c34b0__ep1,4b02bb38-384a-438a-b5f9-6131d85c34b0__ep1:qa:16,4b02bb38-384a-438a-b5f9-6131d85c34b0__ep1:qa:20,1,0,1.0,0
4b02bb38-384a-438a-b5f9-6131d85c34b0__ep1,4b02bb38-384a-438a-b5f9-6131d85c34b0__ep1:qa:20,4b02bb38-384a-438a-b5f9-6131d85c34b0__ep1:qa:21,1,0,1.0,0
4b02bb38-384a-438a-b5f9-6131d85c34b0__ep1,4b02bb38-384a-438a-b5f9-6131d85c34b0__ep1:qa:22,4b02bb38-384a-438a-b5f9-6131d85c34b0__ep1:qa:21,0,0,1.0,1
4b02bb38-384a-438a-b5f9-6131d85c34b0__ep1,4b02bb38-384a-438a-b5f9-6131d85c34b0__ep1:qa:22,4b02bb38-384a-438a-b5f9-6131d85c34b0__ep1:qa:32,1,0,1.0,0
4b02bb38-384a-438a-b5f9-6131d85c34b0__ep1,4b02bb38-384a-438a-b5f9-6131d85c34b0__ep1:qa:32,4b02bb38-384a-438a-b5f9-6131d85c34b0__ep1:qa:33,1,0,1.0,0
4b02bb38-384a-438a-b5f9-6131d85c34b0__ep1,4b02bb38-384a-438a-b5f9-6131d85c34b0__ep1:qa:33,4b02bb38-384a-438a-b5f9-6131d85c34b0__ep1:qa:34,1,0,1.0,0
4b02bb38-384a-438a-b5f9-6131d85c34b0__ep1,4b02bb38-384a-438a-b5f9-6131d85c34b0__ep1:qa:50,4b02bb38-384a-438a-b5f9-6131d85c34b0__ep1:qa:34,0,0,1.0,1
4b02bb38-384a-438a-b5f9-6131d85c34b0__ep1,4b02bb38-384a-438a-b5f9-6131d85c34b0__ep1:qa:50,4b02bb38-384a-438a-b5f9-6131d85c34b0__ep1:qa:51,1,0,1.0,0
4b02bb38-384a-438a-b5f9-6131d85c34b0__ep1,4b02bb38-384a-438a-b5f9-6131d85c34b0__ep1:qa:51,4b02bb38-384a-438a-b5f9-6131d85c34b0__ep1:qa:70,1,0,1.0,0
4b02bb38-384a-438a-b5f9-6131d85c34b0__ep1,4b02bb38-384a-438a-b5f9-6131d85c34b0__ep1:qa:71,4b02bb38-384a-438a-b5f9-6131d85c34b0__ep1:qa:70,0,0,1.0,1
4b02bb38-384a-438a-b5f9-6131d85c34b0__ep1,4b02bb38-384a-438a-b5f9-6131d85c34b0__ep1:qa:72,4b02bb38-384a-438a-b5f9-6131d85c34b0__ep1:qa:71,0,0,1.0,1
4b02bb38-384a-438a-b5f9-6131d85c34b0__ep1,4b02bb38-384a-438a-b5f9-6131d85c34b0__ep1:qa:100,4b02bb38-384a-438a-b5f9-6131d85c34b0__ep1:qa:72,0,0,1.0,1
4b02bb38-384a-438a-b5f9-6131d85c34b0__ep1,4b02bb38-384a-438a-b5f9-6131d85c34b0__ep1:qa:100,4b02bb38-384a-438a-b5f9-6131d85c34b0__ep1:qa:101,1,0,1.0,0
4b02bb38-384a-438a-b5f9-6131d85c34b0__ep1,4b02bb38-384a-438a-b5f9-6131d85c34b0__ep1:qa:101,4b02bb38-384a-438a-b5f9-6131d85c34b0__ep1:qa:102,1,0,1.0,0
4b02bb38-384a-438a-b5f9-6131d85c34b0__ep1,4b02bb38-384a-438a-b5f9-6131d85c34b0__ep1:qa:102,4b02bb38-384a-438a-b5f9-6131d85c34b0__ep1:qa:132,1,0,1.0,0
4b02bb38-384a-438a-b5f9-6131d85c34b0__ep1,4b02bb38-384a-438a-b5f9-6131d85c34b0__ep1:qa:133,4b02bb38-384a-438a-b5f9-6131d85c34b0__ep1:qa:132,0,0,1.0,1
4b02bb38-384a-438a-b5f9-6131d85c34b0__ep1,4b02bb38-384a-438a-b5f9-6131d85c34b0__ep1:qa:134,4b02bb38-384a-438a-b5f9-6131d85c34b0__ep1:qa:133,0,0,1.0,1
4b02bb38-384a-438a-b5f9-6131d85c34b0__ep1,4b02bb38-384a-438a-b5f9-6131d85c34b0__ep1:qa:134,4b02bb38-384a-438a-b5f9-6131d85c34b0__ep1:qa:184,1,0,1.0,0
4b02bb38-384a-438a-b5f9-6131d85c34b0__ep1,4b02bb38-384a-438a-b5f9-6131d85c34b0__ep1:qa:185,4b02bb38-384a-438a-b5f9-6131d85c34b0__ep1:qa:184,0,0,1.0,1
4b02bb38-384a-438a-b5f9-6131d85c34b0__ep1,4b02bb38-384a-438a-b5f9-6131d85c34b0__ep1:qa:185,4b02bb38-384a-438a-b5f9-6131d85c34b0__ep1:qa:186,1,0,1.0,0
4b02bb38-384a-438a-b5f9-6131d85c34b0__ep1,4b02bb38-384a-438a-b5f9-6131d85c34b0__ep1:qa:200,4b02bb38-384a-438a-b5f9-6131d85c34b0__ep1:qa:186,0,0,1.0,1
4b02bb38-384a-438a-b5f9-6131d85c34b0__ep1,4b02bb38-384a-438a-b5f9-6131d85c34b0__ep1:qa:201,4b02bb38-384a-438a-b5f9-6131d85c34b0__ep1:qa:200,0,0,1.0,1
4b02bb38-384a-438a-b5f9-6131d85c34b0__ep1,4b02bb38-384a-438a-b5f9-6131d85c34b0__ep1:qa:202,4b02bb38-384a-438a-b5f9-6131d85c34b0__ep1:qa:201,0,0,1.0,1
4b02bb38-384a-438a-b5f9-6131d85c34b0__ep1,4b02bb38-384a-438a-b5f9-6131d85c34b0__ep1:qa:220,4b02bb38-384a-438a-b5f9-6131d85c34b0__ep1:qa:202,0,0,1.0,1
4b02bb38-384a-438a-b5f9-6131d85c34b0__ep1,4b02bb38-384a-438a-b5f9-6131d85c34b0__ep1:qa:220,4b02bb38-384a-438a-b5f9-6131d85c34b0__ep1:qa:221,1,0,1.0,0
4b02bb38-384a-438a-b5f9-6131d85c34b0__ep1,4b02bb38-384a-438a-b5f9-6131d85c34b0__ep1:qa:222,4b02bb38-384a-438a-b5f9-6131d85c34b0__ep1:qa:221,0,0,1.0,1
5399ef86-4df9-49bc-809f-8f4f92f9e659__ep6,5399ef86-4df9-49bc-809f-8f4f92f9e659__ep6:qa:0,5399ef86-4df9-49bc-809f-8f4f92f9e659__ep6:qa:1,1,0,1.0,0
5399ef86-4df9-49bc-809f-8f4f92f9e659__ep6,5399ef86-4df9-49bc-809f-8f4f92f9e659__ep6:qa:2,5399ef86-4df9-49bc-809f-8f4f92f9e659__ep6:qa:1,0,0,1.0,1
5399ef86-4df9-49bc-809f-8f4f92f9e659__ep6,5399ef86-4df9-49bc-809f-8f4f92f9e659__ep6:qa:8,5399ef86-4df9-49bc-809f-8f4f92f9e659__ep6:qa:2,0,0,1.0,1
5399ef86-4df9-49bc-809f-8f4f92f9e659__ep6,5399ef86-4df9-49bc-809f-8f4f92f9e659__ep6:qa:9,5399ef86-4df9-49bc-809f-8f4f92f9e659__ep6:qa:8,0,0,1.0,1
5399ef86-4df9-49bc-809f-8f4f92f9e659__ep6,5399ef86-4df9-49bc-809f-8f4f92f9e659__ep6:qa:10,5399ef86-4df9-49bc-809f-8f4f92f9e659__ep6:qa:9,0,0,1.0,1
5399ef86-4df9-49bc-809f-8f4f92f9e659__ep6,5399ef86-4df9-49bc-809f-8f4f92f9e659__ep6:qa:10,5399ef86-4df9-49bc-809f-8f4f92f9e659__ep6:qa:20,1,0,1.0,0
5399ef86-4df9-49bc-809f-8f4f92f9e659__ep6,5399ef86-4df9-49bc-809f-8f4f92f9e659__ep6:qa:21,5399ef86-4df9-49bc-809f-8f4f92f9e659__ep6:qa:20,0,0,1.0,1
5399ef86-4df9-49bc-809f-8f4f92f9e659__ep6,5399ef86-4df9-49bc-809f-8f4f92f9e659__ep6:qa:21,5399ef86-4df9-49bc-809f-8f4f92f9e659__ep6:qa:22,1,0,1.0,0
5399ef86-4df9-49bc-809f-8f4f92f9e659__ep6,5399ef86-4df9-49bc-809f-8f4f92f9e659__ep6:qa:22,5399ef86-4df9-49bc-809f-8f4f92f9e659__ep6:qa:50,1,0,1.0,0
5399ef86-4df9-49bc-809f-8f4f92f9e659__ep6,5399ef86-4df9-49bc-809f-8f4f92f9e659__ep6:qa:50,5399ef86-4df9-49bc-809f-8f4f92f9e659__ep6:qa:51,1,0,1.0,0
5399ef86-4df9-49bc-809f-8f4f92f9e659__ep6,5399ef86-4df9-49bc-809f-8f4f92f9e659__ep6:qa:52,5399ef86-4df9-49bc-809f-8f4f92f9e659__ep6:qa:51,0,0,1.0,1
5399ef86-4df9-49bc-809f-8f4f92f9e659__ep6,5399ef86-4df9-49bc-809f-8f4f92f9e659__ep6:qa:90,5399ef86-4df9-49bc-809f-8f4f92f9e659__ep6:qa:52,0,0,1.0,1
5399ef86-4df9-49bc-809f-8f4f92f9e659__ep6,5399ef86-4df9-49bc-809f-8f4f92f9e659__ep6:qa:91,5399ef86-4df9-49bc-809f-8f4f92f9e659__ep6:qa:90,0,0,1.0,1
5399ef86-4df9-49bc-809f-8f4f92f9e659__ep6,5399ef86-4df9-49bc-809f-8f4f92f9e659__ep6:qa:91,5399ef86-4df9-49bc-809f-8f4f92f9e659__ep6:qa:92,1,0,1.0,0
5399ef86-4df9-49bc-809f-8f4f92f9e659__ep6,5399ef86-4df9-49bc-809f-8f4f92f9e659__ep6:qa:92,5399ef86-4df9-49bc-809f-8f4f92f9e659__ep6:qa:100,1,0,1.0,0
5399ef86-4df9-49bc-809f-8f4f92f9e659__ep6,5399ef86-4df9-49bc-809f-8f4f92f9e659__ep6:qa:101,5399ef86-4df9-49bc-809f-8f4f92f9e659__ep6:qa:100,0,0,1.0,1
5399ef86-4df9-49bc-809f-8f4f92f9e659__ep6,5399ef86-4df9-49bc-809f-8f4f92f9e659__ep6:qa:101,5399ef86-4df9-49bc-809f-8f4f92f9e659__ep6:qa:102,1,0,1.0,0
5399ef86-4df9-49bc-809f-8f4f92f9e659__ep6,5399ef86-4df9-49bc-809f-8f4f92f9e659__ep6:qa:120,5399ef86-4df9-49bc-809f-8f4f92f9e659__ep6:qa:102,0,0,1.0,1
5399ef86-4df9-49bc-809f-8f4f92f9e659__ep6,5399ef86-4df9-49bc-809f-8f4f92f9e659__ep6:qa:120,5399ef86-4df9-49bc-809f-8f4f92f9e659__ep6:qa:121,1,0,1.0,0
5399ef86-4df9-49bc-809f-8f4f92f9e659__ep6,5399ef86-4df9-49bc-809f-8f4f92f9e659__ep6:qa:121,5399ef86-4df9-49bc-809f-8f4f92f9e659__ep6:qa:140,1,0,1.0,0
5399ef86-4df9-49bc-809f-8f4f92f9e659__ep6,5399ef86-4df9-49bc-809f-8f4f92f9e659__ep6:qa:141,5399ef86-4df9-49bc-809f-8f4f92f9e659__ep6:qa:140,0,0,1.0,1
5399ef86-4df9-49bc-809f-8f4f92f9e659__ep6,5399ef86-4df9-49bc-809f-8f4f92f9e659__ep6:qa:141,5399ef86-4df9-49bc-809f-8f4f92f9e659__ep6:qa:144,1,0,1.0,0
5399ef86-4df9-49bc-809f-8f4f92f9e659__ep6,5399ef86-4df9-49bc-809f-8f4f92f9e659__ep6:qa:144,5399ef86-4df9-49bc-809f-8f4f92f9e659__ep6:qa:145,1,0,1.0,0
5399ef86-4df9-49bc-809f-8f4f92f9e659__ep6,5399ef86-4df9-49bc-809f-8f4f92f9e659__ep6:qa:145,5399ef86-4df9-49bc-809f-8f4f92f9e659__ep6:qa:146,1,0,1.0,0
5399ef86-4df9-49bc-809f-8f4f92f9e659__ep6,5399ef86-4df9-49bc-809f-8f4f92f9e659__ep6:qa:150,5399ef86-4df9-49bc-809f-8f4f92f9e659__ep6:qa:146,0,0,1.0,1
5399ef86-4df9-49bc-809f-8f4f92f9e659__ep6,5399ef86-4df9-49bc-809f-8f4f92f9e659__ep6:qa:150,5399ef86-4df9-49bc-809f-8f4f92f9e659__ep6:qa:151,1,0,1.0,0
5399ef86-4df9-49bc-809f-8f4f92f9e659__ep6,5399ef86-4df9-49bc-809f-8f4f92f9e659__ep6:qa:151,5399ef86-4df9-49bc-809f-8f4f92f9e659__ep6:qa:160,1,0,1.0,0
5399ef86-4df9-49bc-809f-8f4f92f9e659__ep6,5399ef86-4df9-49bc-809f-8f4f92f9e659__ep6:qa:160,5399ef86-4df9-49bc-809f-8f4f92f9e659__ep6:qa:161,1,0,1.0,0
5399ef86-4df9-49bc-809f-8f4f92f9e659__ep6,5399ef86-4df9-49bc-809f-8f4f92f9e659__ep6:qa:161,5399ef86-4df9-49bc-809f-8f4f92f9e659__ep6:qa:162,1,0,1.0,0
5399ef86-4df9-49bc-809f-8f4f92f9e659__ep6,5399ef86-4df9-49bc-809f-8f4f92f9e659__ep6:qa:162,5399ef86-4df9-49bc-809f-8f4f92f9e659__ep6:qa:190,1,0,1.0,0
5399ef86-4df9-49bc-809f-8f4f92f9e659__ep6,5399ef86-4df9-49bc-809f-8f4f92f9e659__ep6:qa:190,5399ef86-4df9-49bc-809f-8f4f92f9e659__ep6:qa:191,1,0,1.0,0
b750fab3-7fbb-43a0-b451-c64c4d4a64da__ep1,b750fab3-7fbb-43a0-b451-c64c4d4a64da__ep1:qa:20,b750fab3-7fbb-43a0-b451-c64c4d4a64da__ep1:qa:0,0,0,1.0,1
b750fab3-7fbb-43a0-b451-c64c4d4a64da__ep1,b750fab3-7fbb-43a0-b451-c64c4d4a64da__ep1:qa:20,b750fab3-7fbb-43a0-b451-c64c4d4a64da__ep1:qa:21,1,0,1.0,0
b750fab3-7fbb-43a0-b451-c64c4d4a64da__ep1,b750fab3-7fbb-43a0-b451-c64c4d4a64da__ep1:qa:21,b750fab3-7fbb-43a0-b451-c64c4d4a64da__ep1:qa:28,1,0,1.0,0
b750fab3-7fbb-43a0-b451-c64c4d4a64da__ep1,b750fab3-7fbb-43a0-b451-c64c4d4a64da__ep1:qa:29,b750fab3-7fbb-43a0-b451-c64c4d4a64da__ep1:qa:28,0,0,1.0,1
b750fab3-7fbb-43a0-b451-c64c4d4a64da__ep1,b750fab3-7fbb-43a0-b451-c64c4d4a64da__ep1:qa:29,b750fab3-7fbb-43a0-b451-c64c4d4a64da__ep1:qa:34,1,0,1.0,0
b750fab3-7fbb-43a0-b451-c64c4d4a64da__ep1,b750fab3-7fbb-43a0-b451-c64c4d4a64da__ep1:qa:35,b750fab3-7fbb-43a0-b451-c64c4d4a64da__ep1:qa:34,0,0,1.0,1
b750fab3-7fbb-43a0-b451-c64c4d4a64da__ep1,b750fab3-7fbb-43a0-b451-c64c4d4a64da__ep1:qa:40,b750fab3-7fbb-43a0-b451-c64c4d4a64da__ep1:qa:35,0,0,1.0,1
b750fab3-7fbb-43a0-b451-c64c4d4a64da__ep1,b750fab3-7fbb-43a0-b451-c64c4d4a64da__ep1:qa:40,b750fab3-7fbb-43a0-b451-c64c4d4a64da__ep1:qa:41,1,0,1.0,0
b750fab3-7fbb-43a0-b451-c64c4d4a64da__ep1,b750fab3-7fbb-43a0-b451-c64c4d4a64da__ep1:qa:41,b750fab3-7fbb-43a0-b451-c64c4d4a64da__ep1:qa:70,1,0,1.0,0
b750fab3-7fbb-43a0-b451-c64c4d4a64da__ep1,b750fab3-7fbb-43a0-b451-c64c4d4a64da__ep1:qa:71,b750fab3-7fbb-43a0-b451-c64c4d4a64da__ep1:qa:70,0,0,1.0,1
b750fab3-7fbb-43a0-b451-c64c4d4a64da__ep1,b750fab3-7fbb-43a0-b451-c64c4d4a64da__ep1:qa:74,b750fab3-7fbb-43a0-b451-c64c4d4a64da__ep1:qa:71,0,0,1.0,1
b750fab3-7fbb-43a0-b451-c64c4d4a64da__ep1,b750fab3-7fbb-43a0-b451-c64c4d4a64da__ep1:qa:75,b750fab3-7fbb-43a0-b451-c64c4d4a64da__ep1:qa:74,0,0,1.0,1
b750fab3-7fbb-43a0-b451-c64c4d4a64da__ep1,b750fab3-7fbb-43a0-b451-c64c4d4a64da__ep1:qa:82,b750fab3-7fbb-43a0-b451-c64c4d4a64da__ep1:qa:75,0,0,1.0,1
b750fab3-7fbb-43a0-b451-c64c4d4a64da__ep1,b750fab3-7fbb-43a0-b451-c64c4d4a64da__ep1:qa:83,b750fab3-7fbb-43a0-b451-c64c4d4a64da__ep1:qa:82,0,0,1.0,1
b750fab3-7fbb-43a0-b451-c64c4d4a64da__ep1,b750fab3-7fbb-43a0-b451-c64c4d4a64da__ep1:qa:90,b750fab3-7fbb-43a0-b451-c64c4d4a64da__ep1:qa:83,0,0,1.0,1
b750fab3-7fbb-43a0-b451-c64c4d4a64da__ep1,b750fab3-7fbb-43a0-b451-c64c4d4a64da__ep1:qa:91,b750fab3-7fbb-43a0-b451-c64c4d4a64da__ep1:qa:90,0,0,1.0,1
b750fab3-7fbb-43a0-b451-c64c4d4a64da__ep1,b750fab3-7fbb-43a0-b451-c64c4d4a64da__ep1:qa:91,b750fab3-7fbb-43a0-b451-c64c4d4a64da__ep1:qa:120,1,0,1.0,0
b750fab3-7fbb-43a0-b451-c64c4d4a64da__ep1,b750fab3-7fbb-43a0-b451-c64c4d4a64da__ep1:qa:120,b750fab3-7fbb-43a0-b451-c64c4d4a64da__ep1:qa:121,1,0,1.0,0
b750fab3-7fbb-43a0-b451-c64c4d4a64da__ep1,b750fab3-7fbb-43a0-b451-c64c4d4a64da__ep1:qa:121,b750fab3-7fbb-43a0-b451-c64c4d4a64da__ep1:qa:150,1,0,1.0,0
b750fab3-7fbb-43a0-b451-c64c4d4a64da__ep1,b750fab3-7fbb-43a0-b451-c64c4d4a64da__ep1:qa:151,b750fab3-7fbb-43a0-b451-c64c4d4a64da__ep1:qa:150,0,0,1.0,1
b750fab3-7fbb-43a0-b451-c64c4d4a64da__ep1,b750fab3-7fbb-43a0-b451-c64c4d4a64da__ep1:qa:190,b750fab3-7fbb-43a0-b451-c64c4d4a64da__ep1:qa:151,0,0,1.0,1
b750fab3-7fbb-43a0-b451-c64c4d4a64da__ep1,b750fab3-7fbb-43a0-b451-c64c4d4a64da__ep1:qa:191,b750fab3-7fbb-43a0-b451-c64c4d4a64da__ep1:qa:190,0,0,1.0,1
b750fab3-7fbb-43a0-b451-c64c4d4a64da__ep1,b750fab3-7fbb-43a0-b451-c64c4d4a64da__ep1:qa:191,b750fab3-7fbb-43a0-b451-c64c4d4a64da__ep1:qa:220,1,0,1.0,0
b750fab3-7fbb-43a0-b451-c64c4d4a64da__ep1,b750fab3-7fbb-43a0-b451-c64c4d4a64da__ep1:qa:221,b750fab3-7fbb-43a0-b451-c64c4d4a64da__ep1:qa:220,0,0,1.0,1
b750fab3-7fbb-43a0-b451-c64c4d4a64da__ep1,b750fab3-7fbb-43a0-b451-c64c4d4a64da__ep1:qa:221,b750fab3-7fbb-43a0-b451-c64c4d4a64da__ep1:qa:240,1,0,1.0,0
b750fab3-7fbb-43a0-b451-c64c4d4a64da__ep1,b750fab3-7fbb-43a0-b451-c64c4d4a64da__ep1:qa:240,b750fab3-7fbb-43a0-b451-c64c4d4a64da__ep1:qa:246,1,0,1.0,0
b750fab3-7fbb-43a0-b451-c64c4d4a64da__ep1,b750fab3-7fbb-43a0-b451-c64c4d4a64da__ep1:qa:247,b750fab3-7fbb-43a0-b451-c64c4d4a64da__ep1:qa:246,0,0,1.0,1
b750fab3-7fbb-43a0-b451-c64c4d4a64da__ep1,b750fab3-7fbb-43a0-b451-c64c4d4a64da__ep1:qa:247,b750fab3-7fbb-43a0-b451-c64c4d4a64da__ep1:qa:250,1,0,1.0,0
b750fab3-7fbb-43a0-b451-c64c4d4a64da__ep1,b750fab3-7fbb-43a0-b451-c64c4d4a64da__ep1:qa:250,b750fab3-7fbb-43a0-b451-c64c4d4a64da__ep1:qa:251,1,0,1.0,0
b750fab3-7fbb-43a0-b451-c64c4d4a64da__ep1,b750fab3-7fbb-43a0-b451-c64c4d4a64da__ep1:qa:296,b750fab3-7fbb-43a0-b451-c64c4d4a64da__ep1:qa:251,0,0,1.0,1
b750fab3-7fbb-43a0-b451-c64c4d4a64da__ep1,b750fab3-7fbb-43a0-b451-c64c4d4a64da__ep1:qa:297,b750fab3-7fbb-43a0-b451-c64c4d4a64da__ep1:qa:296,0,0,1.0,1
877779cd-25f3-4293-a3c4-39067dd9558c__ep4,877779cd-25f3-4293-a3c4-39067dd9558c__ep4:qa:1,877779cd-25f3-4293-a3c4-39067dd9558c__ep4:qa:0,0,0,1.0,1
877779cd-25f3-4293-a3c4-39067dd9558c__ep4,877779cd-25f3-4293-a3c4-39067dd9558c__ep4:qa:1,877779cd-25f3-4293-a3c4-39067dd9558c__ep4:qa:2,1,0,1.0,0
877779cd-25f3-4293-a3c4-39067dd9558c__ep4,877779cd-25f3-4293-a3c4-39067dd9558c__ep4:qa:20,877779cd-25f3-4293-a3c4-39067dd9558c__ep4:qa:2,0,0,1.0,1
877779cd-25f3-4293-a3c4-39067dd9558c__ep4,877779cd-25f3-4293-a3c4-39067dd9558c__ep4:qa:21,877779cd-25f3-4293-a3c4-39067dd9558c__ep4:qa:20,0,0,1.0,1
877779cd-25f3-4293-a3c4-39067dd9558c__ep4,877779cd-25f3-4293-a3c4-39067dd9558c__ep4:qa:21,877779cd-25f3-4293-a3c4-39067dd9558c__ep4:qa:22,1,0,1.0,0
877779cd-25f3-4293-a3c4-39067dd9558c__ep4,877779cd-25f3-4293-a3c4-39067dd9558c__ep4:qa:22,877779cd-25f3-4293-a3c4-39067dd9558c__ep4:qa:23,1,0,1.0,0
877779cd-25f3-4293-a3c4-39067dd9558c__ep4,877779cd-25f3-4293-a3c4-39067dd9558c__ep4:qa:50,877779cd-25f3-4293-a3c4-39067dd9558c__ep4:qa:23,0,0,1.0,1
877779cd-25f3-4293-a3c4-39067dd9558c__ep4,877779cd-25f3-4293-a3c4-39067dd9558c__ep4:qa:50,877779cd-25f3-4293-a3c4-39067dd9558c__ep4:qa:51,1,0,1.0,0
877779cd-25f3-4293-a3c4-39067dd9558c__ep4,877779cd-25f3-4293-a3c4-39067dd9558c__ep4:qa:51,877779cd-25f3-4293-a3c4-39067dd9558c__ep4:qa:52,1,0,1.0,0
877779cd-25f3-4293-a3c4-39067dd9558c__ep4,877779cd-25f3-4293-a3c4-39067dd9558c__ep4:qa:53,877779cd-25f3-4293-a3c4-39067dd9558c__ep4:qa:52,0,0,1.0,1
877779cd-25f3-4293-a3c4-39067dd9558c__ep4,877779cd-25f3-4293-a3c4-39067dd9558c__ep4:qa:53,877779cd-25f3-4293-a3c4-39067dd9558c__ep4:qa:70,1,0,1.0,0
877779cd-25f3-4293-a3c4-39067dd9558c__ep4,877779cd-25f3-4293-a3c4-39067dd9558c__ep4:qa:70,877779cd-25f3-4293-a3c4-39067dd9558c__ep4:qa:71,1,0,1.0,0
877779cd-25f3-4293-a3c4-39067dd9558c__ep4,877779cd-25f3-4293-a3c4-39067dd9558c__ep4:qa:71,877779cd-25f3-4293-a3c4-39067dd9558c__ep4:qa:72,1,0,1.0,0
877779cd-25f3-4293-a3c4-39067dd9558c__ep4,877779cd-25f3-4293-a3c4-39067dd9558c__ep4:qa:100,877779cd-25f3-4293-a3c4-39067dd9558c__ep4:qa:72,0,0,1.0,1
877779cd-25f3-4293-a3c4-39067dd9558c__ep4,877779cd-25f3-4293-a3c4-39067dd9558c__ep4:qa:101,877779cd-25f3-4293-a3c4-39067dd9558c__ep4:qa:100,0,0,1.0,1
877779cd-25f3-4293-a3c4-39067dd9558c__ep4,877779cd-25f3-4293-a3c4-39067dd9558c__ep4:qa:101,877779cd-25f3-4293-a3c4-39067dd9558c__ep4:qa:102,1,0,1.0,0
877779cd-25f3-4293-a3c4-39067dd9558c__ep4,877779cd-25f3-4293-a3c4-39067dd9558c__ep4:qa:108,877779cd-25f3-4293-a3c4-39067dd9558c__ep4:qa:102,0,0,1.0,1
877779cd-25f3-4293-a3c4-39067dd9558c__ep4,877779cd-25f3-4293-a3c4-39067dd9558c__ep4:qa:108,877779cd-25f3-4293-a3c4-39067dd9558c__ep4:qa:109,1,0,1.0,0
877779cd-25f3-4293-a3c4-39067dd9558c__ep4,877779cd-25f3-4293-a3c4-39067dd9558c__ep4:qa:110,877779cd-25f3-4293-a3c4-39067dd9558c__ep4:qa:109,0,0,1.0,1
877779cd-25f3-4293-a3c4-39067dd9558c__ep4,877779cd-25f3-4293-a3c4-39067dd9558c__ep4:qa:110,877779cd-25f3-4293-a3c4-39067dd9558c__ep4:qa:120,1,0,1.0,0
877779cd-25f3-4293-a3c4-39067dd9558c__ep4,877779cd-25f3-4293-a3c4-39067dd9558c__ep4:qa:121,877779cd-25f3-4293-a3c4-39067dd9558c__ep4:qa:120,0,0,1.0,1
877779cd-25f3-4293-a3c4-39067dd9558c__ep4,877779cd-25f3-4293-a3c4-39067dd9558c__ep4:qa:122,877779cd-25f3-4293-a3c4-39067dd9558c__ep4:qa:121,0,0,1.0,1
877779cd-25f3-4293-a3c4-39067dd9558c__ep4,877779cd-25f3-4293-a3c4-39067dd9558c__ep4:qa:150,877779cd-25f3-4293-a3c4-39067dd9558c__ep4:qa:122,0,0,1.0,1
877779cd-25f3-4293-a3c4-39067dd9558c__ep4,877779cd-25f3-4293-a3c4-39067dd9558c__ep4:qa:150,877779cd-25f3-4293-a3c4-39067dd9558c__ep4:qa:151,1,0,1.0,0
877779cd-25f3-4293-a3c4-39067dd9558c__ep4,877779cd-25f3-4293-a3c4-39067dd9558c__ep4:qa:151,877779cd-25f3-4293-a3c4-39067dd9558c__ep4:qa:152,1,0,1.0,0
877779cd-25f3-4293-a3c4-39067dd9558c__ep4,877779cd-25f3-4293-a3c4-39067dd9558c__ep4:qa:170,877779cd-25f3-4293-a3c4-39067dd9558c__ep4:qa:152,0,0,1.0,1
877779cd-25f3-4293-a3c4-39067dd9558c__ep4,877779cd-25f3-4293-a3c4-39067dd9558c__ep4:qa:171,877779cd-25f3-4293-a3c4-39067dd9558c__ep4:qa:170,0,0,1.0,1
877779cd-25f3-4293-a3c4-39067dd9558c__ep4,877779cd-25f3-4293-a3c4-39067dd9558c__ep4:qa:171,877779cd-25f3-4293-a3c4-39067dd9558c__ep4:qa:172,1,0,1.0,0
877779cd-25f3-4293-a3c4-39067dd9558c__ep4,877779cd-25f3-4293-a3c4-39067dd9558c__ep4:qa:172,877779cd-25f3-4293-a3c4-39067dd9558c__ep4:qa:200,1,0,1.0,0
877779cd-25f3-4293-a3c4-39067dd9558c__ep4,877779cd-25f3-4293-a3c4-39067dd9558c__ep4:qa:200,877779cd-25f3-4293-a3c4-39067dd9558c__ep4:qa:201,1,0,1.0,0
877779cd-25f3-4293-a3c4-39067dd9558c__ep4,877779cd-25f3-4293-a3c4-39067dd9558c__ep4:qa:202,877779cd-25f3-4293-a3c4-39067dd9558c__ep4:qa:201,0,0,1.0,1
1796b943-caad-43c6-b9bd-80b8d601f37d__ep1,1796b943-caad-43c6-b9bd-80b8d601f37d__ep1:qa:0,1796b943-caad-43c6-b9bd-80b8d601f37d__ep1:qa:1,1,0,1.0,0
1796b943-caad-43c6-b9bd-80b8d601f37d__ep1,1796b943-caad-43c6-b9bd-80b8d601f37d__ep1:qa:1,1796b943-caad-43c6-b9bd-80b8d601f37d__ep1:qa:2,1,0,1.0,0
1796b943-caad-43c6-b9bd-80b8d601f37d__ep1,1796b943-caad-43c6-b9bd-80b8d601f37d__ep1:qa:2,1796b943-caad-43c6-b9bd-80b8d601f37d__ep1:qa:10,1,0,1.0,0
1796b943-caad-43c6-b9bd-80b8d601f37d__ep1,1796b943-caad-43c6-b9bd-80b8d601f37d__ep1:qa:11,1796b943-caad-43c6-b9bd-80b8d601f37d__ep1:qa:10,0,0,1.0,1
1796b943-caad-43c6-b9bd-80b8d601f37d__ep1,1796b943-caad-43c6-b9bd-80b8d601f37d__ep1:qa:11,1796b943-caad-43c6-b9bd-80b8d601f37d__ep1:qa:12,1,0,1.0,0
1796b943-caad-43c6-b9bd-80b8d601f37d__ep1,1796b943-caad-43c6-b9bd-80b8d601f37d__ep1:qa:13,1796b943-caad-43c6-b9bd-80b8d601f37d__ep1:qa:12,0,0,1.0,1
1796b943-caad-43c6-b9bd-80b8d601f37d__ep1,1796b943-caad-43c6-b9bd-80b8d601f37d__ep1:qa:20,1796b943-caad-43c6-b9bd-80b8d601f37d__ep1:qa:13,0,0,1.0,1
1796b943-caad-43c6-b9bd-80b8d601f37d__ep1,1796b943-caad-43c6-b9bd-80b8d601f37d__ep1:qa:20,1796b943-caad-43c6-b9bd-80b8d601f37d__ep1:qa:21,1,0,1.0,0
1796b943-caad-43c6-b9bd-80b8d601f37d__ep1,1796b943-caad-43c6-b9bd-80b8d601f37d__ep1:qa:22,1796b943-caad-43c6-b9bd-80b8d601f37d__ep1:qa:21,0,0,1.0,1
1796b943-caad-43c6-b9bd-80b8d601f37d__ep1,1796b943-caad-43c6-b9bd-80b8d601f37d__ep1:qa:22,1796b943-caad-43c6-b9bd-80b8d601f37d__ep1:qa:28,1,0,1.0,0
1796b943-caad-43c6-b9bd-80b8d601f37d__ep1,1796b943-caad-43c6-b9bd-80b8d601f37d__ep1:qa:29,1796b943-caad-43c6-b9bd-80b8d601f37d__ep1:qa:28,0,0,1.0,1
1796b943-caad-43c6-b9bd-80b8d601f37d__ep1,1796b943-caad-43c6-b9bd-80b8d601f37d__ep1:qa:29,1796b943-caad-43c6-b9bd-80b8d601f37d__ep1:qa:30,1,0,1.0,0
1796b943-caad-43c6-b9bd-80b8d601f37d__ep1,1796b943-caad-43c6-b9bd-80b8d601f37d__ep1:qa:30,1796b943-caad-43c6-b9bd-80b8d601f37d__ep1:qa:40,1,0,1.0,0
1796b943-caad-43c6-b9bd-80b8d601f37d__ep1,1796b943-caad-43c6-b9bd-80b8d601f37d__ep1:qa:41,1796b943-caad-43c6-b9bd-80b8d601f37d__ep1:qa:40,0,0,1.0,1
1796b943-caad-43c6-b9bd-80b8d601f37d__ep1,1796b943-caad-43c6-b9bd-80b8d601f37d__ep1:qa:41,1796b943-caad-43c6-b9bd-80b8d601f37d__ep1:qa:42,1,0,1.0,0
1796b943-caad-43c6-b9bd-80b8d601f37d__ep1,1796b943-caad-43c6-b9bd-80b8d601f37d__ep1:qa:42,1796b943-caad-43c6-b9bd-80b8d601f37d__ep1:qa:50,1,0,1.0,0
1796b943-caad-43c6-b9bd-80b8d601f37d__ep1,1796b943-caad-43c6-b9bd-80b8d601f37d__ep1:qa:51,1796b943-caad-43c6-b9bd-80b8d601f37d__ep1:qa:50,0,0,1.0,1
1796b943-caad-43c6-b9bd-80b8d601f37d__ep1,1796b943-caad-43c6-b9bd-80b8d601f37d__ep1:qa:51,1796b943-caad-43c6-b9bd-80b8d601f37d__ep1:qa:52,1,0,1.0,0
1796b943-caad-43c6-b9bd-80b8d601f37d__ep1,1796b943-caad-43c6-b9bd-80b8d601f37d__ep1:qa:52,1796b943-caad-43c6-b9bd-80b8d601f37d__ep1:qa:70,1,0,1.0,0
1796b943-caad-43c6-b9bd-80b8d601f37d__ep1,1796b943-caad-43c6-b9bd-80b8d601f37d__ep1:qa:71,1796b943-caad-43c6-b9bd-80b8d601f37d__ep1:qa:70,0,0,1.0,1
1796b943-caad-43c6-b9bd-80b8d601f37d__ep1,1796b943-caad-43c6-b9bd-80b8d601f37d__ep1:qa:72,1796b943-caad-43c6-b9bd-80b8d601f37d__ep1:qa:71,0,0,1.0,1
1796b943-caad-43c6-b9bd-80b8d601f37d__ep1,1796b943-caad-43c6-b9bd-80b8d601f37d__ep1:qa:72,1796b943-caad-43c6-b9bd-80b8d601f37d__ep1:qa:90,1,0,1.0,0
1796b943-caad-43c6-b9bd-80b8d601f37d__ep1,1796b943-caad-43c6-b9bd-80b8d601f37d__ep1:qa:90,1796b943-caad-43c6-b9bd-80b8d601f37d__ep1:qa:91,1,0,1.0,0
1796b943-caad-43c6-b9bd-80b8d601f37d__ep1,1796b943-caad-43c6-b9bd-80b8d601f37d__ep1:qa:92,1796b943-caad-43c6-b9bd-80b8d601f37d__ep1:qa:91,0,0,1.0,1
1796b943-caad-43c6-b9bd-80b8d601f37d__ep1,1796b943-caad-43c6-b9bd-80b8d601f37d__ep1:qa:92,1796b943-caad-43c6-b9bd-80b8d601f37d__ep1:qa:100,1,0,1.0,0
1796b943-caad-43c6-b9bd-80b8d601f37d__ep1,1796b943-caad-43c6-b9bd-80b8d601f37d__ep1:qa:101,1796b943-caad-43c6-b9bd-80b8d601f37d__ep1:qa:100,0,0,1.0,1
1796b943-caad-43c6-b9bd-80b8d601f37d__ep1,1796b943-caad-43c6-b9bd-80b8d601f37d__ep1:qa:102,1796b943-caad-43c6-b9bd-80b8d601f37d__ep1:qa:101,0,0,1.0,1
1796b943-caad-43c6-b9bd-80b8d601f37d__ep1,1796b943-caad-43c6-b9bd-80b8d601f37d__ep1:qa:103,1796b943-caad-43c6-b9bd-80b8d601f37d__ep1:qa:102,0,0,1.0,1
1796b943-caad-43c6-b9bd-80b8d601f37d__ep1,1796b943-caad-43c6-b9bd-80b8d601f37d__ep1:qa:140,1796b943-caad-43c6-b9bd-80b8d601f37d__ep1:qa:103,0,0,1.0,1
1796b943-caad-43c6-b9bd-80b8d601f37d__ep1,1796b943-caad-43c6-b9bd-80b8d601f37d__ep1:qa:140,1796b943-caad-43c6-b9bd-80b8d601f37d__ep1:qa:141,1,0,1.0,0
1796b943-caad-43c6-b9bd-80b8d601f37d__ep1,1796b943-caad-43c6-b9bd-80b8d601f37d__ep1:qa:141,1796b943-caad-43c6-b9bd-80b8d601f37d__ep1:qa:142,1,0,1.0,0
ba18b7c1-21ff-45da-8452-41acce7fc8de__ep2,ba18b7c1-21ff-45da-8452-41acce7fc8de__ep2:qa:1,ba18b7c1-21ff-45da-8452-41acce7fc8de__ep2:qa:0,0,0,1.0,1
ba18b7c1-21ff-45da-8452-41acce7fc8de__ep2,ba18b7c1-21ff-45da-8452-41acce7fc8de__ep2:qa:2,ba18b7c1-21ff-45da-8452-41acce7fc8de__ep2:qa:1,0,0,1.0,1
ba18b7c1-21ff-45da-8452-41acce7fc8de__ep2,ba18b7c1-21ff-45da-8452-41acce7fc8de__ep2:qa:2,ba18b7c1-21ff-45da-8452-41acce7fc8de__ep2:qa:3,1,0,1.0,0
ba18b7c1-21ff-45da-8452-41acce7fc8de__ep2,ba18b7c1-21ff-45da-8452-41acce7fc8de__ep2:qa:4,ba18b7c1-21ff-45da-8452-41acce7fc8de__ep2:qa:3,0,0,1.0,1
ba18b7c1-21ff-45da-8452-41acce7fc8de__ep2,ba18b7c1-21ff-45da-8452-41acce7fc8de__ep2:qa:40,ba18b7c1-21ff-45da-8452-41acce7fc8de__ep2:qa:4,0,0,1.0,1
ba18b7c1-21ff-45da-8452-41acce7fc8de__ep2,ba18b7c1-21ff-45da-8452-41acce7fc8de__ep2:qa:41,ba18b7c1-21ff-45da-8452-41acce7fc8de__ep2:qa:40,0,0,1.0,1
ba18b7c1-21ff-45da-8452-41acce7fc8de__ep2,ba18b7c1-21ff-45da-8452-41acce7fc8de__ep2:qa:41,ba18b7c1-21ff-45da-8452-41acce7fc8de__ep2:qa:42,1,0,1.0,0
ba18b7c1-21ff-45da-8452-41acce7fc8de__ep2,ba18b7c1-21ff-45da-8452-41acce7fc8de__ep2:qa:42,ba18b7c1-21ff-45da-8452-41acce7fc8de__ep2:qa:43,1,0,1.0,0
ba18b7c1-21ff-45da-8452-41acce7fc8de__ep2,ba18b7c1-21ff-45da-8452-41acce7fc8de__ep2:qa:43,ba18b7c1-21ff-45da-8452-41acce7fc8de__ep2:qa:44,1,0,1.0,0
ba18b7c1-21ff-45da-8452-41acce7fc8de__ep2,ba18b7c1-21ff-45da-8452-41acce7fc8de__ep2:qa:44,ba18b7c1-21ff-45da-8452-41acce7fc8de__ep2:qa:60,1,0,1.0,0
ba18b7c1-21ff-45da-8452-41acce7fc8de__ep2,ba18b7c1-21ff-45da-8452-41acce7fc8de__ep2:qa:60,ba18b7c1-21ff-45da-8452-41acce7fc8de__ep2:qa:61,1,0,1.0,0
ba18b7c1-21ff-45da-8452-41acce7fc8de__ep2,ba18b7c1-21ff-45da-8452-41acce7fc8de__ep2:qa:62,ba18b7c1-21ff-45da-8452-41acce7fc8de__ep2:qa:61,0,0,1.0,1
ba18b7c1-21ff-45da-8452-41acce7fc8de__ep2,ba18b7c1-21ff-45da-8452-41acce7fc8de__ep2:qa:62,ba18b7c1-21ff-45da-8452-41acce7fc8de__ep2:qa:63,1,0,1.0,0
ba18b7c1-21ff-45da-8452-41acce7fc8de__ep2,ba18b7c1-21ff-45da-8452-41acce7fc8de__ep2:qa:63,ba18b7c1-21ff-45da-8452-41acce7fc8de__ep2:qa:90,1,0,1.0,0
ba18b7c1-21ff-45da-8452-41acce7fc8de__ep2,ba18b7c1-21ff-45da-8452-41acce7fc8de__ep2:qa:91,ba18b7c1-21ff-45da-8452-41acce7fc8de__ep2:qa:90,0,0,1.0,1
ba18b7c1-21ff-45da-8452-41acce7fc8de__ep2,ba18b7c1-21ff-45da-8452-41acce7fc8de__ep2:qa:91,ba18b7c1-21ff-45da-8452-41acce7fc8de__ep2:qa:92,1,0,1.0,0
ba18b7c1-21ff-45da-8452-41acce7fc8de__ep2,ba18b7c1-21ff-45da-8452-41acce7fc8de__ep2:qa:93,ba18b7c1-21ff-45da-8452-41acce7fc8de__ep2:qa:92,0,0,1.0,1
ba18b7c1-21ff-45da-8452-41acce7fc8de__ep2,ba18b7c1-21ff-45da-8452-41acce7fc8de__ep2:qa:94,ba18b7c1-21ff-45da-8452-41acce7fc8de__ep2:qa:93,0,0,1.0,1
ba18b7c1-21ff-45da-8452-41acce7fc8de__ep2,ba18b7c1-21ff-45da-8452-41acce7fc8de__ep2:qa:146,ba18b7c1-21ff-45da-8452-41acce7fc8de__ep2:qa:94,0,0,1.0,1
ba18b7c1-21ff-45da-8452-41acce7fc8de__ep2,ba18b7c1-21ff-45da-8452-41acce7fc8de__ep2:qa:146,ba18b7c1-21ff-45da-8452-41acce7fc8de__ep2:qa:147,1,0,1.0,0
ba18b7c1-21ff-45da-8452-41acce7fc8de__ep2,ba18b7c1-21ff-45da-8452-41acce7fc8de__ep2:qa:148,ba18b7c1-21ff-45da-8452-41acce7fc8de__ep2:qa:147,0,0,1.0,1
ba18b7c1-21ff-45da-8452-41acce7fc8de__ep2,ba18b7c1-21ff-45da-8452-41acce7fc8de__ep2:qa:148,ba18b7c1-21ff-45da-8452-41acce7fc8de__ep2:qa:149,1,0,1.0,0
ba18b7c1-21ff-45da-8452-41acce7fc8de__ep2,ba18b7c1-21ff-45da-8452-41acce7fc8de__ep2:qa:149,ba18b7c1-21ff-45da-8452-41acce7fc8de__ep2:qa:170,1,0,1.0,0
ba18b7c1-21ff-45da-8452-41acce7fc8de__ep2,ba18b7c1-21ff-45da-8452-41acce7fc8de__ep2:qa:171,ba18b7c1-21ff-45da-8452-41acce7fc8de__ep2:qa:170,0,0,1.0,1
ba18b7c1-21ff-45da-8452-41acce7fc8de__ep2,ba18b7c1-21ff-45da-8452-41acce7fc8de__ep2:qa:171,ba18b7c1-21ff-45da-8452-41acce7fc8de__ep2:qa:172,1,0,1.0,0
ba18b7c1-21ff-45da-8452-41acce7fc8de__ep2,ba18b7c1-21ff-45da-8452-41acce7fc8de__ep2:qa:172,ba18b7c1-21ff-45da-8452-41acce7fc8de__ep2:qa:173,1,0,1.0,0
ba18b7c1-21ff-45da-8452-41acce7fc8de__ep2,ba18b7c1-21ff-45da-8452-41acce7fc8de__ep2:qa:174,ba18b7c1-21ff-45da-8452-41acce7fc8de__ep2:qa:173,0,0,1.0,1
ba18b7c1-21ff-45da-8452-41acce7fc8de__ep2,ba18b7c1-21ff-45da-8452-41acce7fc8de__ep2:qa:174,ba18b7c1-21ff-45da-8452-41acce7fc8de__ep2:qa:240,1,0,1.0,0
ba18b7c1-21ff-45da-8452-41acce7fc8de__ep2,ba18b7c1-21ff-45da-8452-41acce7fc8de__ep2:qa:240,ba18b7c1-21ff-45da-8452-41acce7fc8de__ep2:qa:241,1,0,1.0,0
ba18b7c1-21ff-45da-8452-41acce7fc8de__ep2,ba18b7c1-21ff-45da-8452-41acce7fc8de__ep2:qa:242,ba18b7c1-21ff-45da-8452-41acce7fc8de__ep2:qa:241,0,0,1.0,1
ba18b7c1-21ff-45da-8452-41acce7fc8de__ep2,ba18b7c1-21ff-45da-8452-41acce7fc8de__ep2:qa:242,ba18b7c1-21ff-45da-8452-41acce7fc8de__ep2:qa:243,1,0,1.0,0
b6579cb5-0a71-4ca6-8808-1e2700be05c7__ep3,b6579cb5-0a71-4ca6-8808-1e2700be05c7__ep3:qa:0,b6579cb5-0a71-4ca6-8808-1e2700be05c7__ep3:qa:1,1,0,1.0,0
b6579cb5-0a71-4ca6-8808-1e2700be05c7__ep3,b6579cb5-0a71-4ca6-8808-1e2700be05c7__ep3:qa:14,b6579cb5-0a71-4ca6-8808-1e2700be05c7__ep3:qa:1,0,0,1.0,1
b6579cb5-0a71-4ca6-8808-1e2700be05c7__ep3,b6579cb5-0a71-4ca6-8808-1e2700be05c7__ep3:qa:14,b6579cb5-0a71-4ca6-8808-1e2700be05c7__ep3:qa:15,1,0,1.0,0
b6579cb5-0a71-4ca6-8808-1e2700be05c7__ep3,b6579cb5-0a71-4ca6-8808-1e2700be05c7__ep3:qa:15,b6579cb5-0a71-4ca6-8808-1e2700be05c7__ep3:qa:50,1,0,1.0,0
b6579cb5-0a71-4ca6-8808-1e2700be05c7__ep3,b6579cb5-0a71-4ca6-8808-1e2700be05c7__ep3:qa:100,b6579cb5-0a71-4ca6-8808-1e2700be05c7__ep3:qa:50,0,0,1.0,1
b6579cb5-0a71-4ca6-8808-1e2700be05c7__ep3,b6579cb5-0a71-4ca6-8808-1e2700be05c7__ep3:qa:100,b6579cb5-0a71-4ca6-8808-1e2700be05c7__ep3:qa:101,1,0,1.0,0
b6579cb5-0a71-4ca6-8808-1e2700be05c7__ep3,b6579cb5-0a71-4ca6-8808-1e2700be05c7__ep3:qa:120,b6579cb5-0a71-4ca6-8808-1e2700be05c7__ep3:qa:101,0,0,1.0,1
b6579cb5-0a71-4ca6-8808-1e2700be05c7__ep3,b6579cb5-0a71-4ca6-8808-1e2700be05c7__ep3:qa:121,b6579cb5-0a71-4ca6-8808-1e2700be05c7__ep3:qa:120,0,0,1.0,1
b6579cb5-0a71-4ca6-8808-1e2700be05c7__ep3,b6579cb5-0a71-4ca6-8808-1e2700be05c7__ep3:qa:128,b6579cb5-0a71-4ca6-8808-1e2700be05c7__ep3:qa:121,0,0,1.0,1
b6579cb5-0a71-4ca6-8808-1e2700be05c7__ep3,b6579cb5-0a71-4ca6-8808-1e2700be05c7__ep3:qa:128,b6579cb5-0a71-4ca6-8808-1e2700be05c7__ep3:qa:129,1,0,1.0,0
b6579cb5-0a71-4ca6-8808-1e2700be05c7__ep3,b6579cb5-0a71-4ca6-8808-1e2700be05c7__ep3:qa:129,b6579cb5-0a71-4ca6-8808-1e2700be05c7__ep3:qa:150,1,0,1.0,0
b6579cb5-0a71-4ca6-8808-1e2700be05c7__ep3,b6579cb5-0a71-4ca6-8808-1e2700be05c7__ep3:qa:164,b6579cb5-0a71-4ca6-8808-1e2700be05c7__ep3:qa:150,0,0,1.0,1
b6579cb5-0a71-4ca6-8808-1e2700be05c7__ep3,b6579cb5-0a71-4ca6-8808-1e2700be05c7__ep3:qa:180,b6579cb5-0a71-4ca6-8808-1e2700be05c7__ep3:qa:164,0,0,1.0,1
b6579cb5-0a71-4ca6-8808-1e2700be05c7__ep3,b6579cb5-0a71-4ca6-8808-1e2700be05c7__ep3:qa:180,b6579cb5-0a71-4ca6-8808-1e2700be05c7__ep3:qa:181,1,0,1.0,0
b6579cb5-0a71-4ca6-8808-1e2700be05c7__ep3,b6579cb5-0a71-4ca6-8808-1e2700be05c7__ep3:qa:181,b6579cb5-0a71-4ca6-8808-1e2700be05c7__ep3:qa:200,1,0,1.0,0
b6579cb5-0a71-4ca6-8808-1e2700be05c7__ep3,b6579cb5-0a71-4ca6-8808-1e2700be05c7__ep3:qa:200,b6579cb5-0a71-4ca6-8808-1e2700be05c7__ep3:qa:201,1,0,1.0,0
b6579cb5-0a71-4ca6-8808-1e2700be05c7__ep3,b6579cb5-0a71-4ca6-8808-1e2700be05c7__ep3:qa:201,b6579cb5-0a71-4ca6-8808-1e2700be05c7__ep3:qa:212,1,0,1.0,0
b6579cb5-0a71-4ca6-8808-1e2700be05c7__ep3,b6579cb5-0a71-4ca6-8808-1e2700be05c7__ep3:qa:212,b6579cb5-0a71-4ca6-8808-1e2700be05c7__ep3:qa:213,1,0,1.0,0
b6579cb5-0a71-4ca6-8808-1e2700be05c7__ep3,b6579cb5-0a71-4ca6-8808-1e2700be05c7__ep3:qa:220,b6579cb5-0a71-4ca6-8808-1e2700be05c7__ep3:qa:213,0,0,1.0,1
b6579cb5-0a71-4ca6-8808-1e2700be05c7__ep3,b6579cb5-0a71-4ca6-8808-1e2700be05c7__ep3:qa:221,b6579cb5-0a71-4ca6-8808-1e2700be05c7__ep3:qa:220,0,0,1.0,1
b6579cb5-0a71-4ca6-8808-1e2700be05c7__ep3,b6579cb5-0a71-4ca6-8808-1e2700be05c7__ep3:qa:221,b6579cb5-0a71-4ca6-8808-1e2700be05c7__ep3:qa:232,1,0,1.0,0
b6579cb5-0a71-4ca6-8808-1e2700be05c7__ep3,b6579cb5-0a71-4ca6-8808-1e2700be05c7__ep3:qa:232,b6579cb5-0a71-4ca6-8808-1e2700be05c7__ep3:qa:233,1,0,1.0,0
b6579cb5-0a71-4ca6-8808-1e2700be05c7__ep3,b6579cb5-0a71-4ca6-8808-1e2700be05c7__ep3:qa:233,b6579cb5-0a71-4ca6-8808-1e2700be05c7__ep3:qa:240,1,0,1.0,0
b6579cb5-0a71-4ca6-8808-1e2700be05c7__ep3,b6579cb5-0a71-4ca6-8808-1e2700be05c7__ep3:qa:240,b6579cb5-0a71-4ca6-8808-1e2700be05c7__ep3:qa:244,1,0,1.0,0
b6579cb5-0a71-4ca6-8808-1e2700be05c7__ep3,b6579cb5-0a71-4ca6-8808-1e2700be05c7__ep3:qa:244,b6579cb5-0a71-4ca6-8808-1e2700be05c7__ep3:qa:245,1,0,1.0,0
b6579cb5-0a71-4ca6-8808-1e2700be05c7__ep3,b6579cb5-0a71-4ca6-8808-1e2700be05c7__ep3:qa:250,b6579cb5-0a71-4ca6-8808-1e2700be05c7__ep3:qa:245,0,0,1.0,1
b6579cb5-0a71-4ca6-8808-1e2700be05c7__ep3,b6579cb5-0a71-4ca6-8808-1e2700be05c7__ep3:qa:250,b6579cb5-0a71-4ca6-8808-1e2700be05c7__ep3:qa:251,1,0,1.0,0
b6579cb5-0a71-4ca6-8808-1e2700be05c7__ep3,b6579cb5-0a71-4ca6-8808-1e2700be05c7__ep3:qa:251,b6579cb5-0a71-4ca6-8808-1e2700be05c7__ep3:qa:256,1,0,1.0,0
b6579cb5-0a71-4ca6-8808-1e2700be05c7__ep3,b6579cb5-0a71-4ca6-8808-1e2700be05c7__ep3:qa:257,b6579cb5-0a71-4ca6-8808-1e2700be05c7__ep3:qa:256,0,0,1.0,1
b6579cb5-0a71-4ca6-8808-1e2700be05c7__ep3,b6579cb5-0a71-4ca6-8808-1e2700be05c7__ep3:qa:264,b6579cb5-0a71-4ca6-8808-1e2700be05c7__ep3:qa:257,0,0,1.0,1
b6579cb5-0a71-4ca6-8808-1e2700be05c7__ep3,b6579cb5-0a71-4ca6-8808-1e2700be05c7__ep3:qa:265,b6579cb5-0a71-4ca6-8808-1e2700be05c7__ep3:qa:264,0,0,1.0,1
